#ACHTUNG! FŸr eine neue DB mŸssen alle DROP TABLES entfernt werden
----------------------------------------------------------------
-- Tabelle Preis
-----------------------------------------------------------------
DROP TABLE preis;
CREATE TABLE preis
("P_NR" NUMBER(2) NOT NULL, "P_TN1" NUMBER(6, 2) NOT NULL,
"P_TN2" NUMBER(6, 2) NOT NULL, "P_TN3" NUMBER(6, 2) NOT NULL,
"P_TN4" NUMBER(6, 2) NOT NULL, "P_TN5" NUMBER(6, 2) NOT NULL,
 PRIMARY KEY("P_NR"), 
 CHECK(P_TN1>P_TN2),
 CHECK(P_TN2>P_TN3),
 CHECK(P_TN3>P_TN4), 
 CHECK(P_TN4>P_TN5))  
 TABLESPACE "STUDENTEN";
-----------------------------------------------------------------
--
-- Daten Tabelle Preis
--
INSERT INTO preis VALUES (1, 230.00, 219.00, 208.00, 198.00, 188.00);
INSERT INTO preis VALUES (2, 350.00, 333.00, 316.00, 300.00, 285.00);
INSERT INTO preis VALUES (3, 385.00, 366.00, 348.00, 331.00, 314.00);
INSERT INTO preis VALUES (4, 400.00, 380.00, 361.00, 343.00, 326.00);
INSERT INTO preis VALUES (5, 410.00, 390.00, 371.00, 352.00, 334.00);
INSERT INTO preis VALUES (6, 485.00, 461.00, 438.00, 416.00, 395.00);
INSERT INTO preis VALUES (7, 540.00, 513.00, 487.00, 463.00, 440.00);
INSERT INTO preis VALUES (8, 550.00, 523.00, 497.00, 472.00, 448.00);
INSERT INTO preis VALUES (9, 580.00, 551.00, 523.00, 497.00, 472.00);
INSERT INTO preis VALUES (10, 600.00, 570.00, 542.00, 515.00, 489.00);
INSERT INTO preis VALUES (11, 615.00, 584.00, 555.00, 527.00, 501.00);
INSERT INTO preis VALUES (12, 650.00, 618.00, 587.00, 558.00, 530.00);
INSERT INTO preis VALUES (13, 705.00, 670.00, 637.00, 605.00, 575.00);
INSERT INTO preis VALUES (14, 750.00, 713.00, 677.00, 643.00, 611.00);
INSERT INTO preis VALUES (15, 775.00, 736.00, 699.00, 664.00, 631.00);
INSERT INTO preis VALUES (16, 800.00, 760.00, 722.00, 686.00, 652.00);
INSERT INTO preis VALUES (17, 850.00, 808.00, 768.00, 730.00, 694.00);
INSERT INTO preis VALUES (18, 870.00, 827.00, 786.00, 747.00, 710.00);
INSERT INTO preis VALUES (19, 900.00, 855.00, 812.00, 771.00, 732.00);
INSERT INTO preis VALUES (20, 910.00, 865.00, 822.00, 781.00, 742.00);
INSERT INTO preis VALUES (21, 920.00, 874.00, 830.00, 789.00, 750.00);
INSERT INTO preis VALUES (22, 950.00, 903.00, 858.00, 815.00, 774.00);
INSERT INTO preis VALUES (23, 975.00, 926.00, 880.00, 836.00, 794.00);
INSERT INTO preis VALUES (24, 1000.00, 950.00, 903.00, 858.00, 815.00);
INSERT INTO preis VALUES (25, 1020.00, 969.00, 921.00, 875.00, 831.00);
INSERT INTO preis VALUES (26, 1025.00, 974.00, 925.00, 879.00, 835.00);
INSERT INTO preis VALUES (27, 1050.00, 998.00, 948.00, 901.00, 856.00);
INSERT INTO preis VALUES (28, 1175.00, 1116.00, 1060.00, 1007.00, 957.00);
INSERT INTO preis VALUES (29, 1430.00, 1359.00, 1291.00, 1226.00, 1165.00);
--
-- Tabelle Kurs
--
DROP TABLE kurs;
CREATE TABLE kurs
("K_NR" NUMBER(7) NOT NULL,
 "K_BEREICH"   VARCHAR2(30) NOT NULL,
 "K_TITEL" VARCHAR2(30) NOT NULL, 
 "K_UNTERTITEL" VARCHAR2(40) NOT NULL,
 "K_DAUER" NUMBER(1) NOT NULL, 
 "P_NR" NUMBER(2) NOT NULL,
 "K_VORKENNTNISSE" VARCHAR2(150) NOT NULL,
 "K_ZIELGRUPPE" VARCHAR2(50) NOT NULL,
 "K_THEMEN" VARCHAR2(600) NOT NULL,
  PRIMARY KEY("K_NR"),
  FOREIGN KEY("P_NR")
    REFERENCES preis("P_NR"),   
    CHECK(K_Dauer>0))  
    TABLESPACE "STUDENTEN";
-----------------------------------------------------------------
-- Daten Tabelle Kurs
--
INSERT INTO kurs VALUES (1010077, 'Grafik', '3D Studio', '3D-Modelling', 4, 27, 'Grundlagen in Windows', 'Webpublisher, Grafiker', 'A. Elememente und Werkzeuge B. Verwaltung der Dateiformate und Grundlagen C. Objekte D.Modellieren E. Perspektiven F. Materialien und Annimationen ');
INSERT INTO kurs VALUES (1040069, 'Programmierung(Office)', 'Access', 'VBA-Kochrezepte', 4, 28, 'Access-Grundlagen', 'Anwender, Entwickler', 'A.Stringfunktionen B.Numerikfunktionen C. Datums und Zeitfunktionen D. Dateien und Verzeichnisse E.Internet und Netzwerkfuntionen F.Systemfunktionen ');
INSERT INTO kurs VALUES (1025017, 'Datenbanken', 'Access', 'Datenbankbenutzung', 2, 3, 'Grundlagen in Windows', 'DB-Administratoren, DB-Entwickler', 'A. Einführung B. Datenbank erstellen C. Arbeiten mit Daten D. Beziehungen zwischen Tabellen E. Abfragen F. Berichte');
INSERT INTO kurs VALUES (1025018, 'Datenbanken', 'Access', 'Analyse + Kontrolle', 2, 3, 'Access-Grundlagen', 'DB-Administratoren, DB-Entwickler', 'A. Funktionen/Abfragen B. Datenanalyse C. Formulare D. Berichte E. Makros F. Internet und Datenzugriff G. Netzwerk');
INSERT INTO kurs VALUES (1025019, 'Datenbanken', 'Access', 'VBA-Programmierung', 3, 18, 'Access-Grundlagen', 'DB-Administratoren, DB-Entwickler', 'A. Einführung B. Module in Access C. Die Entwicklungsumgebung D. Ereignisgesteuerte Programmierung E. Grundlegende Sprachelemente F. Erweiterte Sprachelemente G. Objekte in Access H. Zugriff auf Formulare und Berichte I. Datenzugriff mit VBA J. Benutzeroberfläche K. API-Aufrufe/Registrierung');
INSERT INTO kurs VALUES (1025080, 'Office', 'Acrobat', 'Satztechnik', 2, 5, 'Grundlagen in Windows', 'Anwender, Entwickler', 'A. Grundlagen B. Navigation in Acrobat und Drucken und Web D. Der Distiller und PDF- Format E. Formulare erstellen F. Sicherheitseinstellungen G. Präsentationen mit Acrobat ');
INSERT INTO kurs VALUES (1015040, 'Programmierung', 'ActionScript', 'Syntax + Konzepte', 3, 19, 'Grundlagen in Flash', 'Webpublisher, Grafiker', 'A. Einführung B. Arbeitsobjekte C. Programmierumgebung D. Datenverarbeitung E. Operatoren und Zahlverarbeitung F. Kontrollstrukturen G. Arrays H. Funktionen I. Objekte und Klassen J. Programmierbare Objekte K. Externe Daten L. Praxisbeispiele ');
INSERT INTO kurs VALUES (1015042, 'Programmierung', 'ActionScript', 'PHP + MySQL', 3, 19, 'Flash-Kenntnisse, ActionScript-Grundlagen, PHP-Grundlagen', 'Webpublisher, Grafiker', 'A. Einführung B. Kommunikation mit PHP C. XML-Dokumente einbinden D. Generator-Objekte E. Dynamik in Spielen F. Spielkonzepte G. E-Commerce');
INSERT INTO kurs VALUES (1030108, 'Server', 'ActiveDirectory', 'Konfiguration', 3, 28, 'Netzwerkkenntnisse von Vorteil', 'Administratoren, Entwickler', 'A. Einführung in das Active Directory B. Theoretische Grundlagen C. Active Directory und Domänen D. Sicherheit im Active Directory E. Planung und Migration F. Standorte');
INSERT INTO kurs VALUES (1030050, 'Server', 'Apache 2', 'DB-Administration', 3, 20, 'Grundlagen in Windows', 'Administratoren', 'A. Einführung B. Apache einrichten und konfigurieren C. Apache- Konfiguration D. Grafische Konfiguration per Webmin E. Webapplikationen mit Apache F. Dynamische Webseiten G. Webdatenbanken H. System und Dienste optimal konfigurieren I. Apache sicher betreiben J. Monitoring, Überwachung, Datensicherheit');
INSERT INTO kurs VALUES (1015098, 'Programmierung', 'ASP', 'XML-Konzepte', 3, 23, 'Grundlegende ASP und HTML', 'Programmierer, Entwickler', 'A. Einführung B. XML-Konzepte C. DOM D. XPATH E. XSLT F. ASP und XML');
INSERT INTO kurs VALUES (1015041, 'Programmierung', 'ASP.NET', 'Syntax + Konzepte', 2, 16, 'Windows Grundlagen, Word Grundlagen', 'Programmierer, Entwickler', 'A. Einführung in .NET B. Einführung in die Webserverprogrammmierung C. Einführung in ASP.NET D. Programmierung von Web Forms E. Datenbankprogrammierung mit ADO.NET F. Einführung in Web-Services ');
INSERT INTO kurs VALUES (1015092, 'Programmierung', 'ASP.NET', 'Webservices und XML', 3, 19, 'Grundlegende ASP und HTML/XML-Kenntnisse', 'Programmierer, Entwickler', 'A. Einführung B. XML Web Services mit ASP.NET C. Einsatztechniken D. Sicherheit');
INSERT INTO kurs VALUES (1010078, 'Grafik', 'AutoCAD', 'CAD-Technik', 4, 27, 'Grundlagen in Windows', 'Anwender, Grafiker', 'A. Elememente und Werkzeuge B. Arbeitstechniken C. Raster, Linien, Bemaßung D. Dateiformate E. Dreidimensionale Darstellung F. Anpassungen mit VBA und LISP ');
INSERT INTO kurs VALUES (1015033, 'Programmierung', 'C sharp', 'Syntax + Konzepte', 3, 25, 'Web-Grundkenntnisse, HTML-Kenntnisse, Programmierkenntnisse sind nützlich, aber nicht Pflicht.', 'Programmierer, Entwickler', 'A. Einführung B. Syntax C. Objektorientierte Programmierung D. Entwicklung von Software auf Komponentenbasis E. Programmierung grafischer Benutzeroberflächen mit Windows Forms Programmierung von Webanwendungen ');
INSERT INTO kurs VALUES (1015027, 'Programmierung', 'C++', 'Syntax + Konzepte', 4, 28, 'Grundlagen in Windows', 'Programmierer, Entwickler', 'A. Einführung B. Grundlegende Syntax C. Programm-Steuerung D. Klassen E. Funktionen F. Speicherverwaltung G. Vererbung und Polymorphie H. Templates I. Arrays');
INSERT INTO kurs VALUES (1015028, 'Programmierung', 'C++', 'MFC (Windows-Programmierung)', 4, 28, 'Grundlagen in C++', 'Programmierer, Entwickler', 'A. Einführung B. Programmierkonzepte C. Grafikausgabe und Drucken D. Dialogfeldprogrammierung E. COM, OLE und ActiveX F. Datenbank-Programmierung ');
INSERT INTO kurs VALUES (1015029, 'Programmierung', 'C++', 'Multithreading', 2, 11, 'Grundlagen in C++', 'Programmierer, Entwickler', 'A. Einführung B. Programmierkonzepte C. Thread-Spezifika D. GUI-Threads E. Weiterführende Programmierung');
INSERT INTO kurs VALUES (1015032, 'Programmierung', 'C++', 'COM/ATL', 4, 29, 'Grundlagen in C++', 'Programmierer, Entwickler', 'A. Grundlagen von COM B. Verwendung von COM-Objekten C. Aufbau eines COM-Objekts D. Automatisierung E. Weiteführende COM-Techniken F. Anwendungen von COM');
INSERT INTO kurs VALUES (1010084, 'Grafik', 'Cinema 4D SE', '3D-Modelling', 3, 15, 'Grundlagen in Windows', 'Webpublisher, Grafiker', 'A. Einführung in das 3D-Design B. Arbeitshilfen C. Objekte editieren D. Objekte textuieren E. Animationen erzeugen F. Szenen und Filme berechnen lassen');
INSERT INTO kurs VALUES (1015085, 'Programmierung', 'Delphi', 'Syntax + Konzepte', 3, 21, 'Grundlagen in Windows', 'Programmierer, Entwickler', 'A. Einführung B. Anweisungen C. Strukturierte Speichermöglichkeiten D. Operatoren E. Fehlerbehandlung F. Komponenten');
INSERT INTO kurs VALUES (1015086, 'Programmierung', 'Delphi', 'Datenbankprogrammierung', 3, 21, 'Grundlagen in Delphi, SQL-Kenntnisse vorteilhaft', 'Programmierer, Entwickler', 'A. Einführung B. BDE C. TTable, Abfrage-Konzepte D. Abfragen stellen und auswerten E. MyBase F. Datensteuerung G. Datenanalyse H. Quick Report F. Interbase H. db-Express I. Multi-Tier-Anwendungen J. ADO und Access');
INSERT INTO kurs VALUES (1015087, 'Programmierung', 'Delphi', 'Anwendungsentwicklung', 4, 29, 'Grundlagen in Delphi oder einer anderen Programmiersprache', 'Programmierer, Entwickler', 'A. Einführung B. ObjectPascal C. Komponenten D. Diagramme E. Einsatz mit Win32 F. System G. Dialoge H. Datenbanken F. Komponentenentwicklung H. Socket-Komponenten I. Klassen J. Multi-Threading');
INSERT INTO kurs VALUES (1015088, 'Programmierung', 'Delphi', 'Programmierbeispiele', 4, 29, 'Gute Delphi-Kenntnisse, SQL-Kenntnisse vorteilhaft', 'Programmierer, Entwickler', 'A. Einführung B. ObjectPascal C. Visual Component Library D. Weitere Strukturen E. Selbstständige Delphi-Anwendung F. Komponentenentwicklung G. Datenbankanwendungen H. Kooperative Delphi-Anwendung');
INSERT INTO kurs VALUES (1010079, 'Grafik', 'Director', 'Authoring', 4, 27, 'Grundlagen in Windows, evtl. Animation', 'Programmierer, Entwickler', 'A. Grundlagen B. Lingo D. Multimedia E. SeitenlayoutsDirector und Datenbanken F. Shockwave G. Xtra- Essentials und Projektorganisation ');
INSERT INTO kurs VALUES (1010095, 'Grafik', 'Director', 'Lingo', 3, 19, 'Grundlegende Director-Kenntnisse', 'Webpublisher, Grafiker', 'A. Einführung B. Mausklicks C. Lingo-Strukturen D. Positionierungen E. Buttons F. Navigation');
INSERT INTO kurs VALUES (1020053, 'Webdesign', 'Dreamweaver', 'Webdesign', 3, 13, 'Grundlagen in Windows', 'Webpublisher, Grafiker', 'A. Einführung B. Allgemeine Dateiangaben C. Grundgerüst einer Seite D. Farben und Hintergrund  E. Absatztypen und Textgestaltung F. Tabellen G. Grafik in HTML H. Frames I. Verweise - Hyperlinks J. Formulare K. Layer L. CSS Style-Sheets');
INSERT INTO kurs VALUES (1020055, 'Webdesign', 'Dreamweaver', 'E-Commerce / Ultra Dev', 3, 17, 'Grundlagen Dreamweaver, HTML', 'Webpublisher, Grafiker', 'A. Einführung B. DB-Anbindung konfigurieren C. Dynamische Daten D. Ergebnisseiten mit mehreren Datensätzen E. Einfügeseiten F. Aktualisierungsseiten G. Suchseiten mit SQL-Variablen H. Seitenzugriffe I. Serververhalten ');
INSERT INTO kurs VALUES (1020059, 'Webdesign', 'Dreamweaver', 'DHTML-Erweiterungen', 3, 22, 'Grundlagen Dreamweaver, HTML', 'Webpublisher, Grafiker', 'A. Umfangreicher CSS-Einsatz B. Drop-Down-Menü C. Flyout-Menü D. CSS für Navigationsbilder E. Klickbare Registerkarten F. Klappbares Ebenen-Menü G. Navigation mit Baumstruktur H. Rollbare Ebene I. Getrennte Rollover');
INSERT INTO kurs VALUES (1040016, 'Programmierung(Office)', 'Excel', 'VBA-Programmierung', 3, 18, 'Excel-Grundlagen', 'Programmierer, Entwickler', 'A. Einführung B. Module in Excel C. Die Entwicklungsumgebung D. Ereignisgesteuerte Programmierung E. Grundlegende Sprachelemente F. Erweiterte Sprachelemente G. Objektorientierte Elemente H. Spezielle Excel- Programmiertechniken I. Benutzeroberfläche J. Erstellen einer Excel- Anwendung');
INSERT INTO kurs VALUES (1040070, 'Programmierung(Office)', 'Excel', 'VBA-Kochrezepte', 4, 28, 'Excel-Grundlagen', 'Programmierer, Entwickler', 'A. Grundlagen B. Fehler C. Intern D. Funktionen E. Farben F. Datum und Zeit G. Diagramme H. Objekte I. UserForm ');
INSERT INTO kurs VALUES (1025014, 'Office', 'Excel', 'Datenverabeitung', 2, 3, 'Grundlagen in Windows', 'Anwender, Entwickler', 'A. Formatvorlagen B. Makro C. Automatisierung  D. Diagramme E. Statistische Funktionen F. Formeln und Funktionen ');
INSERT INTO kurs VALUES (1025015, 'Office', 'Excel', 'Datenanalyse', 2, 3, 'Grundlagen in Excel', 'Anwender, Entwickler', 'A. Einführung  B. Daten- / Texteingabe C. Format D. Diagramme E. Grafiken F. Drucken ');
INSERT INTO kurs VALUES (1025081, 'Office', 'Excel', 'Statistik + Prognose', 3, 21, 'Grundlagen in Excel', 'Anwender, Entwickler', 'A. Grundlagen B. Statische Maßzahlen C. Zeitreihenanalyse und Trend D. Regressionesanalyse E. Korrelationsanalyse F. Statistisches Testen ');
INSERT INTO kurs VALUES (1025082, 'Office', 'Excel', 'Kostenrechnung', 3, 21, 'Grundlagen in Excel', 'Management, Vertrieb', 'A. Grundlagen B. Analyse und Darstellung der Kosten C. Kostenartenrechnung D. Kostenstellenrechnung E. Kostenträgerrechnung F. Methoden der Kostenrechnung');
INSERT INTO kurs VALUES (1025083, 'Office', 'Excel', 'Controlling', 3, 21, 'Grundlagen in Excel', 'Management, Vertrieb', 'A. Grundlagen B. Daten zusammenstellen und auswerten C. Trendberechnungen D. Kostenrechnerische Analysen E. Abschreibungen berechnen F. Kreditberechnung G. Investitionsrechnung');
INSERT INTO kurs VALUES (1010004, 'Grafik', 'Fireworks', 'Webgrafik + Menüs', 2, 6, 'HTML, Kenntnisse eines Webdesign-Programms', 'Webpublisher, Grafiker', 'A. Einführung B. Objekte zeichnen und bearbeiten C. Ebenen D. Füllungen E. Farben F. Effekte G. Hintergründe H. Text I. Objekte ändern  . J. Banner K. Buttons L. Internet');
INSERT INTO kurs VALUES (1010006, 'Grafik', 'Flash', 'Animation', 4, 27, 'HTML, Kenntnisse eines Webdesign-Programms', 'Webpublisher, Grafiker', 'A. Einführung B. Objekte C. Text D. Animation E. Import F. Interaktion G. Spezialformate H. Grundlagen Action Script I. Export ');
INSERT INTO kurs VALUES (1010008, 'Grafik', 'Freehand', 'Grafikerstellung', 2, 6, 'Grundlagen in Windows, evtl. Bildbearbeitung', 'Webpublisher, Grafiker', 'A. Einführung B. Objekte zeichnen und bearbeiten C. Ebenen D. Füllungen E. Farben H. Text I. Objekte ändern');
INSERT INTO kurs VALUES (1020057, 'Webdesign', 'Frontpage', 'Webdesign', 3, 13, 'Grundlagen in Windows', 'Webpublisher, Grafiker', 'A. Einführung B. Allgemeine Dateiangaben C. Grundgerüst einer Seite D. Farben und Hintergrund  E. Absatztypen und Textgestaltung F. Tabellen G. Grafik in HTML H. Frames I. Verweise - Hyperlinks J. Formulare K. Layer L. CSS Style-Sheets');
INSERT INTO kurs VALUES (1020054, 'Webdesign', 'GoLive', 'Webdesign', 3, 13, 'Grundlagen Windows', 'Webpublisher, Grafiker', 'A. Einführung B. Allgemeine Dateiangaben C. Grundgerüst einer Seite D. Farben und Hintergrund  E. Absatztypen und Textgestaltung F. Tabellen G. Grafik in HTML H. Frames I. Verweise - Hyperlinks J. Formulare K. Layer L. CSS Style-Sheets');
INSERT INTO kurs VALUES (1010074, 'Grafik', 'Grafikformate', 'Dateitypen und Funktion', 2, 5, 'Grundkenntnisse der Grafik', 'Screendesigner, Webpublisher, Grafiker', 'A. Formattypen ud Datenkompression B. Speicherformate in Adobe Photoshop D. Plattform- und Hersteller-spezifische Formate E. CAD- Formate und 3D- Formate F. Multimedia-Formate und Druckformate G. Know how');
INSERT INTO kurs VALUES (1020052, 'Webdesign', 'HTML', 'Webdesign', 2, 5, 'Grundlagen in Windows', 'Webpublisher, Entwickler', 'A. Einführung B. Allgemeine Dateiangaben C. Grundgerüst einer Seite D. Farben und Hintergrund  E. Absatztypen und Textgestaltung F. Tabellen G. Grafik in HTML H. Frames I. Verweise - Hyperlinks J. Formulare K. Layer L. CSS Style-Sheets');
INSERT INTO kurs VALUES (1030049, 'Server', 'IIS', 'Administration', 3, 20, 'Grundlagen in Netzwerktechnik', 'Administratoren', 'A. Einführung B. DNS C. Sicherheit und Überwachung D. Systemleisstung und Optimierung E. Administration F. DNS administrieren G. Systemeinrichtung und -überwachung H. Administration des www- Dienstes I. Sicherheit administrieren J. Weitere Server');
INSERT INTO kurs VALUES (1010010, 'Grafik', 'Illustrator', 'Grafikerstellung', 3, 14, 'Grundlagen in Windows', 'Screendesigner, Webpublisher, Grafiker', 'A. Einführung B. Voreinstellungen C. Arbeitshilfen D. Einfache Objekte zeichnen E. Pfade zeichnen und editieren F. Flächen und Konturen bearbeiten G. Farbverläufe, Muster und Transparenzen B. Text erzeugen und bearbeiten C. Bitmap- Bilder importieren/bearbeiten D. Ebenen E. Diagramme erstellen und bearbeiten F. Arbeiten mit der Aktionen-Palette G. Grafiken für das Internet optimieren');
INSERT INTO kurs VALUES (1010011, 'Office', 'InDesign', 'Satztechnik', 3, 15, 'Grundlagen in Windows', 'Anwender, Grafiker', 'A. Einführung B. Voreinstellungen C. Arbeitshilfen D. Text eingeben und bearbeiten E. Arbeiten mit Textblöcken F. Text importieren G. Schriftgestaltung B. Absatzformatierung C. Arbeiten mit Druckformaten D.Textmodus E. Grafikobjekte erstellen und bearbeiten F. Arbeiten mit Bildern G. Arbeiten mit Ebenen H. Arbeiten mit Rahmen I. Arbeiten mit Farben J. Datenaustausch K. Plazierte Bilder und Grafiken bearbeiten I. Dokumente professionell reproduzieren ');
INSERT INTO kurs VALUES (1015031, 'Programmierung', 'Java', 'Designpatterns', 3, 21, 'Java-Kenntnisse, OOP, OOA', 'Programmierer, Entwickler', 'A. Grundlagen B. Verhaltensmuster C. Strukturmuster D. Erzeugungsmuster E. Analyse und Einsatz');
INSERT INTO kurs VALUES (1015034, 'Programmierung', 'Java', 'Syntax + Konzepte', 4, 28, 'Grundlagen in Java', 'Programmierer, Entwickler', 'A. Einführung B. Objektorientierte Programmierung C. Arbeit mit Objekten D. Arrays, Bedingungen, Schleifen E. Klassen und Methoden F. Java-Applets G. Übersicht H. Schnittstelle I. Benutzerschnittstelle J. Benutzereingaben K. Farbe, Schrift und Grafik L. Threads und Animationen M. JavaSound');
INSERT INTO kurs VALUES (1015036, 'Programmierung', 'Java', 'Servlets', 3, 24, 'Web-Grundkenntnisse, HTML', 'Programmierer, Entwickler', 'A. Grundlagen B. Grundlegende Techniken C. Java-Objekte in RDBS D. Dynamische HTML-Seiten E. Webshop F. Chat');
INSERT INTO kurs VALUES (1015038, 'Programmierung', 'Java', 'Enterprise Java Beans', 3, 25, 'Grundlagen in Java', 'Programmierer, Entwickler', 'A. Grundlagen B. Session-Beans C. Entity-Beans D. Message-Driven-Beans E. Transaktionen H. Sicherheit');
INSERT INTO kurs VALUES (1015067, 'Programmierung', 'Java', 'Kochrezepte', 4, 29, 'Grundlagen in Java', 'Programmierer, Entwickler', 'A.Vorbereitung B. Grundlagen C. API D. I/O E.GUI F.Multimedia G.DB- Anbindung H. Datenstrukturen I.Netzwerk J.Threads H.XML I.WEB ');
INSERT INTO kurs VALUES (1030073, 'Programmierung', 'Java', 'Java für Oracle', 4, 23, 'Grundlagen Java, Oracle', 'Programmierer, Entwickler', 'A. Überblick über SQL B. Datenbankzugriffe mit JDBC C. Datenzugriff mit SQLJ D. Datenzugriff mithilfe von Java-Servlets/Verbindungspooling E. Enterprise JavaBeans F. Weitergabe und Verwendung einer Enterprise JavaBean ');
INSERT INTO kurs VALUES (1015091, 'Programmierung', 'Java', 'Datenbankprogrammierung', 3, 29, 'Grundlegene Java-Kenntnisse', 'Programmierer, Entwickler', 'A. Einführung B. JDBC C. JDBC und objektorientierte Erweiterungen D. Performance-Aspekte bei JDBC E. SQLJ F. Erweiterungen und Performance bei SQLJ in Oracle');
INSERT INTO kurs VALUES (1015093, 'Programmierung', 'Java', 'Java Server Pages (JSP)', 3, 19, 'Grundlegende Java und HTML-Kenntnisse', 'Programmierer, Entwickler', 'A. Einführung B. Konzepte C. Formulare D. Cookies E. Datenbankprogrammierung F. Sicherheit G. Sessions H. Web-Applikationen\nI. Internationalisierung');
INSERT INTO kurs VALUES (1015099, 'Programmierung', 'Java', 'Netzwerke + Sockets', 3, 28, 'Java-Grundlagen', 'Programmierer, Entwickler', 'A. Einführung B. Datenbank-Zugriffe C. Sockets');
INSERT INTO kurs VALUES (1015025, 'Programmierung', 'JavaScript', 'Syntax + Konzepte', 3, 18, 'Grundkenntnisse der Programmierung', 'Screendesigner, Webpublisher, Grafiker', 'A. Einführung B. HTML-Grundlagen D. Elemente I D. Elemente II E. Aufruf F. JavaScript, Java, Multimedia G. Objekte H. Ereignisbehandlung I. Top-level, Navigator J. Formulare');
INSERT INTO kurs VALUES (1025021, 'Office', 'lexware', 'FiBu + Controlling', 3, 27, 'Buchhaltung bei einem 3-Tages-Seminar erwünscht, ansonsten Verlängerung um einen Tag möglich', 'Anwender', 'A. Einführung  B. Installation C. buchhalter I D. buchhalter II  E. lohn + gehalt F. fakturaplus ');
INSERT INTO kurs VALUES (1030100, 'Server', 'Lotus Domino', 'Administration', 3, 28, 'Lotus-Grundlagen, Grundlagen von  Netzwerken', 'DB-Administratoren, DB-Entwickler', 'A. Einführung B. E-Mail-Verwaltung und Notes C. Web-Server D. Beobachtung E. Domino und IIS F. Datenbanken');
INSERT INTO kurs VALUES (1025094, 'Office', 'Lotus Notes', 'Kommunikation', 3, 19, 'Grundlegende Windows-Kenntnisse', 'Anwender', 'A. Einführung B. Oberfläche C. Mailsystem D. Kalender E. Benutzervorgaben F. Notes-Datenbanken');
INSERT INTO kurs VALUES (1015030, 'Programmierung', 'Matlab', 'Syntax + Konzepte', 3, 26, 'Grundlagen in Windows', 'Programmierer, Entwickler', 'A. MATLAB Sprachsyntax B. Übersicht, Matrizen, Toolboxen C. Strukturierte Programmierung mit MATLAB D. Entwurf eigener Funktionen und Projekte');
INSERT INTO kurs VALUES (1025047, 'Server', 'MS Exchange', 'Administration', 3, 20, 'Grundlagen in Netzwerktechnik', 'Anwender, Entwickler', 'A. Einführung B. Enterprise Manager C. Administration D. SQL Server 2000- Sicherheit E. Datenbanken erstellen F. Indizes G. Beziehungen H. CHECK- Einschränkungen erstellen I. Tabellenobjekte J. Datenbank abrufen K. Mit Daten arbeiten L. Transact- SQL ');
INSERT INTO kurs VALUES (1025048, 'Datenbanken', 'MS SQL-Server', 'DB-Administration', 3, 20, 'Grundlagen in Windows, evtl. SQL', 'DB-Administratoren, DB-Entwickler', 'A. Datenbanktheorie B. Installation C. Datenbank anlegen D. Datenerfassung / MyODBC E. Grundlagen SQL F. Programmieren auf Server-Ebene G. Sicherheit H. Grundlagen PHP I. Administration ');
INSERT INTO kurs VALUES (1025096, 'Datenbanken', 'MS SQL-Server', 'Transact SQL', 3, 19, 'Grundlegende Kenntnisse von MS SQL Server, SQL-Kenntnisse vorteilhaft', 'DB-Administratoren, DB-Entwickler', 'A. Einführung B. SQL-Grundlagen und DBS-Spezifika C. Sichten D. Statistische Funktionen E. Cursor-Programmierung F. Transaktionen H. Prozeduren und Trigger I. Volltext-Suche J. Performance-Tuning');
INSERT INTO kurs VALUES (1030048, 'Datenbanken', 'MySQL', 'DB-Administration', 2, 19, 'Grundlagen in Windows', 'DB-Administratoren, DB-Entwickler', 'A. Datenbanktheorie B. Installation C. Datenbank anlegen D. Datenerfassung / MyODBC E. Grundlagen SQL F. Programmieren auf Server-Ebene G. Sicherheit H. Grundlagen PHP I. Administration ');
INSERT INTO kurs VALUES (1025051, 'Datenbanken', 'Oracle', 'Architektur', 3, 23, 'Netzwerkkenntnisse von Vorteil', 'DB-Administratoren, DB-Entwickler', 'A. Oracle - erste Schritte B. Installation C. Verbindung zur Datenbank D. Erstellen einer Datenbank E. Admistrierung der Datenbanken F. Datenbankobjekte einer Oracle- DB G. Abfragen H. Benutzer und Rollen I. PL/SQL- Programmierung J. Anwendungsentwicklung');
INSERT INTO kurs VALUES (1025063, 'Datenbanken', 'Oracle', 'PL/SQL-Programmierung', 3, 23, 'Grundlagen in Oracle', 'Programmierer, Entwickler', 'A. Grundlagen PL/SQL B. Variablen C. Kontrollstrukturen und Schleifen D. Cursor E. Exception (Fehlerbehandlung) F. Datensätze in PL/SQL G. PL/SQL-Tabellen und Container H. Eingebaute Funktionen I. Programmiertechniken');
INSERT INTO kurs VALUES (1025061, 'Datenbanken', 'Oracle', 'XML-Konzepte', 3, 23, 'Grundlagen Oracle, Java', 'Programmierer, Entwickler', 'A. Oracle und XML B. XML-Technologien C. Entwicklungen D. Anwendungsentwicklung für Oracle Application Server E. Oracle Internet File System F. Suche in XML-Dokumenten mit OracleText G. E-Business-Anwendungen mit Oracle XML Services H. Einsatzbeispiele');
INSERT INTO kurs VALUES (1025071, 'Datenbanken', 'Oracle', 'Designer R6i + Developer 6i', 4, 23, 'Grundlagen in Oracle', 'DB-Administratoren, DB-Entwickler', 'A.Grundlagen B. Datenmodell C. Entitäten D.Modulentwicklung E.Anwendungsbeispiel');
INSERT INTO kurs VALUES (1025072, 'Datenbanken', 'Oracle', 'Networking', 4, 23, 'Grundlagen Oracle, Netzwerkkenntnisse', 'DB-Administratoren, DB-Entwickler', 'A.Grundlagen B. Oracle Names Server C. Oracle Internet Directory D. Konfigurationswerkzeuge E. Große Netzwerke F. Internet ');
INSERT INTO kurs VALUES (1025073, 'Datenbanken', 'Oracle', 'DB-Administration', 4, 23, 'Grundlagen in Oracle', 'DB-Administratoren, DB-Entwickler', 'A. Die ORACLE-Architektur B. Logische und Physikalische Datenbanklayouts  D. Datenbankmanagement E. Datenbank-Tuning, Sicherheit und Auditing F. Optimale Backup- und Recovery- Prozeduren G. Verwaltung großer Datenbanken und Netzwerk');
INSERT INTO kurs VALUES (1040060, 'Programmierung(Office)', 'Outlook', 'VBA-Programmierung', 2, 9, 'Outlook Grundlagen', 'Programmierer, Entwickler', 'A. Einführung B. Programmierkonzepte C. Formulare und UserForms D. Kontakt-Programmierung E. E-Mail-Programmierung F. Termin-Programmierung');
INSERT INTO kurs VALUES (1025020, 'Office', 'Outlook', 'Kommunikation', 1, 1, 'Grundlagen in Windows', 'Screendesigner, Webpublisher, Grafiker', 'A. Einführung / Posteingang B. Kalender C. Kontakte D. Aufgaben E. Journale F. Notizen G. Internet H. Adressbücher ');
INSERT INTO kurs VALUES (1010007, 'Grafik', 'Pagemaker', 'Satztechnik', 3, 14, 'Grundlagen in Windows', 'Webpublisher, Grafiker', 'A. Einführung B. Voreinstellungen C. Arbeitshilfen D. Text eingeben und bearbeiten E. Arbeiten mit Textblöcken F. Text importieren G. Schriftgestaltung B. Absatzformatierung C. Arbeiten mit Druckformaten D.Textmodus E. Grafikobjekte erstellen und bearbeiten F. Arbeiten mit Bildern G. Arbeiten mit Ebenen H. Arbeiten mit Rahmen I. Arbeiten mit Farben ');
INSERT INTO kurs VALUES (1015026, 'Programmierung', 'Perl', 'Syntax + Konzepte', 3, 21, 'Web-Grundkenntnisse, HTML', 'Programmierer, Entwickler', 'A. Perl Übersicht B. Perl Einführung C. Perl Datenstrukturen D. Perl Anweisungen E. Perl Anweisungen und Funktionen F. Reguläre Ausdrücke G. Perl Dateiverarbeitung H. Packages und Module I. Perl und Datenbanken');
INSERT INTO kurs VALUES (1015037, 'Programmierung', 'Perl', 'Perl + CGI', 3, 21, 'Web-Grundkenntnisse, HTML', 'Administratoren, Entwickler', 'A. Einführung CGI B. Die CGI - Spezifikation C. Übersicht Perl D. Nützliche Helfer E. Praktische Beispiele F. CGI und SSI G. CGI und Datenbanken H. CGI und Sicherheit I. Webautomatisierung');
INSERT INTO kurs VALUES (1015101, 'Programmierung', 'Perl', 'Module programmieren in Perl', 2, 18, 'Perl - Syntax + Konzepte oder Perl -CGI, Grundkenntnisse OOP', 'Programmierer, Entwickler', 'A. Einführung B. Packages C. Module D. Dokumentation von Modulen E. OOP und Perl F. Sonstiges');
INSERT INTO kurs VALUES (1015102, 'Programmierung', 'Perl', 'Programmierung von GUIs mit Perl/Tk', 1, 10, 'Perl - Syntax + Konzepte', 'Administratoren, Entwickler', 'A. Einführung B. Geometriemanagement C. einfache Widgets D. Menüs E. Toplevel-Widgets F. Ereignisse binden ');
INSERT INTO kurs VALUES (1015103, 'Programmierung', 'Perl', 'Netzwerkprogrammierung', 2, 18, 'Perl - Syntax + Konzepte', 'Programmierer, Entwickler', 'A. Einführung B. Netzweite IPCs C. High-Level-Netzbiblitheken D. Beispiele E. Webautomatisierung');
INSERT INTO kurs VALUES (1015104, 'Programmierung', 'Perl', 'Systemadministration', 2, 18, 'Perl - Syntax + Konzepte oder Perl - CGI', 'Administratoren', 'A. Interaktion mit dem Betriebssystem B. Dateisysteme C. Benutzeraktivität und -verwaltung D. Verzeichnisdienste E. Logdateien F. Netwerkmonitoring und Sicherheit');
INSERT INTO kurs VALUES (1015105, 'Programmierung', 'Perl', 'Datenbankprogrammierung', 1, 10, 'Perl - Syntax + Konzepte oder Perl - CGI, SQL', 'Programmierer, Entwickler', 'A. Einführung B. Nicht DBI-Dateien C. Einführung in die Datenbankprogrammierung mit DBI D. DBI und ODBC');
INSERT INTO kurs VALUES (1010005, 'Grafik', 'Photoshop', 'Bildbearbeitung', 4, 27, 'Grundlagen Photoshop oder eines anderen Grafikprogramms', 'Webpublisher, Grafiker', 'A. Einführung B. Ebenen C. Text D. Bildkorrektur E. Farben F. Effekte A. Einführung B. Objekte zeichnen und bearbeiten C. Objekte organisieren D. Objekte ändern  E. Farben F. Text G. Stile H. Banner I. Internet ');
INSERT INTO kurs VALUES (1010009, 'Grafik', 'Photoshop', 'Korrektur + Verfremdung', 3, 27, 'Grundlagen in Windows', 'Webpublisher, Grafiker', 'A. Farbmodi B. Retusche C. Bilder zusammensetzen D. Filter E. Malen F. Schrift, Formen, Pfade G. Spezialeffekte H. Animation');
INSERT INTO kurs VALUES (1015024, 'Programmierung', 'PHP', 'Syntax + Konzepte', 3, 21, 'Grundlagen Windows', 'Programmierer, Entwickler', 'A. Installation B. Grundlagen D. Arrays, Bedingungen, Schleifen D. Zeichenketten E. Funktionen und mathematische Funktionen F. Mit Dateien arbeiten G. Netzwerk H. Fehlerbehandlung I. FTP J. Datum / Zeit K. Text- / Grafikausgabe L. Formulare M. Datenbanktheorie N. Grundlagen SQL, MySQL O. Projekt ');
INSERT INTO kurs VALUES (1015043, 'Programmierung', 'PHP', 'Webanwendungen', 3, 19, 'Grundlagen in PHP', 'Programmierer, Entwickler', 'A. Einführung B. Programmentwicklung C. Webanwendungskonzepte D. Webanwendungsstrategien E. Datenbankzugriff F. Ausbaumöglichkeiten ');
INSERT INTO kurs VALUES (1015044, 'Programmierung', 'PHP', 'MySQL Programmbeispiele', 3, 19, 'Grundkenntnisse in HTML, PHP, SQL', 'Programmierer, Entwickler', 'A. Gästebuch B. Umfrage C. Katalog-System D. Content-Management-System E. Diskussionsforum F. System zur Fehleranalyse G. Shop-System');
INSERT INTO kurs VALUES (1015068, 'Programmierung', 'PHP', 'Kochrezepte', 4, 28, 'Flash-Kenntnisse, ActionScript-Grundlagen, PHP-Grundlagen', 'Programmierer, Entwickler', 'A. Variablen und Zeichenketten B.Zeitfunktionen C. Mathematische Funktionen D. Mustererkennung E.HTTP, Session, Browser, Verschlüsselung, E-Mail F.Dateisysteme G.Grafikfuntionen H. Funktionen und Kontrollstrukturen I.Datenbanken J.Freeware im Web und Installation');
INSERT INTO kurs VALUES (1025013, 'Office', 'Powerpoint', 'Präsentationsdesign', 2, 2, 'Grundlagen in Windows', 'Anwender', 'A. Einführung B. Daten- / Texteingabe C. Format D. Diagramme / Tabellen E. Grafiken F. Steuerung G. Drucken H. Formatvorlagen I. Makro / Felder J. Internet');
INSERT INTO kurs VALUES (1025062, 'Office', 'Project', 'Projektmanagement', 2, 3, 'Grundlagen in Windows', 'Anwender', 'A. Einführung Projektmanagement B. Einführung C. Grundgerüst eines Projektes D. Genaue Eingabe E. Ressourcen F. Überwachung G. Analyse H. Berichte I. Masken J. Variable Felder K. Team');
INSERT INTO kurs VALUES (1025075, 'Office', 'Publisher', 'Satztechnik', 2, 5, 'Grundlagen in Windows', 'Screendesigner, Webpublisher, Grafiker', 'A. Grundlagen B. Zeichnungen und Bilder D. Tabellen E. Seitenlayouts F. Publizieren im Internet G. Katalog, Design Gallery und mehr ');
INSERT INTO kurs VALUES (1015035, 'Programmierung', 'Python', 'Syntax + Konzepte', 3, 27, 'HTML/CSS-Kenntnisse, PHP, SQL-Grundlagen', 'Programmierer, Entwickler', 'A. Grundlagen B. Syntax C. Objektorientierte Programmierung D. Funktionalität E. Beispiele ');
INSERT INTO kurs VALUES (1025039, 'Datenbanken', 'SQL', 'DDL, DML + DCL', 2, 18, 'Grundlagen in Windows', 'DB-Administratoren, DB-Entwickler', 'A. Einführung B. Datenbank und Tabellen anlegen und ändern C. Daten einfügen und ändern D. Grundstrukturen einfacher Abfragen E. Komplexe Abfragen, Unterabfragen und Funktionen F. Abfragen in virtuellen Tabellen speichern G. Zugriffskontrolle durch Benutzer, Rechte und Rollen H. MS SQL Server und Transact SQL I. Oracle und PL/SQL');
INSERT INTO kurs VALUES (1020056, 'Webdesign', 'Suchmaschinen-Optimierung', 'Web-Controlling', 1, 10, 'Kenntnisse eines Webdesign-Programms, HTML', 'Programmierer, Entwickler', 'A. Grundlagen B. Planung der Struktur und Technik einer Site C. Suchmaschinen-Optimierung einzelner Webseiten ');
INSERT INTO kurs VALUES (1030106, 'Server', 'TCP IP', 'TCP/IP 1', 3, 28, 'Grundlagen in einem Betriebssystem', 'Administratoren, Entwickler', 'A. Architekturgrundlagen B. Das Internetprotokoll C. TCP D. UDP E. Steuerung der IP-Infrastruktur F.Wie finden IP-Pakete ihre Ziele G. Auf dem Weg ins Inter-Intranet H. Network Adress Translation (NAT) I. Fernzugriff auf das Firmennetzwerk');
INSERT INTO kurs VALUES (1030107, 'Server', 'TCP IP', 'TCP/IP 2', 3, 28, 'Grundlagen in Netzwerktechnik, TCP/IP 1', 'Administratoren, Entwickler', 'A. Simple Network Managment B. Netzwerkmonitore C. Dienstprogramme D. Allgemeines Troubleshooting E. Anwendungen auf der Basis von TCP/IP F.Ausblick auf IPv6 G. Quality of Service (QoS) H. Eingebettete Verschlüsselung in IPv6 I. Automatische Systemkonfiguration J. Voice over IP K. Kompatibilität, Parallelbetrieb, Tunneling L. Sonstiges');
INSERT INTO kurs VALUES (1015089, 'Programmierung', 'UML', 'Konzepte und Anwendung', 3, 29, 'Kenntnisse einer objektorientierten Programmiersprache', 'Programmierer, Entwickler', 'A. Einführung B. Objektorientierung C. Aggregationen, Komposita, Schnittstellen und Realisierungen D. Anwendungsfälle E. Diagramme für Aktionen F. Diagramme für Strukturen');
INSERT INTO kurs VALUES (1015090, 'Programmierung', 'UML', 'Objektorientierung und Strategien', 2, 19, 'Grundlegende UML-Kenntnisse und Kenntnisse einer objektorientierten Programmiersprache', 'Programmierer, Entwickler', 'A. Einführung Fallstudie B. Modell des Geschäftssystems C. Modell des IT- Systems D. Modell der Systemintegration');
INSERT INTO kurs VALUES (1040076, 'Programmierung', 'VBA', 'Syntax + Konzepte', 4, 23, 'HTML/CSS-Kenntnisse, PHP- und SQL-Grundlagen', 'Programmierer, Entwickler', 'A. Einführung B. Macros erstellen C. Programmierung mit VBA D. Grundlegende Sprachelemente E. Erweiterte Sprachelemente F. Ojektorientierte Elemente G. Spezielle Excel- Programmiertechniken H. Spezielle Word- Programmiertechniken I. Dialoge erstellen J. Spezielle Programmierungen K. Ereignissprozeduren erstellen');
INSERT INTO kurs VALUES (1040097, 'Programmierung(Office)', 'VBA', 'XML-Konzepte', 3, 23, 'Grundlegende VBA-, Excel- und Access-Kenntnisse, XML-Kenntnisse vorteilhaft', 'Anwender, Entwickler', 'A. Einführung B. XML-Einführung C. XML, HTML und XSL – die Ausgabe D. XML-Dokumente erzeugen E. XML und DOM F. XML- und XSL-Dateien');
INSERT INTO kurs VALUES (1025022, 'Office', 'Visio', 'Grafikerstellung', 2, 3, 'Grundlagen in Windows', 'Screendesigner, Webpublisher, Grafiker', 'A. VisioGrundlagen B. Das Menü Datei C. VisioAufbauwissen D. Assistenten E. Shapesheet-Programmierung F. VBA G. Zugriff auf Visio');
INSERT INTO kurs VALUES (1015064, 'Programmierung', 'VisualBasic', 'Syntax + Konzepte', 4, 28, 'Grundlagen in Windows', 'Programmierer, Entwickler', 'A. Einführung B. Die Entwicklungsumgebung C. Steuerelemente D. Programmieren E. Variablen und Konstanten F. Operatoren G.Steuerung des Programmablaufs H. Datentypen prüfen und umwandeln I. Formatierte Ausgabe J. Prozeduren und Funktionen K. Fehlerbehandlung L. Menüs erstellen');
INSERT INTO kurs VALUES (1015065, 'Programmierung', 'VisualBasic', 'OOP, APIs + DBs', 4, 28, 'Grundlagen in VisualBasic', 'Programmierer, Entwickler', 'A. Objektorientierung B. Grafikprogrammierung C. API-Programmierung D.Registrierdatenbank E.Programmiertechniken F.Datenbankprogrammierung G.Reports H. OLE und ActiveX I. ActiveX- Komponenten');
INSERT INTO kurs VALUES (1015066, 'Programmierung', 'VisualBasic', 'Kochrezepte', 4, 29, 'Grundlagen in VisualBasic', 'Programmierer, Entwickler', 'A. Grundlagen B. Oberfläche C. Grafik D.Multimedia E.Dateien F.Datenbank G.Drucken H. Objekte I. OLE/DDE J.Peripherie K. System L. Desktop ');
INSERT INTO kurs VALUES (1030045, 'Server', 'Windows 2000 Server', 'Administration', 3, 20, 'Grundlagen in Windows', 'Anwender, Entwickler', 'A. Einführung B. Installation C. Erste Schritte D. Die Registrierung E. Active Directory F. Dateien  G. Server H. Internet I. Sicherheit J. BackOffice K. Überwachung L. Fehlersuche ');
INSERT INTO kurs VALUES (1040023, 'Programmierung(Office)', 'Word', 'VBA-Programmierung', 2, 17, 'Word Grundlagen', 'Programmierer, Entwickler', 'A. Einführung B. Makros mit VBA C. Die Entwicklungsumgebung D. Ereignisgesteuerte Programmierung E. Grundlegende Sprachelemente F. Erweiterte Sprachelemente G. Objekte in Word H. Spezielle Word- Programmiertechniken I. Benutzeroberfläche J. Integration in MS- Office');
INSERT INTO kurs VALUES (1025012, 'Office', 'Word', 'Textverarbeitung', 3, 7, 'Grundlagen in Windows', 'Anwender', 'A. Einführung B. Texteingabe C. Bearbeiten von Text D. Tabellen E. Grafiken F. Drucken G. Formatvorlagen H. Makros I. Automatisierung  J. Seriendokumente');
INSERT INTO kurs VALUES (1020058, 'Programmierung', 'XML', 'Syntax', 2, 11, 'Kenntnisse von HTML und einer Programiersprache von Vorteil', 'Programmierer, Entwickler', 'A. Einführung B. XML-Syntax C. XML-Instanzen D. XML Data Reduced Schema E. XML Schema Definition Language F. XML-Entities G. Namensräume H. XPath und XLink I. XML-Pointer Language J. Document Object Model K. Formatierungen L. Anwendungsfälle ');
INSERT INTO kurs VALUES (2020109, 'Programmierung', 'XML', 'XSLT', 2, 11, 'XML-Grundlagen', 'Programmierer, Entwickler', 'A. Grundlagen B. Syntax C. Xpath');
INSERT INTO kurs VALUES (2020110, 'Programmierung', 'XML', 'XMLSpy', 3, 21, 'XML-Grundlagen vorteilhaft', 'Programmierer, Entwickler', 'A. Grundlagen B. Oberfläche C. XML und Schema-Dokumente D. XSLT  E. XPath F. Document-Editor');

---------------------------------------------------------------------    
--Tabelle Termin
--
DROP TABLE termin;
CREATE TABLE termin
("T_NR" NUMBER(4) NOT NULL,
 "K_NR" NUMBER(7) NOT NULL,
 "T_BEGINN" DATE NOT NULL,
 "T_ENDE" DATE  NOT NULL,
 "T_ORT" VARCHAR2(20) NOT NULL,
 PRIMARY KEY("T_NR"),
 FOREIGN KEY("K_NR") 
    REFERENCES kurs("K_NR"), CHECK(T_Beginn<=T_Ende))  
    TABLESPACE "STUDENTEN";
----------------------------------------------------------------------
--Daten Tabelle Termin
--
INSERT INTO termin VALUES (1, 1015036, '18.02.2000', '20.02.2000', 'Bochum');
INSERT INTO termin VALUES (2, 1020053, '18.02.2000', '20.02.2000', 'Bochum');
INSERT INTO termin VALUES (3, 1015036, '18.02.2000', '20.02.2000', 'Bochum');
INSERT INTO termin VALUES (4, 1020053, '18.02.2000', '20.02.2000', 'Bochum');
INSERT INTO termin VALUES (5, 1020058, '21.02.2000', '21.02.2000', 'Bochum');
INSERT INTO termin VALUES (6, 1025019, '21.02.2000', '23.02.2000', 'Bochum');
INSERT INTO termin VALUES (7, 1015040, '21.02.2000', '23.02.2000', 'Bochum');
INSERT INTO termin VALUES (8, 1020058, '21.02.2000', '21.02.2000', 'Bochum');
INSERT INTO termin VALUES (9, 1025019, '21.02.2000', '23.02.2000', 'Bochum');
INSERT INTO termin VALUES (10, 1015042, '21.02.2000', '23.02.2000', 'Bochum');
INSERT INTO termin VALUES (11, 1015031, '25.02.2000', '27.02.2000', 'Bochum');
INSERT INTO termin VALUES (12, 1020054, '25.02.2000', '27.02.2000', 'Bochum');
INSERT INTO termin VALUES (13, 1015031, '25.02.2000', '27.02.2000', 'Bochum');
INSERT INTO termin VALUES (14, 1020054, '25.02.2000', '27.02.2000', 'Bochum');
INSERT INTO termin VALUES (15, 1015028, '12.03.2000', '15.03.2000', 'Bochum');
INSERT INTO termin VALUES (16, 1015028, '12.03.2000', '15.03.2000', 'Bochum');
INSERT INTO termin VALUES (17, 1015027, '18.03.2000', '21.03.2000', 'Bochum');
INSERT INTO termin VALUES (18, 1015027, '18.03.2000', '21.03.2000', 'Bochum');
INSERT INTO termin VALUES (19, 1015024, '25.03.2000', '27.03.2000', 'Bochum');
INSERT INTO termin VALUES (20, 1010004, '25.03.2000', '26.03.2000', 'Bochum');
INSERT INTO termin VALUES (21, 1015024, '25.03.2000', '27.03.2000', 'Bochum');
INSERT INTO termin VALUES (22, 1010004, '25.03.2000', '26.03.2000', 'Bochum');
INSERT INTO termin VALUES (23, 1015034, '02.04.2000', '05.04.2000', 'Bochum');
INSERT INTO termin VALUES (24, 1015034, '02.04.2000', '05.04.2000', 'Bochum');
INSERT INTO termin VALUES (25, 1020052, '05.04.2000', '05.04.2000', 'Bochum');
INSERT INTO termin VALUES (26, 1020052, '05.04.2000', '05.04.2000', 'Bochum');
INSERT INTO termin VALUES (27, 1015026, '08.04.2000', '10.04.2000', 'Bochum');
INSERT INTO termin VALUES (28, 1010005, '08.04.2000', '11.04.2000', 'Bochum');
INSERT INTO termin VALUES (29, 1015026, '08.04.2000', '10.04.2000', 'Bochum');
INSERT INTO termin VALUES (30, 1010005, '08.04.2000', '11.04.2000', 'Bochum');
INSERT INTO termin VALUES (31, 1015041, '11.04.2000', '12.04.2000', 'Bochum');
INSERT INTO termin VALUES (32, 1015041, '11.04.2000', '12.04.2000', 'Bochum');
INSERT INTO termin VALUES (33, 1025014, '22.04.2000', '23.04.2000', 'Bochum');
INSERT INTO termin VALUES (34, 1010006, '22.04.2000', '24.04.2000', 'Bochum');
INSERT INTO termin VALUES (35, 1015025, '22.04.2000', '24.04.2000', 'Bochum');
INSERT INTO termin VALUES (36, 1025014, '22.04.2000', '23.04.2000', 'Bochum');
INSERT INTO termin VALUES (37, 1010006, '22.04.2000', '24.04.2000', 'Bochum');
INSERT INTO termin VALUES (38, 1015025, '22.04.2000', '24.04.2000', 'Bochum');
INSERT INTO termin VALUES (39, 1025015, '24.04.2000', '25.04.2000', 'Bochum');
INSERT INTO termin VALUES (40, 1025015, '24.04.2000', '25.04.2000', 'Bochum');
INSERT INTO termin VALUES (41, 1025017, '29.04.2000', '30.04.2000', 'Bochum');
INSERT INTO termin VALUES (42, 1025017, '29.04.2000', '30.04.2000', 'Bochum');
INSERT INTO termin VALUES (43, 1015034, '02.05.2000', '02.05.2000', 'Bochum');
INSERT INTO termin VALUES (44, 1025018, '02.05.2000', '03.05.2000', 'Bochum');
INSERT INTO termin VALUES (45, 1015034, '02.05.2000', '02.05.2000', 'Bochum');
INSERT INTO termin VALUES (46, 1025018, '02.05.2000', '03.05.2000', 'Bochum');
INSERT INTO termin VALUES (47, 1020052, '03.05.2000', '03.05.2000', 'Bochum');
INSERT INTO termin VALUES (48, 1020052, '03.05.2000', '03.05.2000', 'Bochum');
INSERT INTO termin VALUES (49, 1015033, '06.05.2000', '08.05.2000', 'Bochum');
INSERT INTO termin VALUES (50, 1025019, '06.05.2000', '08.05.2000', 'Bochum');
INSERT INTO termin VALUES (51, 1015033, '06.05.2000', '08.05.2000', 'Bochum');
INSERT INTO termin VALUES (52, 1025019, '06.05.2000', '08.05.2000', 'Bochum');
INSERT INTO termin VALUES (53, 1015033, '13.05.2000', '15.05.2000', 'Bochum');
INSERT INTO termin VALUES (54, 1015036, '13.05.2000', '15.05.2000', 'Bochum');
INSERT INTO termin VALUES (55, 1020058, '21.05.2000', '21.05.2000', 'Bochum');
INSERT INTO termin VALUES (56, 1025020, '21.05.2000', '21.05.2000', 'Bochum');
INSERT INTO termin VALUES (57, 1020058, '21.05.2000', '21.05.2000', 'Bochum');
INSERT INTO termin VALUES (58, 1025020, '21.05.2000', '21.05.2000', 'Bochum');
INSERT INTO termin VALUES (59, 1025051, '27.05.2000', '29.05.2000', 'Bochum');
INSERT INTO termin VALUES (60, 1025061, '27.05.2000', '29.05.2000', 'Bochum');
INSERT INTO termin VALUES (61, 1040060, '31.05.2000', '01.06.2000', 'Bochum');
INSERT INTO termin VALUES (62, 2020109, '31.05.2000', '01.06.2000', 'Bochum');
INSERT INTO termin VALUES (63, 1015028, '03.06.2000', '06.06.2000', 'Bochum');
INSERT INTO termin VALUES (64, 1015028, '03.06.2000', '06.06.2000', 'Bochum');
INSERT INTO termin VALUES (65, 1015027, '10.06.2000', '13.06.2000', 'Bochum');
INSERT INTO termin VALUES (66, 1015027, '10.06.2000', '13.06.2000', 'Bochum');
INSERT INTO termin VALUES (67, 1015034, '17.06.2000', '20.06.2000', 'Bochum');
INSERT INTO termin VALUES (68, 1020053, '17.06.2000', '19.06.2000', 'Bochum');
INSERT INTO termin VALUES (69, 1015034, '17.06.2000', '20.06.2000', 'Bochum');
INSERT INTO termin VALUES (70, 1020053, '17.06.2000', '19.06.2000', 'Bochum');
INSERT INTO termin VALUES (71, 1020054, '24.06.2000', '26.06.2000', 'Bochum');
INSERT INTO termin VALUES (72, 1020054, '24.06.2000', '26.06.2000', 'Bochum');
INSERT INTO termin VALUES (73, 1025013, '27.06.2000', '28.06.2000', 'Bochum');
INSERT INTO termin VALUES (74, 1025013, '27.06.2000', '28.06.2000', 'Bochum');
INSERT INTO termin VALUES (75, 1015024, '01.07.2000', '03.07.2000', 'Bochum');
INSERT INTO termin VALUES (76, 1015024, '01.07.2000', '03.07.2000', 'Bochum');
INSERT INTO termin VALUES (77, 1010005, '15.07.2000', '17.07.2000', 'Bochum');
INSERT INTO termin VALUES (78, 1010005, '15.07.2000', '17.07.2000', 'Bochum');
INSERT INTO termin VALUES (79, 1010004, '22.07.2000', '23.07.2000', 'Bochum');
INSERT INTO termin VALUES (80, 1015035, '22.07.2000', '24.07.2000', 'Bochum');
INSERT INTO termin VALUES (81, 1010004, '22.07.2000', '23.07.2000', 'Bochum');
INSERT INTO termin VALUES (82, 1015035, '22.07.2000', '24.07.2000', 'Bochum');
INSERT INTO termin VALUES (83, 1020053, '05.08.2000', '07.08.2000', 'Bochum');
INSERT INTO termin VALUES (84, 1020053, '05.08.2000', '07.08.2000', 'Bochum');
INSERT INTO termin VALUES (85, 1010006, '12.08.2000', '14.08.2000', 'Bochum');
INSERT INTO termin VALUES (86, 1010006, '12.08.2000', '14.08.2000', 'Bochum');
INSERT INTO termin VALUES (87, 2020110, '16.08.2000', '18.08.2000', 'Bochum');
INSERT INTO termin VALUES (88, 1030107, '16.08.2000', '18.08.2000', 'Bochum');
INSERT INTO termin VALUES (89, 1030045, '18.08.2000', '22.08.2000', 'Bochum');
INSERT INTO termin VALUES (90, 1030045, '18.08.2000', '22.08.2000', 'Bochum');
INSERT INTO termin VALUES (91, 1015044, '21.08.2000', '23.08.2000', 'Bochum');
INSERT INTO termin VALUES (92, 1015044, '21.08.2000', '23.08.2000', 'Bochum');
INSERT INTO termin VALUES (93, 1025018, '26.08.2000', '28.08.2000', 'Bochum');
INSERT INTO termin VALUES (94, 1025018, '26.08.2000', '28.08.2000', 'Bochum');
INSERT INTO termin VALUES (95, 1010008, '01.09.2000', '02.09.2000', 'Bochum');
INSERT INTO termin VALUES (96, 1010008, '01.09.2000', '02.09.2000', 'Bochum');
INSERT INTO termin VALUES (97, 1010006, '02.09.2000', '04.09.2000', 'Bochum');
INSERT INTO termin VALUES (98, 1010006, '02.09.2000', '04.09.2000', 'Bochum');
INSERT INTO termin VALUES (99, 1010007, '11.09.2000', '13.09.2000', 'Bochum');
INSERT INTO termin VALUES (100, 1010007, '11.09.2000', '13.09.2000', 'Bochum');
INSERT INTO termin VALUES (101, 1040023, '14.09.2000', '15.09.2000', 'Bochum');
INSERT INTO termin VALUES (102, 1040023, '14.09.2000', '15.09.2000', 'Bochum');
INSERT INTO termin VALUES (103, 1010004, '26.09.2000', '27.09.2000', 'Bochum');
INSERT INTO termin VALUES (104, 1025022, '26.09.2000', '27.09.2000', 'Bochum');
INSERT INTO termin VALUES (105, 1010004, '26.09.2000', '27.09.2000', 'Bochum');
INSERT INTO termin VALUES (106, 1025022, '26.09.2000', '27.09.2000', 'Bochum');
INSERT INTO termin VALUES (107, 1015024, '28.09.2000', '30.09.2000', 'Bochum');
INSERT INTO termin VALUES (108, 1015024, '28.09.2000', '30.09.2000', 'Bochum');
INSERT INTO termin VALUES (109, 1030045, '30.09.2000', '02.10.2000', 'Bochum');
INSERT INTO termin VALUES (110, 1030045, '30.09.2000', '02.10.2000', 'Bochum');
INSERT INTO termin VALUES (111, 1015040, '01.10.2000', '03.10.2000', 'Bochum');
INSERT INTO termin VALUES (112, 1015040, '01.10.2000', '03.10.2000', 'Bochum');
INSERT INTO termin VALUES (113, 1025073, '07.10.2000', '10.10.2000', 'Bochum');
INSERT INTO termin VALUES (114, 1025073, '07.10.2000', '10.10.2000', 'Bochum');
INSERT INTO termin VALUES (115, 1015064, '11.10.2000', '14.10.2000', 'Bochum');
INSERT INTO termin VALUES (116, 1015064, '11.10.2000', '14.10.2000', 'Bochum');
INSERT INTO termin VALUES (117, 1040076, '14.10.2000', '17.10.2000', 'Bochum');
INSERT INTO termin VALUES (118, 1015068, '14.10.2000', '17.10.2000', 'Bochum');
INSERT INTO termin VALUES (119, 1025051, '16.10.2000', '18.10.2000', 'Bochum');
INSERT INTO termin VALUES (120, 1025051, '16.10.2000', '18.10.2000', 'Bochum');
INSERT INTO termin VALUES (121, 1015065, '21.10.2000', '24.10.2000', 'Bochum');
INSERT INTO termin VALUES (122, 1015065, '21.10.2000', '24.10.2000', 'Bochum');
INSERT INTO termin VALUES (123, 1025020, '25.10.2000', '25.10.2000', 'Bochum');
INSERT INTO termin VALUES (124, 1025020, '25.10.2000', '25.10.2000', 'Bochum');
INSERT INTO termin VALUES (125, 1015093, '28.10.2000', '30.10.2000', 'Bochum');
INSERT INTO termin VALUES (126, 1015067, '28.10.2000', '30.10.2000', 'Bochum');
INSERT INTO termin VALUES (127, 1020058, '15.11.2000', '15.11.2000', 'Bochum');
INSERT INTO termin VALUES (128, 1020058, '15.11.2000', '15.11.2000', 'Bochum');
INSERT INTO termin VALUES (129, 1030048, '18.11.2000', '19.11.2000', 'Bochum');
INSERT INTO termin VALUES (130, 1030048, '18.11.2000', '19.11.2000', 'Bochum');
INSERT INTO termin VALUES (131, 1040060, '21.11.2000', '22.11.2000', 'Bochum');
INSERT INTO termin VALUES (132, 1040060, '21.11.2000', '22.11.2000', 'Bochum');
INSERT INTO termin VALUES (133, 1030048, '25.11.2000', '28.11.2000', 'Bochum');
INSERT INTO termin VALUES (134, 1030048, '25.11.2000', '28.11.2000', 'Bochum');
INSERT INTO termin VALUES (135, 1015034, '02.12.2000', '05.12.2000', 'Bochum');
INSERT INTO termin VALUES (136, 1015034, '02.12.2000', '05.12.2000', 'Bochum');
INSERT INTO termin VALUES (137, 1015068, '09.12.2000', '12.12.2000', 'Bochum');
INSERT INTO termin VALUES (138, 1015068, '09.12.2000', '12.12.2000', 'Bochum');
INSERT INTO termin VALUES (139, 1015042, '16.12.2000', '19.12.2000', 'Bochum');
INSERT INTO termin VALUES (140, 1015027, '16.12.2000', '19.12.2000', 'Bochum');
INSERT INTO termin VALUES (141, 1015042, '16.12.2000', '19.12.2000', 'Bochum');
INSERT INTO termin VALUES (142, 1015027, '16.12.2000', '19.12.2000', 'Bochum');
INSERT INTO termin VALUES (143, 1015036, '18.02.2001', '20.02.2001', 'Bochum');
INSERT INTO termin VALUES (144, 1020053, '18.02.2001', '20.02.2001', 'Bochum');
INSERT INTO termin VALUES (145, 1020058, '21.02.2001', '21.02.2001', 'Bochum');
INSERT INTO termin VALUES (146, 1025019, '21.02.2001', '23.02.2001', 'Bochum');
INSERT INTO termin VALUES (147, 1025063, '21.02.2001', '23.02.2001', 'Bochum');
INSERT INTO termin VALUES (148, 1015031, '25.02.2001', '27.02.2001', 'Bochum');
INSERT INTO termin VALUES (149, 1020054, '25.02.2001', '27.02.2001', 'Bochum');
INSERT INTO termin VALUES (150, 1015028, '12.03.2001', '15.03.2001', 'Bochum');
INSERT INTO termin VALUES (151, 1015027, '18.03.2001', '21.03.2001', 'Bochum');
INSERT INTO termin VALUES (152, 1015024, '25.03.2001', '27.03.2001', 'Bochum');
INSERT INTO termin VALUES (153, 1010004, '25.03.2001', '26.03.2001', 'Bochum');
INSERT INTO termin VALUES (154, 1015034, '02.04.2001', '05.04.2001', 'Bochum');
INSERT INTO termin VALUES (155, 1020052, '05.04.2001', '05.04.2001', 'Bochum');
INSERT INTO termin VALUES (156, 1015026, '08.04.2001', '10.04.2001', 'Bochum');
INSERT INTO termin VALUES (157, 1010005, '08.04.2001', '11.04.2001', 'Bochum');
INSERT INTO termin VALUES (158, 1015041, '11.04.2001', '12.04.2001', 'Bochum');
INSERT INTO termin VALUES (159, 1025014, '22.04.2001', '23.04.2001', 'Bochum');
INSERT INTO termin VALUES (160, 1010006, '22.04.2001', '24.04.2001', 'Bochum');
INSERT INTO termin VALUES (161, 1015025, '22.04.2001', '24.04.2001', 'Bochum');
INSERT INTO termin VALUES (162, 1025015, '24.04.2001', '25.04.2001', 'Bochum');
INSERT INTO termin VALUES (163, 1025017, '29.04.2001', '30.04.2001', 'Bochum');
INSERT INTO termin VALUES (164, 1015034, '02.05.2001', '02.05.2001', 'Bochum');
INSERT INTO termin VALUES (165, 1025018, '02.05.2001', '03.05.2001', 'Bochum');
INSERT INTO termin VALUES (166, 1020052, '03.05.2001', '03.05.2001', 'Bochum');
INSERT INTO termin VALUES (167, 1015033, '06.05.2001', '08.05.2001', 'Bochum');
INSERT INTO termin VALUES (168, 1025019, '06.05.2001', '08.05.2001', 'Bochum');
INSERT INTO termin VALUES (169, 1025051, '13.05.2001', '15.05.2001', 'Bochum');
INSERT INTO termin VALUES (170, 1020058, '21.05.2001', '21.05.2001', 'Bochum');
INSERT INTO termin VALUES (171, 1025020, '21.05.2001', '21.05.2001', 'Bochum');
INSERT INTO termin VALUES (172, 1025063, '27.05.2001', '29.05.2001', 'Bochum');
INSERT INTO termin VALUES (173, 1025051, '31.05.2001', '01.06.2001', 'Bochum');
INSERT INTO termin VALUES (174, 1015028, '03.06.2001', '06.06.2001', 'Bochum');
INSERT INTO termin VALUES (175, 1015027, '10.06.2001', '13.06.2001', 'Bochum');
INSERT INTO termin VALUES (176, 1015034, '17.06.2001', '20.06.2001', 'Bochum');
INSERT INTO termin VALUES (177, 1020053, '17.06.2001', '19.06.2001', 'Bochum');
INSERT INTO termin VALUES (178, 1020054, '24.06.2001', '26.06.2001', 'Bochum');
INSERT INTO termin VALUES (179, 1025013, '27.06.2001', '28.06.2001', 'Bochum');
INSERT INTO termin VALUES (180, 1015024, '01.07.2001', '03.07.2001', 'Bochum');
INSERT INTO termin VALUES (181, 1010005, '15.07.2001', '17.07.2001', 'Bochum');
INSERT INTO termin VALUES (182, 1010004, '22.07.2001', '23.07.2001', 'Bochum');
INSERT INTO termin VALUES (183, 1015035, '22.07.2001', '24.07.2001', 'Bochum');
INSERT INTO termin VALUES (184, 1020053, '05.08.2001', '07.08.2001', 'Bochum');
INSERT INTO termin VALUES (185, 1010006, '12.08.2001', '14.08.2001', 'Bochum');
INSERT INTO termin VALUES (186, 1025061, '16.08.2001', '18.08.2001', 'Bochum');
INSERT INTO termin VALUES (187, 1030045, '18.08.2001', '22.08.2001', 'Bochum');
INSERT INTO termin VALUES (188, 1015044, '21.08.2001', '23.08.2001', 'Bochum');
INSERT INTO termin VALUES (189, 1025018, '26.08.2001', '28.08.2001', 'Bochum');
INSERT INTO termin VALUES (190, 1010008, '01.09.2001', '02.09.2001', 'Bochum');
INSERT INTO termin VALUES (191, 1010006, '02.09.2001', '04.09.2001', 'Bochum');
INSERT INTO termin VALUES (192, 1010007, '11.09.2001', '13.09.2001', 'Bochum');
INSERT INTO termin VALUES (193, 1040023, '14.09.2001', '15.09.2001', 'Bochum');
INSERT INTO termin VALUES (194, 1010004, '26.09.2001', '27.09.2001', 'Bochum');
INSERT INTO termin VALUES (195, 1025022, '26.09.2001', '27.09.2001', 'Bochum');
INSERT INTO termin VALUES (196, 1015024, '28.09.2001', '30.09.2001', 'Bochum');
INSERT INTO termin VALUES (197, 1030045, '30.09.2001', '02.10.2001', 'Bochum');
INSERT INTO termin VALUES (198, 1015040, '01.10.2001', '03.10.2001', 'Bochum');
INSERT INTO termin VALUES (199, 1025073, '07.10.2001', '10.10.2001', 'Bochum');
INSERT INTO termin VALUES (200, 1015064, '11.10.2001', '14.10.2001', 'Bochum');
INSERT INTO termin VALUES (201, 1015067, '14.10.2001', '17.10.2001', 'Bochum');
INSERT INTO termin VALUES (202, 1025051, '16.10.2001', '18.10.2001', 'Bochum');
INSERT INTO termin VALUES (203, 1015065, '21.10.2001', '24.10.2001', 'Bochum');
INSERT INTO termin VALUES (204, 1025020, '25.10.2001', '25.10.2001', 'Bochum');
INSERT INTO termin VALUES (205, 1025051, '28.10.2001', '30.10.2001', 'Bochum');
INSERT INTO termin VALUES (206, 1020058, '15.11.2001', '15.11.2001', 'Bochum');
INSERT INTO termin VALUES (207, 1030048, '18.11.2001', '19.11.2001', 'Bochum');
INSERT INTO termin VALUES (208, 1040060, '21.11.2001', '22.11.2001', 'Bochum');
INSERT INTO termin VALUES (209, 1030048, '25.11.2001', '28.11.2001', 'Bochum');
INSERT INTO termin VALUES (210, 1015034, '02.12.2001', '05.12.2001', 'Bochum');
INSERT INTO termin VALUES (211, 1015068, '09.12.2001', '12.12.2001', 'Bochum');
INSERT INTO termin VALUES (212, 1015042, '16.12.2001', '19.12.2001', 'Bochum');
INSERT INTO termin VALUES (213, 1015027, '16.12.2001', '19.12.2001', 'Bochum');
INSERT INTO termin VALUES (214, 1015036, '18.02.2002', '20.02.2002', 'Bochum');
INSERT INTO termin VALUES (215, 1020053, '18.02.2002', '20.02.2002', 'Bochum');
INSERT INTO termin VALUES (216, 1015036, '18.02.2002', '20.02.2002', 'Bochum');
INSERT INTO termin VALUES (217, 1020053, '18.02.2002', '20.02.2002', 'Bochum');
INSERT INTO termin VALUES (218, 1020058, '21.02.2002', '21.02.2002', 'Bochum');
INSERT INTO termin VALUES (219, 1025019, '21.02.2002', '23.02.2002', 'Bochum');
INSERT INTO termin VALUES (220, 1025051, '21.02.2002', '23.02.2002', 'Bochum');
INSERT INTO termin VALUES (221, 1020058, '21.02.2002', '21.02.2002', 'Bochum');
INSERT INTO termin VALUES (222, 1025019, '21.02.2002', '23.02.2002', 'Bochum');
INSERT INTO termin VALUES (223, 1025051, '21.02.2002', '23.02.2002', 'Bochum');
INSERT INTO termin VALUES (224, 1015031, '25.02.2002', '27.02.2002', 'Bochum');
INSERT INTO termin VALUES (225, 1020054, '25.02.2002', '27.02.2002', 'Bochum');
INSERT INTO termin VALUES (226, 1015031, '25.02.2002', '27.02.2002', 'Bochum');
INSERT INTO termin VALUES (227, 1020054, '25.02.2002', '27.02.2002', 'Bochum');
INSERT INTO termin VALUES (228, 1015028, '12.03.2002', '15.03.2002', 'Bochum');
INSERT INTO termin VALUES (229, 1015028, '12.03.2002', '15.03.2002', 'Bochum');
INSERT INTO termin VALUES (230, 1015027, '18.03.2002', '21.03.2002', 'Bochum');
INSERT INTO termin VALUES (231, 1015027, '18.03.2002', '21.03.2002', 'Bochum');
INSERT INTO termin VALUES (232, 1015044, '20.03.2002', '22.03.2003', 'Bochum');
INSERT INTO termin VALUES (233, 1015024, '25.03.2002', '27.03.2002', 'Bochum');
INSERT INTO termin VALUES (234, 1010004, '25.03.2002', '26.03.2002', 'Bochum');
INSERT INTO termin VALUES (235, 1015024, '25.03.2002', '27.03.2002', 'Bochum');
INSERT INTO termin VALUES (236, 1010004, '25.03.2002', '26.03.2002', 'Bochum');
INSERT INTO termin VALUES (237, 1015034, '02.04.2002', '05.04.2002', 'Bochum');
INSERT INTO termin VALUES (238, 1015034, '02.04.2002', '05.04.2002', 'Bochum');
INSERT INTO termin VALUES (239, 1020052, '05.04.2002', '05.04.2002', 'Bochum');
INSERT INTO termin VALUES (240, 1020052, '05.04.2002', '05.04.2002', 'Bochum');
INSERT INTO termin VALUES (241, 1015026, '08.04.2002', '10.04.2002', 'Bochum');
INSERT INTO termin VALUES (242, 1010005, '08.04.2002', '11.04.2002', 'Bochum');
INSERT INTO termin VALUES (243, 1015026, '08.04.2002', '10.04.2002', 'Bochum');
INSERT INTO termin VALUES (244, 1010005, '08.04.2002', '11.04.2002', 'Bochum');
INSERT INTO termin VALUES (245, 1015041, '11.04.2002', '12.04.2002', 'Bochum');
INSERT INTO termin VALUES (246, 1015041, '11.04.2002', '12.04.2002', 'Bochum');
INSERT INTO termin VALUES (247, 1025014, '22.04.2002', '23.04.2002', 'Bochum');
INSERT INTO termin VALUES (248, 1010006, '22.04.2002', '24.04.2002', 'Bochum');
INSERT INTO termin VALUES (249, 1015025, '22.04.2002', '24.04.2002', 'Bochum');
INSERT INTO termin VALUES (250, 1025014, '22.04.2002', '23.04.2002', 'Bochum');
INSERT INTO termin VALUES (251, 1010006, '22.04.2002', '24.04.2002', 'Bochum');
INSERT INTO termin VALUES (252, 1015025, '22.04.2002', '24.04.2002', 'Bochum');
INSERT INTO termin VALUES (253, 1025015, '24.04.2002', '25.04.2002', 'Bochum');
INSERT INTO termin VALUES (254, 1025015, '24.04.2002', '25.04.2002', 'Bochum');
INSERT INTO termin VALUES (255, 1025017, '29.04.2002', '30.04.2002', 'Bochum');
INSERT INTO termin VALUES (256, 1025017, '29.04.2002', '30.04.2002', 'Bochum');
INSERT INTO termin VALUES (257, 1015034, '02.05.2002', '02.05.2002', 'Bochum');
INSERT INTO termin VALUES (258, 1025018, '02.05.2002', '03.05.2002', 'Bochum');
INSERT INTO termin VALUES (259, 1015034, '02.05.2002', '02.05.2002', 'Bochum');
INSERT INTO termin VALUES (260, 1025018, '02.05.2002', '03.05.2002', 'Bochum');
INSERT INTO termin VALUES (261, 1020052, '03.05.2002', '03.05.2002', 'Bochum');
INSERT INTO termin VALUES (262, 1020052, '03.05.2002', '03.05.2002', 'Bochum');
INSERT INTO termin VALUES (263, 1015033, '06.05.2002', '08.05.2002', 'Bochum');
INSERT INTO termin VALUES (264, 1025019, '06.05.2002', '08.05.2002', 'Bochum');
INSERT INTO termin VALUES (265, 1015033, '06.05.2002', '08.05.2002', 'Bochum');
INSERT INTO termin VALUES (266, 1025019, '06.05.2002', '08.05.2002', 'Bochum');
INSERT INTO termin VALUES (267, 1025051, '13.05.2002', '15.05.2002', 'Bochum');
INSERT INTO termin VALUES (268, 1025051, '13.05.2002', '15.05.2002', 'Bochum');
INSERT INTO termin VALUES (269, 1020058, '21.05.2002', '21.05.2002', 'Bochum');
INSERT INTO termin VALUES (270, 1025020, '21.05.2002', '21.05.2002', 'Bochum');
INSERT INTO termin VALUES (271, 1020058, '21.05.2002', '21.05.2002', 'Bochum');
INSERT INTO termin VALUES (272, 1025020, '21.05.2002', '21.05.2002', 'Bochum');
INSERT INTO termin VALUES (273, 1025063, '27.05.2002', '29.05.2002', 'Bochum');
INSERT INTO termin VALUES (274, 1025063, '27.05.2002', '29.05.2002', 'Bochum');
INSERT INTO termin VALUES (275, 1025051, '31.05.2002', '01.06.2002', 'Bochum');
INSERT INTO termin VALUES (276, 1025051, '31.05.2002', '01.06.2002', 'Bochum');
INSERT INTO termin VALUES (277, 1015028, '03.06.2002', '06.06.2002', 'Bochum');
INSERT INTO termin VALUES (278, 1015028, '03.06.2002', '06.06.2002', 'Bochum');
INSERT INTO termin VALUES (279, 1015027, '10.06.2002', '13.06.2002', 'Bochum');
INSERT INTO termin VALUES (280, 1015027, '10.06.2002', '13.06.2002', 'Bochum');
INSERT INTO termin VALUES (281, 1015034, '17.06.2002', '20.06.2002', 'Bochum');
INSERT INTO termin VALUES (282, 1020053, '17.06.2002', '19.06.2002', 'Bochum');
INSERT INTO termin VALUES (283, 1015034, '17.06.2002', '20.06.2002', 'Bochum');
INSERT INTO termin VALUES (284, 1020053, '17.06.2002', '19.06.2002', 'Bochum');
INSERT INTO termin VALUES (285, 1020054, '24.06.2002', '26.06.2002', 'Bochum');
INSERT INTO termin VALUES (286, 1020054, '24.06.2002', '26.06.2002', 'Bochum');
INSERT INTO termin VALUES (287, 1025013, '27.06.2002', '28.06.2002', 'Bochum');
INSERT INTO termin VALUES (288, 1025013, '27.06.2002', '28.06.2002', 'Bochum');
INSERT INTO termin VALUES (289, 1015024, '01.07.2002', '03.07.2002', 'Bochum');
INSERT INTO termin VALUES (290, 1015024, '01.07.2002', '03.07.2002', 'Bochum');
INSERT INTO termin VALUES (291, 1010005, '15.07.2002', '17.07.2002', 'Bochum');
INSERT INTO termin VALUES (292, 1010005, '15.07.2002', '17.07.2002', 'Bochum');
INSERT INTO termin VALUES (293, 1010004, '22.07.2002', '23.07.2002', 'Bochum');
INSERT INTO termin VALUES (294, 1015035, '22.07.2002', '24.07.2002', 'Bochum');
INSERT INTO termin VALUES (295, 1010004, '22.07.2002', '23.07.2002', 'Bochum');
INSERT INTO termin VALUES (296, 1015035, '22.07.2002', '24.07.2002', 'Bochum');
INSERT INTO termin VALUES (297, 1020053, '05.08.2002', '07.08.2002', 'Bochum');
INSERT INTO termin VALUES (298, 1020053, '05.08.2002', '07.08.2002', 'Bochum');
INSERT INTO termin VALUES (299, 1010006, '12.08.2002', '14.08.2002', 'Bochum');
INSERT INTO termin VALUES (300, 1010006, '12.08.2002', '14.08.2002', 'Bochum');
INSERT INTO termin VALUES (301, 1025061, '16.08.2002', '18.08.2002', 'Bochum');
INSERT INTO termin VALUES (302, 1015026, '16.08.2002', '18.08.2002', 'Bochum');
INSERT INTO termin VALUES (303, 1030045, '18.08.2002', '22.08.2002', 'Bochum');
INSERT INTO termin VALUES (304, 1030045, '18.08.2002', '22.08.2002', 'Bochum');
INSERT INTO termin VALUES (305, 1015044, '21.08.2002', '23.08.2002', 'Bochum');
INSERT INTO termin VALUES (306, 1015044, '21.08.2002', '23.08.2002', 'Bochum');
INSERT INTO termin VALUES (307, 1025018, '26.08.2002', '28.08.2002', 'Bochum');
INSERT INTO termin VALUES (308, 1025018, '26.08.2002', '28.08.2002', 'Bochum');
INSERT INTO termin VALUES (309, 1010008, '01.09.2002', '02.09.2002', 'Bochum');
INSERT INTO termin VALUES (310, 1010008, '01.09.2002', '02.09.2002', 'Bochum');
INSERT INTO termin VALUES (311, 1010006, '02.09.2002', '04.09.2002', 'Bochum');
INSERT INTO termin VALUES (312, 1010006, '02.09.2002', '04.09.2002', 'Bochum');
INSERT INTO termin VALUES (313, 1010007, '11.09.2002', '13.09.2002', 'Bochum');
INSERT INTO termin VALUES (314, 1010007, '11.09.2002', '13.09.2002', 'Bochum');
INSERT INTO termin VALUES (315, 1040023, '14.09.2002', '15.09.2002', 'Bochum');
INSERT INTO termin VALUES (316, 1040023, '14.09.2002', '15.09.2002', 'Bochum');
INSERT INTO termin VALUES (317, 1010004, '26.09.2002', '27.09.2002', 'Bochum');
INSERT INTO termin VALUES (318, 1025022, '26.09.2002', '27.09.2002', 'Bochum');
INSERT INTO termin VALUES (319, 1010004, '26.09.2002', '27.09.2002', 'Bochum');
INSERT INTO termin VALUES (320, 1025022, '26.09.2002', '27.09.2002', 'Bochum');
INSERT INTO termin VALUES (321, 1015024, '28.09.2002', '30.09.2002', 'Bochum');
INSERT INTO termin VALUES (322, 1015024, '28.09.2002', '30.09.2002', 'Bochum');
INSERT INTO termin VALUES (323, 1030045, '30.09.2002', '02.10.2002', 'Bochum');
INSERT INTO termin VALUES (324, 1030045, '30.09.2002', '02.10.2002', 'Bochum');
INSERT INTO termin VALUES (325, 1015040, '01.10.2002', '03.10.2002', 'Bochum');
INSERT INTO termin VALUES (326, 1015040, '01.10.2002', '03.10.2002', 'Bochum');
INSERT INTO termin VALUES (327, 1025073, '07.10.2002', '10.10.2002', 'Bochum');
INSERT INTO termin VALUES (328, 1025073, '07.10.2002', '10.10.2002', 'Bochum');
INSERT INTO termin VALUES (329, 1015064, '11.10.2002', '14.10.2002', 'Bochum');
INSERT INTO termin VALUES (330, 1015064, '11.10.2002', '14.10.2002', 'Bochum');
INSERT INTO termin VALUES (331, 1015067, '14.10.2002', '17.10.2002', 'Bochum');
INSERT INTO termin VALUES (332, 1015067, '14.10.2002', '17.10.2002', 'Bochum');
INSERT INTO termin VALUES (333, 1025051, '16.10.2002', '18.10.2002', 'Bochum');
INSERT INTO termin VALUES (334, 1025051, '16.10.2002', '18.10.2002', 'Bochum');
INSERT INTO termin VALUES (335, 1015065, '21.10.2002', '24.10.2002', 'Bochum');
INSERT INTO termin VALUES (336, 1015065, '21.10.2002', '24.10.2002', 'Bochum');
INSERT INTO termin VALUES (337, 1025020, '25.10.2002', '25.10.2002', 'Bochum');
INSERT INTO termin VALUES (338, 1025020, '25.10.2002', '25.10.2002', 'Bochum');
INSERT INTO termin VALUES (339, 1025051, '28.10.2002', '30.10.2002', 'Bochum');
INSERT INTO termin VALUES (340, 1025051, '28.10.2002', '30.10.2002', 'Bochum');
INSERT INTO termin VALUES (341, 1020058, '14.11.2002', '15.11.2002', 'Bochum');
INSERT INTO termin VALUES (342, 1020058, '15.11.2002', '15.11.2002', 'Bochum');
INSERT INTO termin VALUES (343, 1030048, '18.11.2002', '19.11.2002', 'Bochum');
INSERT INTO termin VALUES (344, 1030048, '18.11.2002', '19.11.2002', 'Bochum');
INSERT INTO termin VALUES (345, 1015044, '20.11.2002', '22.11.2002', 'Köln');
INSERT INTO termin VALUES (346, 1040060, '21.11.2002', '22.11.2002', 'Bochum');
INSERT INTO termin VALUES (347, 1040060, '21.11.2002', '22.11.2002', 'Bochum');
INSERT INTO termin VALUES (348, 1030048, '25.11.2002', '28.11.2002', 'Bochum');
INSERT INTO termin VALUES (349, 1030048, '25.11.2002', '28.11.2002', 'Bochum');
INSERT INTO termin VALUES (350, 1015034, '02.12.2002', '05.12.2002', 'Bochum');
INSERT INTO termin VALUES (351, 1015034, '02.12.2002', '05.12.2002', 'Bochum');
INSERT INTO termin VALUES (352, 1015068, '09.12.2002', '12.12.2002', 'Bochum');
INSERT INTO termin VALUES (353, 1015068, '09.12.2002', '12.12.2002', 'Bochum');
INSERT INTO termin VALUES (354, 1015042, '16.12.2002', '19.12.2002', 'Bochum');
INSERT INTO termin VALUES (355, 1015027, '16.12.2002', '19.12.2002', 'Bochum');
INSERT INTO termin VALUES (356, 1015042, '16.12.2002', '19.12.2002', 'Bochum');
INSERT INTO termin VALUES (357, 1015027, '16.12.2002', '19.12.2002', 'Bochum');
INSERT INTO termin VALUES (358, 1015089, '01.01.2003', '03.01.2003', 'Dortmund');
INSERT INTO termin VALUES (359, 1015090, '04.01.2003', '05.01.2003', 'Dortmund');
INSERT INTO termin VALUES (360, 1015034, '06.01.2003', '09.01.2003', 'Bochum');
INSERT INTO termin VALUES (361, 1025047, '07.01.2003', '09.01.2003', 'Bochum');
INSERT INTO termin VALUES (362, 1025047, '07.01.2003', '09.01.2003', 'Bochum');
INSERT INTO termin VALUES (363, 1025047, '07.01.2003', '09.01.2003', 'Bochum');
INSERT INTO termin VALUES (364, 1025047, '07.01.2003', '09.01.2003', 'Bochum');
INSERT INTO termin VALUES (365, 1025047, '07.01.2003', '09.01.2003', 'Bochum');
INSERT INTO termin VALUES (366, 1025047, '07.01.2003', '09.01.2003', 'Bochum');
INSERT INTO termin VALUES (367, 1015024, '08.01.2003', '10.01.2003', 'Bochum');
INSERT INTO termin VALUES (368, 1015085, '13.01.2003', '15.01.2003', 'Bochum');
INSERT INTO termin VALUES (369, 1010008, '13.01.2003', '14.01.2003', 'Bochum');
INSERT INTO termin VALUES (370, 1015027, '20.01.2003', '24.01.2003', 'Bochum');
INSERT INTO termin VALUES (371, 1015044, '22.01.2003', '24.01.2003', 'Bochum');
INSERT INTO termin VALUES (372, 1015024, '27.01.2003', '30.01.2003', 'Bochum');
INSERT INTO termin VALUES (373, 1020058, '27.01.2003', '28.01.2003', 'Bochum');
INSERT INTO termin VALUES (374, 1030048, '31.01.2003', '01.02.2003', 'Bochum');
INSERT INTO termin VALUES (375, 1015064, '03.02.2003', '06.02.2003', 'Bochum');
INSERT INTO termin VALUES (376, 1030048, '03.02.2003', '04.02.2003', 'Bochum');
INSERT INTO termin VALUES (377, 1015034, '03.02.2003', '05.02.2003', 'Bochum');
INSERT INTO termin VALUES (378, 1025063, '07.02.2003', '09.02.2003', 'Berlin');
INSERT INTO termin VALUES (379, 1025063, '07.02.2003', '09.02.2003', 'Bochum');
INSERT INTO termin VALUES (380, 1025051, '10.02.2003', '12.02.2003', 'Berlin');
INSERT INTO termin VALUES (381, 1025051, '10.02.2003', '12.02.2003', 'Bochum');
INSERT INTO termin VALUES (382, 1015101, '13.02.2003', '14.02.2003', 'Bochum');
INSERT INTO termin VALUES (383, 1020055, '17.02.2003', '19.02.2003', 'Bochum');
INSERT INTO termin VALUES (384, 1015036, '18.02.2003', '20.02.2003', 'Bochum');
INSERT INTO termin VALUES (385, 1020053, '18.02.2003', '20.02.2003', 'Bochum');
INSERT INTO termin VALUES (386, 1025019, '19.02.2003', '21.02.2003', 'Bochum');
INSERT INTO termin VALUES (387, 1020058, '21.02.2003', '21.02.2003', 'Bochum');
INSERT INTO termin VALUES (388, 1025051, '21.02.2003', '23.02.2003', 'Bochum');
INSERT INTO termin VALUES (389, 1015031, '24.02.2003', '26.02.2003', 'Bochum');
INSERT INTO termin VALUES (390, 1015031, '24.02.2003', '26.02.2003', 'Dortmund');
INSERT INTO termin VALUES (391, 1025051, '24.02.2003', '26.12.2003', 'Bochum');
INSERT INTO termin VALUES (392, 1015031, '25.02.2003', '27.02.2003', 'Bochum');
INSERT INTO termin VALUES (393, 1020054, '25.02.2003', '27.02.2003', 'Bochum');
INSERT INTO termin VALUES (394, 1030048, '27.02.2003', '28.02.2003', 'Bochum');
INSERT INTO termin VALUES (395, 1020053, '03.03.2003', '05.03.2003', 'Bochum');
INSERT INTO termin VALUES (396, 1015034, '03.03.2003', '05.03.2003', 'Dortmund');
INSERT INTO termin VALUES (397, 1020053, '03.03.2003', '05.03.2003', 'Bochum');
INSERT INTO termin VALUES (398, 1010004, '05.03.2003', '06.03.2003', 'Bochum');
INSERT INTO termin VALUES (399, 1020059, '06.03.2003', '08.03.2003', 'Bochum');
INSERT INTO termin VALUES (400, 1025039, '06.03.2003', '07.03.2003', 'Bochum');
INSERT INTO termin VALUES (401, 1025073, '10.03.2003', '13.03.2003', 'Bochum');
INSERT INTO termin VALUES (402, 1025051, '10.03.2003', '12.03.2003', 'Dortmund');
INSERT INTO termin VALUES (403, 1015027, '10.03.2003', '13.03.2003', 'Bochum');
INSERT INTO termin VALUES (404, 1015028, '11.03.2003', '14.03.2003', 'Bochum');
INSERT INTO termin VALUES (405, 1015024, '12.03.2003', '14.03.2003', 'Bochum');
INSERT INTO termin VALUES (406, 1025061, '16.03.2003', '18.06.2003', 'Berlin');
INSERT INTO termin VALUES (407, 1025061, '16.03.2003', '18.06.2003', 'Bochum');
INSERT INTO termin VALUES (408, 1025063, '17.03.2003', '19.03.2003', 'Bochum');
INSERT INTO termin VALUES (409, 1015027, '18.03.2003', '21.03.2003', 'Bochum');
INSERT INTO termin VALUES (410, 1025039, '24.03.2003', '25.03.2003', 'Bochum');
INSERT INTO termin VALUES (411, 1015024, '25.03.2003', '27.03.2003', 'Bochum');
INSERT INTO termin VALUES (412, 1010004, '25.03.2003', '26.03.2003', 'Bochum');
INSERT INTO termin VALUES (413, 1010005, '25.03.2003', '28.03.2003', 'Bochum');
INSERT INTO termin VALUES (414, 1015093, '26.03.2003', '28.03.2003', 'Bochum');
INSERT INTO termin VALUES (415, 1020053, '26.03.2003', '28.03.2003', 'Bochum');
INSERT INTO termin VALUES (416, 1015089, '26.03.2003', '28.03.2003', 'Bochum');
INSERT INTO termin VALUES (417, 1030048, '27.03.2003', '28.03.2003', 'Bochum');
INSERT INTO termin VALUES (418, 1025039, '27.03.2003', '28.03.2003', 'Bochum');
INSERT INTO termin VALUES (419, 1025039, '27.03.2003', '28.03.2003', 'Bochum');
INSERT INTO termin VALUES (420, 1015034, '01.04.2003', '04.04.2003', 'Bochum');
INSERT INTO termin VALUES (421, 1010005, '01.04.2003', '04.04.2003', 'Bochum');
INSERT INTO termin VALUES (422, 1015036, '01.04.2003', '03.04.2003', 'Bochum');
INSERT INTO termin VALUES (423, 1020052, '05.04.2003', '05.04.2003', 'Bochum');
INSERT INTO termin VALUES (424, 1010009, '07.04.2003', '09.04.2003', 'Bochum');
INSERT INTO termin VALUES (425, 1015091, '07.04.2003', '09.04.2003', 'Dortmund');
INSERT INTO termin VALUES (426, 1010006, '07.04.2003', '10.04.2003', 'Bochum');
INSERT INTO termin VALUES (427, 1015026, '08.04.2003', '10.04.2003', 'Bochum');
INSERT INTO termin VALUES (428, 1010005, '08.04.2003', '11.04.2003', 'Bochum');
INSERT INTO termin VALUES (429, 1015041, '10.04.2003', '11.04.2003', 'Bochum');
INSERT INTO termin VALUES (430, 1010010, '10.04.2003', '12.04.2003', 'Bochum');
INSERT INTO termin VALUES (431, 1015090, '10.04.2003', '11.04.2003', 'Bochum');
INSERT INTO termin VALUES (432, 1010008, '13.04.2003', '14.04.2003', 'Bochum');
INSERT INTO termin VALUES (433, 1025048, '14.04.2003', '16.04.2003', 'Bochum');
INSERT INTO termin VALUES (434, 1015024, '14.04.2003', '16.04.2003', 'Düsseldorf');
INSERT INTO termin VALUES (435, 1015024, '14.04.2003', '16.04.2003', 'Köln');
INSERT INTO termin VALUES (436, 1025063, '14.04.2003', '16.04.2003', 'Bochum');
INSERT INTO termin VALUES (437, 1015026, '14.04.2003', '16.04.2003', 'Bochum');
INSERT INTO termin VALUES (438, 1015064, '14.04.2003', '17.04.2003', 'Bochum');
INSERT INTO termin VALUES (439, 1015103, '16.04.2003', '17.04.2003', 'Bochum');
INSERT INTO termin VALUES (440, 1015065, '16.04.2003', '19.04.2003', 'Bochum');
INSERT INTO termin VALUES (441, 1030048, '16.04.2003', '17.04.2003', 'Dortmund');
INSERT INTO termin VALUES (442, 1025096, '17.04.2003', '19.04.2003', 'Bochum');
INSERT INTO termin VALUES (443, 1015085, '17.04.2003', '20.04.2003', 'Bochum');
INSERT INTO termin VALUES (444, 1015025, '21.04.2003', '23.04.2003', 'Bochum');
INSERT INTO termin VALUES (445, 1025014, '22.04.2003', '23.04.2003', 'Bochum');
INSERT INTO termin VALUES (446, 1010006, '22.04.2003', '24.04.2003', 'Bochum');
INSERT INTO termin VALUES (447, 1015065, '22.04.2003', '25.04.2003', 'Bochum');
INSERT INTO termin VALUES (448, 1015034, '22.04.2003', '25.04.2003', 'Bochum');
INSERT INTO termin VALUES (449, 1015034, '22.04.2003', '25.04.2003', 'Dortmund');
INSERT INTO termin VALUES (450, 1015086, '22.04.2003', '24.04.2003', 'Bochum');
INSERT INTO termin VALUES (451, 1025015, '24.04.2003', '25.04.2003', 'Bochum');
INSERT INTO termin VALUES (452, 1020058, '24.04.2003', '25.04.2003', 'Dortmund');
INSERT INTO termin VALUES (453, 1020058, '24.04.2003', '25.04.2003', 'Dortmund');
INSERT INTO termin VALUES (454, 1040097, '28.04.2003', '30.04.2003', 'Bochum');
INSERT INTO termin VALUES (455, 1020055, '28.04.2003', '30.04.2003', 'Bochum');
INSERT INTO termin VALUES (456, 1025017, '29.04.2003', '30.04.2003', 'Bochum');
INSERT INTO termin VALUES (457, 1025018, '01.05.2003', '02.05.2003', 'Bochum');
INSERT INTO termin VALUES (458, 1015034, '01.05.2003', '04.05.2003', 'Bochum');
INSERT INTO termin VALUES (459, 1020052, '02.05.2003', '02.05.2003', 'Bochum');
INSERT INTO termin VALUES (460, 1015034, '02.05.2003', '02.05.2003', 'Bochum');
INSERT INTO termin VALUES (461, 1015102, '02.05.2003', '02.05.2003', 'Bochum');
INSERT INTO termin VALUES (462, 1015038, '05.05.2003', '07.05.2003', 'Bochum');
INSERT INTO termin VALUES (463, 1015036, '05.05.2003', '07.05.2003', 'Dortmund');
INSERT INTO termin VALUES (464, 1015028, '05.05.2003', '08.05.2003', 'Bochum');
INSERT INTO termin VALUES (465, 1015033, '06.05.2003', '08.05.2003', 'Bochum');
INSERT INTO termin VALUES (466, 1025019, '06.05.2003', '08.05.2003', 'Bochum');
INSERT INTO termin VALUES (467, 1010009, '07.05.2003', '09.05.2003', 'Bochum');
INSERT INTO termin VALUES (468, 1010011, '07.05.2003', '09.05.2003', 'Bochum');
INSERT INTO termin VALUES (469, 1015091, '08.05.2003', '10.05.2003', 'Bochum');
INSERT INTO termin VALUES (470, 2020109, '08.05.2003', '09.05.2003', 'Dortmund');
INSERT INTO termin VALUES (471, 1030045, '12.05.2003', '15.05.2003', 'Bochum');
INSERT INTO termin VALUES (472, 1015064, '12.05.2003', '15.05.2003', 'Münster');
INSERT INTO termin VALUES (473, 1015064, '12.05.2003', '15.05.2003', 'Dortmund');
INSERT INTO termin VALUES (474, 1015064, '12.05.2003', '15.05.2003', 'Leipzig');
INSERT INTO termin VALUES (475, 1025051, '13.05.2003', '15.05.2003', 'Bochum');
INSERT INTO termin VALUES (476, 1025047, '16.05.2003', '18.05.2003', 'Bochum');
INSERT INTO termin VALUES (477, 1025063, '19.05.2003', '21.05.2003', 'Dortmund');
INSERT INTO termin VALUES (478, 1025017, '20.05.2003', '21.05.2003', 'Bochum');
INSERT INTO termin VALUES (479, 1020058, '21.05.2003', '21.05.2003', 'Bochum');
INSERT INTO termin VALUES (480, 1025020, '21.05.2003', '21.05.2003', 'Bochum');
INSERT INTO termin VALUES (481, 1025019, '22.05.2003', '25.05.2003', 'Bochum');
INSERT INTO termin VALUES (482, 1020059, '26.05.2003', '28.05.2003', 'Bochum');
INSERT INTO termin VALUES (483, 1010007, '26.05.2003', '29.05.2003', 'Dortmund');
INSERT INTO termin VALUES (484, 1025063, '27.05.2003', '29.05.2003', 'Bochum');
INSERT INTO termin VALUES (485, 1040097, '27.05.2003', '29.05.2003', 'Bochum');
INSERT INTO termin VALUES (486, 1025051, '29.05.2003', '31.05.2003', 'Bochum');
INSERT INTO termin VALUES (487, 1030048, '29.05.2003', '30.05.2003', 'Bochum');
INSERT INTO termin VALUES (488, 1015105, '30.05.2003', '30.05.2003', 'Bochum');
INSERT INTO termin VALUES (489, 1020052, '02.06.2003', '03.06.2003', 'Bochum');
INSERT INTO termin VALUES (490, 1015038, '02.06.2003', '04.06.2003', 'Bochum');
INSERT INTO termin VALUES (491, 1015064, '02.06.2003', '05.06.2003', 'Dortmund');
INSERT INTO termin VALUES (492, 1015028, '03.06.2003', '06.06.2003', 'Bochum');
INSERT INTO termin VALUES (493, 1020053, '04.06.2003', '06.06.2003', 'Bochum');
INSERT INTO termin VALUES (494, 1015029, '07.06.2003', '08.06.2003', 'Bochum');
INSERT INTO termin VALUES (495, 1015088, '09.06.2003', '12.06.2003', 'Bochum');
INSERT INTO termin VALUES (496, 1015027, '10.06.2003', '13.06.2003', 'Bochum');
INSERT INTO termin VALUES (497, 1025061, '10.06.2003', '12.06.2003', 'Bochum');
INSERT INTO termin VALUES (498, 1015068, '10.06.2003', '13.06.2003', 'Dortmund');
INSERT INTO termin VALUES (499, 1025039, '12.06.2003', '13.06.2003', 'Bochum');
INSERT INTO termin VALUES (500, 1010006, '16.06.2003', '19.06.2003', 'Bochum');
INSERT INTO termin VALUES (501, 1015043, '16.06.2003', '18.06.2003', 'Düsseldorf');
INSERT INTO termin VALUES (502, 1015043, '16.06.2003', '18.06.2003', 'Köln');
INSERT INTO termin VALUES (503, 2020110, '16.06.2003', '18.06.2003', 'Dortmund');
INSERT INTO termin VALUES (504, 1015087, '16.06.2003', '18.06.2003', 'Bochum');
INSERT INTO termin VALUES (505, 1015034, '17.06.2003', '20.06.2003', 'Bochum');
INSERT INTO termin VALUES (506, 1020053, '17.06.2003', '19.06.2003', 'Bochum');
INSERT INTO termin VALUES (507, 1015104, '19.06.2003', '20.06.2003', 'Bochum');
INSERT INTO termin VALUES (508, 1010005, '19.06.2003', '20.06.2003', 'Bochum');
INSERT INTO termin VALUES (509, 1010079, '23.06.2003', '26.06.2003', 'Bochum');
INSERT INTO termin VALUES (510, 1015036, '23.06.2003', '24.06.2003', 'Bochum');
INSERT INTO termin VALUES (511, 1015036, '23.06.2003', '24.06.2003', 'Dortmund');
INSERT INTO termin VALUES (512, 1015038, '23.06.2003', '25.06.2003', 'Dortmund');
INSERT INTO termin VALUES (513, 1020053, '23.06.2003', '25.06.2003', 'Bochum');
INSERT INTO termin VALUES (514, 1020054, '24.06.2003', '26.06.2003', 'Bochum');
INSERT INTO termin VALUES (515, 1025013, '27.06.2003', '28.06.2003', 'Bochum');
INSERT INTO termin VALUES (516, 1025061, '27.06.2003', '29.06.2003', 'Bochum');
INSERT INTO termin VALUES (517, 1015024, '01.07.2003', '03.07.2003', 'Bochum');
INSERT INTO termin VALUES (518, 1010005, '01.07.2003', '04.07.2003', 'Dortmund');
INSERT INTO termin VALUES (519, 1015089, '01.07.2003', '03.07.2003', 'Bochum');
INSERT INTO termin VALUES (520, 1015067, '01.07.2003', '04.07.2003', 'Bochum');
INSERT INTO termin VALUES (521, 1015024, '02.07.2003', '04.07.2003', 'Bochum');
INSERT INTO termin VALUES (522, 1010009, '03.07.2003', '04.07.2003', 'Dortmund');
INSERT INTO termin VALUES (523, 1015090, '04.07.2003', '05.07.2003', 'Bochum');
INSERT INTO termin VALUES (524, 1010009, '07.07.2003', '09.07.2003', 'Dortmund');
INSERT INTO termin VALUES (525, 1025061, '07.07.2003', '09.07.2003', 'Dortmund');
INSERT INTO termin VALUES (526, 1010010, '10.07.2003', '12.07.2003', 'Bochum');
INSERT INTO termin VALUES (527, 1025048, '14.07.2003', '16.07.2003', 'Münster');
INSERT INTO termin VALUES (528, 1015065, '14.07.2003', '17.07.2003', 'Münster');
INSERT INTO termin VALUES (529, 1015065, '14.07.2003', '17.07.2003', 'Dortmund');
INSERT INTO termin VALUES (530, 1015065, '14.07.2003', '17.07.2003', 'Leipzig');
INSERT INTO termin VALUES (531, 1010005, '15.07.2003', '17.07.2003', 'Bochum');
INSERT INTO termin VALUES (532, 1025096, '17.07.2003', '19.07.2003', 'Münster');
INSERT INTO termin VALUES (533, 1025039, '17.07.2003', '18.07.2003', 'Dortmund');
INSERT INTO termin VALUES (534, 1010005, '21.07.2003', '24.07.2003', 'Bochum');
INSERT INTO termin VALUES (535, 1015065, '21.07.2003', '24.07.2003', 'Dortmund');
INSERT INTO termin VALUES (536, 1010008, '21.07.2003', '24.07.2003', 'Bochum');
INSERT INTO termin VALUES (537, 1010004, '22.07.2003', '23.07.2003', 'Bochum');
INSERT INTO termin VALUES (538, 1015035, '22.07.2003', '24.07.2003', 'Bochum');
INSERT INTO termin VALUES (539, 1015065, '22.07.2003', '25.07.2003', 'Bochum');
INSERT INTO termin VALUES (540, 1040097, '28.07.2003', '30.07.2003', 'Bochum');
INSERT INTO termin VALUES (541, 1020055, '28.07.2003', '30.07.2003', 'Bochum');
INSERT INTO termin VALUES (542, 1025071, '04.08.2003', '07.08.2003', 'Bochum');
INSERT INTO termin VALUES (543, 2020109, '04.08.2003', '05.08.2003', 'Bochum');
INSERT INTO termin VALUES (544, 1015088, '04.08.2003', '07.08.2003', 'Bochum');
INSERT INTO termin VALUES (545, 1020053, '05.08.2003', '07.08.2003', 'Bochum');
INSERT INTO termin VALUES (546, 1025071, '11.08.2003', '14.08.2003', 'Berlin');
INSERT INTO termin VALUES (547, 1025071, '11.08.2003', '14.08.2003', 'Bochum');
INSERT INTO termin VALUES (548, 1015043, '11.08.2003', '13.08.2003', 'Dortmund');
INSERT INTO termin VALUES (549, 1010009, '11.08.2003', '14.08.2003', 'Dortmund');
INSERT INTO termin VALUES (550, 1010006, '12.08.2003', '14.08.2003', 'Bochum');
INSERT INTO termin VALUES (551, 1025061, '14.08.2003', '16.08.2003', 'Bochum');
INSERT INTO termin VALUES (552, 1015044, '17.08.2003', '19.08.2003', 'Düsseldorf');
INSERT INTO termin VALUES (553, 1015044, '17.08.2003', '19.08.2003', 'Köln');
INSERT INTO termin VALUES (554, 1030045, '18.08.2003', '22.08.2003', 'Bochum');
INSERT INTO termin VALUES (555, 1020059, '18.08.2003', '20.08.2003', 'Dortmund');
INSERT INTO termin VALUES (556, 1015066, '18.08.2003', '21.08.2003', 'Bochum');
INSERT INTO termin VALUES (557, 1015044, '20.08.2003', '22.08.2003', 'Bochum');
INSERT INTO termin VALUES (558, 1015068, '20.08.2003', '23.08.2003', 'Düsseldorf');
INSERT INTO termin VALUES (559, 1015068, '20.08.2003', '23.08.2003', 'Köln');
INSERT INTO termin VALUES (560, 1015038, '25.08.2003', '27.08.2003', 'Bochum');
INSERT INTO termin VALUES (561, 1015038, '25.08.2003', '27.08.2003', 'Dortmund');
INSERT INTO termin VALUES (562, 1025071, '25.08.2003', '28.08.2003', 'Dortmund');
INSERT INTO termin VALUES (563, 1025018, '26.08.2003', '28.08.2003', 'Bochum');
INSERT INTO termin VALUES (564, 1030048, '28.08.2003', '01.09.2003', 'Dortmund');
INSERT INTO termin VALUES (565, 1010004, '28.08.2003', '29.08.2003', 'Bochum');
INSERT INTO termin VALUES (566, 1010008, '01.09.2003', '02.09.2003', 'Bochum');
INSERT INTO termin VALUES (567, 1015067, '01.09.2003', '04.09.2003', 'Dortmund');
INSERT INTO termin VALUES (568, 1015044, '01.09.2003', '03.09.2003', 'Dortmund');
INSERT INTO termin VALUES (569, 1015032, '01.09.2003', '04.09.2003', 'Bochum');
INSERT INTO termin VALUES (570, 1010006, '02.09.2003', '04.09.2003', 'Bochum');
INSERT INTO termin VALUES (571, 1015024, '03.09.2003', '05.09.2003', 'Dortmund');
INSERT INTO termin VALUES (572, 1010006, '04.09.2003', '05.09.2003', 'Dortmund');
INSERT INTO termin VALUES (573, 1015034, '06.09.2003', '09.09.2003', 'Dortmund');
INSERT INTO termin VALUES (574, 1015034, '06.09.2003', '09.09.2003', 'Köln');
INSERT INTO termin VALUES (575, 1010007, '11.09.2003', '13.09.2003', 'Bochum');
INSERT INTO termin VALUES (576, 1015085, '13.09.2003', '15.09.2003', 'Bochum');
INSERT INTO termin VALUES (577, 1015085, '13.09.2003', '15.09.2003', 'Bochum');
INSERT INTO termin VALUES (578, 1040023, '14.09.2003', '15.09.2003', 'Bochum');
INSERT INTO termin VALUES (579, 1015066, '15.09.2003', '18.09.2003', 'Münster');
INSERT INTO termin VALUES (580, 1015066, '15.09.2003', '18.09.2003', 'Dortmund');
INSERT INTO termin VALUES (581, 1015066, '15.09.2003', '18.09.2003', 'Leipzig');
INSERT INTO termin VALUES (582, 1015037, '17.09.2003', '19.09.2003', 'Bochum');
INSERT INTO termin VALUES (583, 2020110, '17.09.2003', '19.09.2003', 'Bochum');
INSERT INTO termin VALUES (584, 1010011, '17.09.2003', '19.09.2003', 'Dortmund');
INSERT INTO termin VALUES (585, 1015027, '20.09.2003', '24.09.2003', 'Bochum');
INSERT INTO termin VALUES (586, 1025072, '22.09.2003', '25.09.2003', 'Dortmund');
INSERT INTO termin VALUES (587, 1015066, '22.09.2003', '25.09.2003', 'Dortmund');
INSERT INTO termin VALUES (588, 1010004, '24.09.2003', '25.09.2003', 'Bochum');
INSERT INTO termin VALUES (589, 1015089, '24.09.2003', '26.09.2003', 'Bochum');
INSERT INTO termin VALUES (590, 1010009, '24.09.2003', '26.09.2003', 'Bochum');
INSERT INTO termin VALUES (591, 1025022, '25.09.2003', '26.09.2003', 'Bochum');
INSERT INTO termin VALUES (592, 1015024, '27.09.2003', '30.09.2003', 'Dortmund');
INSERT INTO termin VALUES (593, 1015024, '28.09.2003', '30.09.2003', 'Bochum');
INSERT INTO termin VALUES (594, 1020059, '29.09.2003', '01.10.2003', 'Bochum');
INSERT INTO termin VALUES (595, 1030045, '30.09.2003', '02.10.2003', 'Bochum');
INSERT INTO termin VALUES (596, 1015040, '01.10.2003', '03.10.2003', 'Bochum');
INSERT INTO termin VALUES (597, 1015089, '01.10.2003', '03.10.2003', 'Münster');
INSERT INTO termin VALUES (598, 1015090, '04.10.2003', '05.10.2003', 'Münster');
INSERT INTO termin VALUES (599, 1030073, '06.10.2003', '09.10.2003', 'Dortmund');
INSERT INTO termin VALUES (600, 1025072, '06.10.2003', '09.10.2003', 'Bochum');
INSERT INTO termin VALUES (601, 1010005, '06.10.2003', '09.10.2003', 'Dortmund');
INSERT INTO termin VALUES (602, 1025073, '07.10.2003', '10.10.2003', 'Bochum');
INSERT INTO termin VALUES (603, 1020058, '09.10.2003', '10.10.2003', 'Bochum');
INSERT INTO termin VALUES (604, 1025039, '09.10.2003', '10.10.2003', 'Bochum');
INSERT INTO termin VALUES (605, 1015091, '10.10.2003', '12.10.2003', 'Bochum');
INSERT INTO termin VALUES (606, 1015064, '13.10.2003', '16.10.2003', 'Bochum');
INSERT INTO termin VALUES (607, 1025072, '13.10.2003', '16.10.2003', 'Berlin');
INSERT INTO termin VALUES (608, 1025072, '13.10.2003', '16.10.2003', 'Bochum');
INSERT INTO termin VALUES (609, 1025073, '13.10.2003', '16.10.2003', 'Dortmund');
INSERT INTO termin VALUES (610, 1015067, '14.10.2003', '17.10.2003', 'Bochum');
INSERT INTO termin VALUES (611, 1025051, '15.10.2003', '17.10.2003', 'Bochum');
INSERT INTO termin VALUES (612, 1015067, '20.10.2003', '23.10.2003', 'Bochum');
INSERT INTO termin VALUES (613, 1015067, '20.10.2003', '23.10.2003', 'Dortmund');
INSERT INTO termin VALUES (614, 1030073, '20.10.2003', '23.10.2003', 'Bochum');
INSERT INTO termin VALUES (615, 1015093, '20.10.2003', '22.10.2003', 'Dortmund');
INSERT INTO termin VALUES (616, 1015065, '21.10.2003', '24.10.2003', 'Bochum');
INSERT INTO termin VALUES (617, 1015068, '21.10.2003', '24.10.2003', 'Bochum');
INSERT INTO termin VALUES (618, 1025020, '24.10.2003', '24.10.2003', 'Bochum');
INSERT INTO termin VALUES (619, 1015093, '27.10.2003', '29.10.2003', 'Bochum');
INSERT INTO termin VALUES (620, 1020055, '27.10.2003', '29.10.2003', 'Dortmund');
INSERT INTO termin VALUES (621, 1025051, '28.10.2003', '30.10.2003', 'Bochum');
INSERT INTO termin VALUES (622, 1015090, '29.10.2003', '30.10.2003', 'Bochum');
INSERT INTO termin VALUES (623, 1020053, '03.11.2003', '05.11.2003', 'Bochum');
INSERT INTO termin VALUES (624, 1020059, '06.11.2003', '08.11.2003', 'Bochum');
INSERT INTO termin VALUES (625, 1010010, '06.11.2003', '07.11.2003', 'Bochum');
INSERT INTO termin VALUES (626, 1025073, '10.11.2003', '13.11.2003', 'Köln');
INSERT INTO termin VALUES (627, 1025073, '10.11.2003', '13.12.2003', 'Bochum');
INSERT INTO termin VALUES (628, 1025039, '13.11.2003', '14.11.2003', 'Bochum');
INSERT INTO termin VALUES (629, 1020058, '14.11.2003', '14.11.2003', 'Bochum');
INSERT INTO termin VALUES (630, 1025063, '17.11.2003', '19.11.2003', 'Köln');
INSERT INTO termin VALUES (631, 1015099, '17.11.2003', '19.11.2003', 'Bochum');
INSERT INTO termin VALUES (632, 1030048, '18.11.2003', '19.11.2003', 'Bochum');
INSERT INTO termin VALUES (633, 1015044, '19.11.2003', '21.11.2003', 'Bochum');
INSERT INTO termin VALUES (634, 1040060, '20.11.2003', '21.11.2003', 'Bochum');
INSERT INTO termin VALUES (635, 1025039, '24.11.2003', '25.11.2003', 'Köln');
INSERT INTO termin VALUES (636, 1030073, '24.11.2003', '27.11.2003', 'Bochum');
INSERT INTO termin VALUES (637, 1030073, '24.11.2003', '27.11.2003', 'Dortmund');
INSERT INTO termin VALUES (638, 1020053, '24.11.2003', '26.11.2003', 'Dortmund');
INSERT INTO termin VALUES (639, 1030048, '25.11.2003', '28.11.2003', 'Bochum');
INSERT INTO termin VALUES (640, 1015093, '26.11.2003', '28.11.2003', 'Bochum');
INSERT INTO termin VALUES (641, 1010009, '26.11.2003', '28.11.2003', 'Dortmund');
INSERT INTO termin VALUES (642, 1015031, '01.12.2003', '03.12.2003', 'Dortmund');
INSERT INTO termin VALUES (643, 1015034, '02.12.2003', '05.12.2003', 'Bochum');
INSERT INTO termin VALUES (644, 1025073, '08.12.2003', '11.12.2003', 'Berlin');
INSERT INTO termin VALUES (645, 1025073, '08.12.2003', '11.12.2003', 'Bochum');
INSERT INTO termin VALUES (646, 1015091, '08.12.2003', '11.12.2003', 'Bochum');
INSERT INTO termin VALUES (647, 1015091, '08.12.2003', '11.12.2003', 'Dortmund');
INSERT INTO termin VALUES (648, 1015099, '08.12.2003', '10.12.2003', 'Dortmund');
INSERT INTO termin VALUES (649, 1015043, '08.12.2003', '10.12.2003', 'Bochum');
INSERT INTO termin VALUES (650, 1015068, '09.12.2003', '12.12.2003', 'Bochum');
INSERT INTO termin VALUES (651, 1015031, '15.12.2003', '17.12.2003', 'Bochum');
INSERT INTO termin VALUES (652, 1015042, '16.12.2003', '19.12.2003', 'Bochum');
INSERT INTO termin VALUES (653, 1015027, '16.12.2003', '19.12.2003', 'Bochum');

--

--
-- Tabelle Unternehmen
--------------------------------------------------------
drop table unternehmen;
CREATE TABLE unternehmen
("U_NR" NUMBER(5) NOT NULL, 
 "U_NAME" VARCHAR2(200),
 "U_BRANCHE" VARCHAR2(100), 
 "U_STRASSE" VARCHAR2(30),
 "U_HAUSNR" VARCHAR2(5), 
 "U_STADTTEIL" VARCHAR2(30),
 "U_LAND" VARCHAR2(2),
 "U_PLZ"  NUMBER(5),
 "U_STADT" VARCHAR2(30),
 "U_TELART" VARCHAR2(10), 
 "U_VORWAHL" NUMBER(10),
 "U_TELNR" NUMBER(10),
  PRIMARY KEY("U_NR"))  
  TABLESPACE "STUDENTEN";
---------------------------------------------------------
-- Daten Tabelle Unternehmen
--    
INSERT INTO unternehmen VALUES (1, 'XY PR Multimediakonzepte GmbH', 'Marketing u. Consulting', 'Bömmerstr.', '32A', 'Langendreer', 'D', 44892, 'Bochum', 'Telefax', 234, 2878243);
INSERT INTO unternehmen VALUES (2, 'A.B.T. Quasitek GmbH', 'Robotik', NULL, '', NULL, 'D', 44, 'Bochum', NULL, 2327, 788678);
INSERT INTO unternehmen VALUES (3, 'A.B.C. + Co.', 'Schreibbüro', 'Hunscheidtstr.', '113', 'Wiemelhausen', 'D', 44789, 'Bochum', NULL, 234, 330052);
INSERT INTO unternehmen VALUES (4, 'Elektro-Bau Heinrich GmbH', 'Elektronik', 'Daimlerstr.', '7', 'Gerthe', 'D', 44805, 'Bochum', NULL, 234, 862529);
INSERT INTO unternehmen VALUES (5, 'Elektrotechnik Fleischer', 'Elektronik', 'Hasenwinkeler Str.', '161', 'Dahlhausen', 'D', 44879, 'Bochum', NULL, 234, 9412201);
INSERT INTO unternehmen VALUES (6, 'ELMO Elektro Mommse GmbH', 'Elektronik', 'Rombacher Hütte', '11', 'Weitmar', 'D', 44795, 'Bochum', NULL, 234, 43973);
INSERT INTO unternehmen VALUES (7, 'Zwinger', 'Großschlachterei', 'Schlachthof', '', NULL, 'D', 44809, 'Bochum', NULL, 234, 524743);
INSERT INTO unternehmen VALUES (8, 'Heck Treuhand Steuerberatungsgesellschaft mbH', 'Steuerberatung', 'Josef-Baumann-Str.', '43', 'Gerthe', 'D', 44805, 'Bochum', NULL, 234, 89192);
INSERT INTO unternehmen VALUES (9, 'KB Koch + Bund GmbH', 'Friseurbedarfgroßhandel', 'Griesenbruchstr.', '9', 'Innenstadt', 'D', 44793, 'Bochum', NULL, 234, 66210);
INSERT INTO unternehmen VALUES (10, 'Leuchtfeldt Fenster-Technik GmbH', 'Fensterbau', 'Viktoriastr.', '18', 'Innenstadt', 'D', 44787, 'Bochum', NULL, 234, 15867);
INSERT INTO unternehmen VALUES (11, 'Meime', 'Agentur für Text u. Kommunikation', 'Trakehner Str.', '7', 'Dahlhausen', 'D', 44879, 'Bochum', NULL, 234, 494483);
INSERT INTO unternehmen VALUES (12, 'Förster', 'Technische Gummiwaren', 'Deimketal', '52', 'Linden', 'D', 44797, 'Bochum', NULL, 234, 473572);
INSERT INTO unternehmen VALUES (13, 'Frommstedt Baustoffhandel GmbH + Co. KG', 'Baustoffe', 'In der Uhlenflucht', '1', 'Weitmar', 'D', 44795, 'Bochum', NULL, 234, 450204);
INSERT INTO unternehmen VALUES (14, 'Muck Industrietechnik GmbH', 'Automatenbau', 'Burgstr.', '21', 'Westenfeld', 'D', 44867, 'Bochum', NULL, 2327, 9483);
INSERT INTO unternehmen VALUES (15, 'KIURE Hartbeton GmbH + Co.', 'Baustoffe', 'Hohensteinstr.', '19', 'Wattenscheid', 'D', 44866, 'Bochum', NULL, 2327, 321084);
INSERT INTO unternehmen VALUES (16, 'Flachnicki', 'Media RK internet u. multimedia', 'Weststr.', '76a', 'Wattenscheid', 'D', 44866, 'Bochum', 'D1', 171, 8384736);
INSERT INTO unternehmen VALUES (17, 'Uckster E. B. KG', 'Buchdruckerei Bürobedarf', 'Wasserstr.', '481', 'Weitmar', 'D', 44795, 'Bochum', NULL, 234, 431456);
INSERT INTO unternehmen VALUES (18, 'Hans-Werner Steiger Heizung-Sanitär GmbH', 'Sannitär', 'Kaltehardtstr.', '73', 'Langendreer', 'D', 44892, 'Bochum', NULL, 234, 291835);
INSERT INTO unternehmen VALUES (19, 'Mückenberg GmbH + Co. KG, Johann', 'Bauunternehmung', 'Alte Bahnhofstr.', '155', 'Langendreer', 'D', 44892, 'Bochum', NULL, 234, 287084);
INSERT INTO unternehmen VALUES (20, 'OPV Förderanlagen GmbH', 'Baustoffe', 'Josef-Baumann-Str.', '17', 'Gerthe', 'D', 44805, 'Bochum', NULL, 234, 89146);
INSERT INTO unternehmen VALUES (21, 'KS Kühl-System- GmbH + Co', 'Sanitär', 'Krayer Str.', '48a', 'Leithe', 'D', 44866, 'Bochum', 'Telefax', 2327, 9491);
INSERT INTO unternehmen VALUES (22, 'LKM-Steuerberatungsgesellschaft mbH', 'Steuerberatung', 'Hochstr.', '8', 'Wattenscheid', 'D', 44866, 'Bochum', NULL, 2327, 10053);
INSERT INTO unternehmen VALUES (23, 'Quabeck GmbH Brandschutzsysteme + Tageslichttechnik', 'Brandschutz', 'Essener Str.', '277a', 'Weitmar', 'D', 44793, 'Bochum', 'Telefax', 234, 14489);
INSERT INTO unternehmen VALUES (24, 'Küchenstudio Mittelauer GmbH', 'Küchen', 'Hattinger Str.', '44', 'Wiemelhausen', 'D', 44789, 'Bochum', NULL, 234, 300060);
INSERT INTO unternehmen VALUES (25, 'Fleckner + Söhne GmbH + Co. KG', 'Fördergurte Gummi Kunststoffe', 'Josef-Baumann-Str.', '9', 'Gerthe', 'D', 44805, 'Bochum', 'Telefax', 234, 865799);
INSERT INTO unternehmen VALUES (26, 'Baum Baustoffgroßhandel, Baustoffe Transp. Brennstoffe', 'Baustoffe', 'Industriestr.', '30', 'Langendreer', 'D', 44892, 'Bochum', NULL, 234, 28197);
INSERT INTO unternehmen VALUES (27, 'Kunststoff Gesellschaft mit beschränkter Haftung', 'Kunststoff', 'Gasstr.', '9', 'Langendreer', 'D', 44894, 'Bochum', 'Telefax', 234, 236826);
INSERT INTO unternehmen VALUES (28, 'König Hof Weinkellerei GmbH', 'Wein', 'Altenbochumer Str.', '5', 'Altenbochum', 'D', 44803, 'Bochum', NULL, 234, 300111);
INSERT INTO unternehmen VALUES (29, 'Wellmer Wohnungsbau GmbH', 'Bauträger', 'Am Varenholt', '109A', 'Stiepel', 'D', 44797, 'Bochum', NULL, 234, 9791855);
INSERT INTO unternehmen VALUES (30, 'Kirzich', 'Computer u. Datentechnik', 'Kleine Hordeler Str.', '18', 'Hofstede', 'D', 44809, 'Bochum', NULL, 234, 523462);
INSERT INTO unternehmen VALUES (31, 'Blattwerk Marktforschung GmbH', 'Marketing u. Consulting', 'Prinz-Regent-Str.', '68b', 'Weitmar', 'D', 44795, 'Bochum', 'D2', 172, 8276707);
INSERT INTO unternehmen VALUES (32, 'Willmich und Göbler GmbH', 'Elektronik', 'Präsidentstr.', '29', 'Innenstadt', 'D', 44787, 'Bochum', NULL, 234, 13050);
INSERT INTO unternehmen VALUES (33, 'LES Immobilien GmbH', 'Immobilien-Finanz-Service', 'Nordring', '68', 'Innenstadt', 'D', 44787, 'Bochum', NULL, 234, 16055);
INSERT INTO unternehmen VALUES (34, 'MU-SA GmbH', 'Altbausanierung', 'Limbeckstr.', '59', 'Werne', 'D', 44894, 'Bochum', 'Telefax', 234, 92687);
INSERT INTO unternehmen VALUES (35, 'Fleischerei Bochum GmbH', 'Großschlachterei', 'Freudenbergstr.', '45', 'Hamme', 'D', 44809, 'Bochum', NULL, 234, 52571);
INSERT INTO unternehmen VALUES (36, 'Treffer Maschinenbau GmbH', 'Robotik', 'Carolinenglückstr.', '35', 'Hamme', 'D', 44793, 'Bochum', NULL, 234, 523237);
INSERT INTO unternehmen VALUES (37, 'Heinmann Immobilien-Verwaltungs-Gesellschaft m.b.H', 'Immobilien-Finanz-Service', 'Castroper Hellweg', '484', 'Gerthe', 'D', 44805, 'Bochum', NULL, 234, 861953);
INSERT INTO unternehmen VALUES (38, 'Küchs Gesellschaft für Softwareentwicklung und technische Problemlösung mbH, Dipl.-Ing.', '', 'An der Schalwiese', '10', 'Wiemelhausen', 'D', 44789, 'Bochum', NULL, 234, 93790);
INSERT INTO unternehmen VALUES (39, 'Wohn+Licht GmbH', 'Innenausstattung', 'Tonderner Str.', '10', 'Wiemelhausen', 'D', 44789, 'Bochum', 'D1', 175, 5224768);
INSERT INTO unternehmen VALUES (40, 'Wohnwärme GmbH', 'Innenausstattung', NULL, '', NULL, 'D', 44, 'Bochum', 'D1', 171, 7571830);
INSERT INTO unternehmen VALUES (41, 'QA Shows, Marketing + More', 'Veranstaltungsservice', 'Päßchen', '5', 'Barop', 'D', 44225, 'Dortmund', 'Telefax', 231, 7949210);
INSERT INTO unternehmen VALUES (42, '5D Trading Computer + Communikation', 'EDV', 'Rheinische Str.', '12', 'Mitte', 'D', 44137, 'Dortmund', 'Telefax', 231, 8820122);
INSERT INTO unternehmen VALUES (43, 'Herberts Objekteinrichtung', 'Innenausstattung', 'Zeche-Margarete-Str.', '3', 'Sölde', 'D', 44289, 'Dortmund', 'D1', 171, 6516303);
INSERT INTO unternehmen VALUES (44, 'Akrobat Wirtschaftsberatungs GmbH', 'Consulting', 'Feldblumenweg', '10', 'Holzen', 'D', 44267, 'Dortmund', NULL, 2304, 80118);
INSERT INTO unternehmen VALUES (45, 'tu+mach', 'Werbeagentur', 'Adlerstr.', '94', 'Mitte', 'D', 44137, 'Dortmund', 'Telefax', 231, 914589);
INSERT INTO unternehmen VALUES (46, 'BRAND Immobilien GmbH', 'Immobilien-Finanz-Service', 'Mittelstr.', '15', 'Mitte', 'D', 44139, 'Dortmund', NULL, 231, 104407);
INSERT INTO unternehmen VALUES (47, 'Trommp Spedition GmbH', 'Logistik', 'Eberstr.', '20-24', 'Mitte', 'D', 44145, 'Dortmund', 'D2', 172, 2744858);
INSERT INTO unternehmen VALUES (48, 'Stadt-Hotel Dortmund', 'Hotel', 'Silberstr.', '37', 'Mitte', 'D', 44137, 'Dortmund', NULL, 231, 142086);
INSERT INTO unternehmen VALUES (49, 'Deutsche Vermögensrat', 'Consulting', 'Krinkelweg', '43', 'Holzen', 'D', 44267, 'Dortmund', NULL, 231, 898141);
INSERT INTO unternehmen VALUES (50, 'IKO Trend-Spirituosen GmbH', 'Getränke', 'Rüdigerstr.', '2A', 'Wickede', 'D', 44319, 'Dortmund', NULL, 231, 7221870);
INSERT INTO unternehmen VALUES (51, 'VOL-Baugesellschaft mit beschränkter Haftung', 'Baugesellschaft', 'Kurler Str.', '267', 'Lanstrop', 'D', 44329, 'Dortmund', NULL, 231, 29659);
INSERT INTO unternehmen VALUES (52, 'Kalb Gesellschaft mit beschränkter Haftung, Gebrüder', 'Druckerei', 'Speicherstr.', '59', 'Mitte', 'D', 44147, 'Dortmund', NULL, 231, 982353);
INSERT INTO unternehmen VALUES (53, 'PUK Software + Systeme GmbH + Co. KG', 'EDV', 'Martin-Schmeißer-Weg', '15', 'Eichlinghofen', 'D', 44227, 'Dortmund', NULL, 231, 975156);
INSERT INTO unternehmen VALUES (54, 'Michels Industrie- u. Sicherheitstechnik e.K.', 'Hebezeuge, Ketten, Seile', 'Bodelschwingher Str.', '144', 'Bodelschwingh', 'D', 44357, 'Dortmund', NULL, 231, 3797666);
INSERT INTO unternehmen VALUES (55, 'Ströner GmbH', 'Consulting', 'Rheinlanddamm', '99', 'Mitte', 'D', 44139, 'Dortmund', NULL, 231, 699000);
INSERT INTO unternehmen VALUES (56, 'Trunk Gesellschaft für Projektmanagement und Grundstücksentwicklung mbH', '', 'Korneliusstr.', '2', 'Mitte', 'D', 44135, 'Dortmund', NULL, 231, 556901);
INSERT INTO unternehmen VALUES (57, 'Sanft Gartenbau Hartmann Bednorz GbR', 'Gartenbau', 'Untere Hangstr.', '13', 'Lichtendorf', 'D', 44289, 'Dortmund', 'Telefax', 2304, 943721);
INSERT INTO unternehmen VALUES (58, 'Neuhaus TEAM GmbH', 'Consulting', 'Siegenstr.', '210', 'Mengede', 'D', 44359, 'Dortmund', 'D2', 174, 4224222);
INSERT INTO unternehmen VALUES (59, 'Immobilien-Multimedia-Center Kuczek', 'Immobilien-Finanz-Service', 'Hörder Semerteichstr.', '189', 'Hörde', 'D', 44263, 'Dortmund', NULL, 231, 4251095);
INSERT INTO unternehmen VALUES (60, 'Dominum Immobilien Vertriebs + Verwaltung GmbH', 'Immobilien-Finanz-Service', 'Alte Radstr.', '21', 'Mitte', 'D', 44147, 'Dortmund', 'E2 Telefax', 179, 4909717);
INSERT INTO unternehmen VALUES (61, 'Industrie-Metallbau Winkler GmbH', 'Metall', 'Steinhammerstr.', '86', 'Marten', 'D', 44379, 'Dortmund', NULL, 231, 6108111);
INSERT INTO unternehmen VALUES (62, 'INFOMAX GmbH Unternehmensberatungsges.', 'Marketing u. Consulting', 'Westfalendamm', '251', 'Mitte', 'D', 44141, 'Dortmund', NULL, 231, 4251570);
INSERT INTO unternehmen VALUES (63, 'Ingenieurbüro für Elektrotechnik Max Weber', 'Elektronik', 'Kaiserstr.', '5a', 'Mitte', 'D', 44135, 'Dortmund', 'Telefax', 231, 556356);
INSERT INTO unternehmen VALUES (64, 'Ingenieurbüro für Prüftechnik Dipl.Ing. Hans Pferd', 'Elektronik', 'Frische Luft', '155', 'Wickede', 'D', 44319, 'Dortmund', NULL, 231, 927121);
INSERT INTO unternehmen VALUES (65, 'Ingenieurbüro am Hafen GmbH', 'Elektronik', 'Westererbenstr.', '30', 'Lindenhorst', 'D', 44147, 'Dortmund', NULL, 231, 8091472);
INSERT INTO unternehmen VALUES (66, 'Initiative Qualitätssicherung Ost-West e.V.', 'Qualitätssicherung', 'Joseph-von-Fraunhofer-Str.', '20', 'Eichlinghofen', 'D', 44227, 'Dortmund', NULL, 231, 9700);
INSERT INTO unternehmen VALUES (67, 'Innenausbau Pfand Hey + Co. GmbH', 'Innenausstattung', 'Schlotweg', 'Dez 0', 'Asseln', 'D', 44319, 'Dortmund', NULL, 231, 271506);
INSERT INTO unternehmen VALUES (68, 'Institut für Datenverarbeitung', 'EDV', 'Solbergweg', '84a', 'Barop', 'D', 44225, 'Dortmund', NULL, 231, 7900520);
INSERT INTO unternehmen VALUES (69, 'Institut für Umwelttechnik GmbH', 'Umwelttechnik', 'Baroper Str.', '229', 'Eichlinghofen', 'D', 44227, 'Dortmund', NULL, 231, 9752256);
INSERT INTO unternehmen VALUES (70, 'HYGO Hygiene GmbH', 'Sanitär', 'Kressenweg', '12', 'Dorstfeld', 'D', 44379, 'Dortmund', NULL, 231, 961355);
INSERT INTO unternehmen VALUES (71, 'Krachmann Software und Systeme GmbH', 'EDV', 'Hauert', '4', 'Eichlinghofen', 'D', 44227, 'Dortmund', 'Telefax', 231, 9793);
INSERT INTO unternehmen VALUES (72, 'NET Netzwerk- und Datensysteme GmbH', 'EDV', 'Donnerstr.', '9', 'Asseln', 'D', 44319, 'Dortmund', 'D1', 171, 8310364);
INSERT INTO unternehmen VALUES (73, 'Isolierbau Peter Pfeffer GmbH + Co. KG', 'Innenausstattung', 'Wambeler Heide', '35', 'Scharnhorst', 'D', 44328, 'Dortmund', NULL, 231, 239054);
INSERT INTO unternehmen VALUES (74, 'IKO-Büro Krummer + Co', 'Immobilien-Finanz-Service', 'Grüne Str.', '25', 'Mitte', 'D', 44147, 'Dortmund', NULL, 231, 821816);
INSERT INTO unternehmen VALUES (75, 'Industrie-Wäschereianlagen-GmbH', 'Wäscherei', 'Rübenkamp', '35', 'Wickede', 'D', 44319, 'Dortmund', NULL, 231, 214664);
INSERT INTO unternehmen VALUES (76, 'KMU D. Holzmann KG', 'Maschinenbau', 'Overbeckstr.', '22', 'Mitte', 'D', 44141, 'Dortmund', NULL, 231, 525108);
INSERT INTO unternehmen VALUES (77, 'Schwitters Spezial-Stahl-Handelsgesellschaft mbH', 'Metall', 'Am Knappenberg', '77', 'Mitte', 'D', 44139, 'Dortmund', 'Telefax', 231, 127086);
INSERT INTO unternehmen VALUES (78, 'TAZZ das kreative Pub', 'Marketing u. Consulting', 'Schloßstr.', '44', 'Bodelschwingh', 'D', 44357, 'Dortmund', NULL, 231, 379394);
INSERT INTO unternehmen VALUES (79, 'Amper Bauunternehmung GmbH', 'Bauunternehmung', 'Lütge Vöhde', '48B', 'Westrich', 'D', 44388, 'Dortmund', NULL, 231, 7267546);
INSERT INTO unternehmen VALUES (80, 'Winke', 'Immobilien-Finanz-Service', 'Königswall', '1', 'Mitte', 'D', 44137, 'Dortmund', NULL, 231, 914514);
INSERT INTO unternehmen VALUES (81, 'NAZU', 'Marketing u. Consulting', 'Provinzialstr.', '91', 'Lütgendortmund', 'D', 44388, 'Dortmund', NULL, 231, 635227);
INSERT INTO unternehmen VALUES (82, 'QCat Software AG', 'EDV', 'Lindemannstr.', '79', 'Mitte', 'D', 44137, 'Dortmund', NULL, 231, 3967);
INSERT INTO unternehmen VALUES (83, 'Brink Gesellschaft für Anlagen-, Bau- u. Gleistechnik mbH', 'Tiefbautechnik', 'Von-den-Berken-Str.', '3', 'Mitte', 'D', 44141, 'Dortmund', NULL, 231, 557515);
INSERT INTO unternehmen VALUES (84, 'Stolz + Prall GmbH, Ingenieurbüro', 'EDV', 'Bodelschwingher Str.', '127', 'Bodelschwingh', 'D', 44357, 'Dortmund', 'Telefax', 231, 937102);
INSERT INTO unternehmen VALUES (85, 'Liedchen GmbH + Co. KG Verw. Stelle', 'EDV', 'Westenhellweg', '43', 'Mitte', 'D', 44137, 'Dortmund', NULL, 231, 145322);
INSERT INTO unternehmen VALUES (86, 'Künstlertermine GbR', 'Künstler', 'Am Knappenberg', '69', 'Mitte', 'D', 44139, 'Dortmund', NULL, 231, 9128045);
INSERT INTO unternehmen VALUES (87, 'Rabatzek', 'Marketing u. Consulting', 'Johanna-Melzer-Str.', '8', 'Mitte', 'D', 44147, 'Dortmund', NULL, 231, 823817);
INSERT INTO unternehmen VALUES (88, 'Fernhost', 'EDV', 'Hangeneystr.', '165', 'Westrich', 'D', 44388, 'Dortmund', NULL, 231, 673368);
INSERT INTO unternehmen VALUES (89, 'Stronzo', 'EDV', 'Grenzweg', '20a', 'Höchsten', 'D', 44267, 'Dortmund', NULL, 2304, 998030);
INSERT INTO unternehmen VALUES (90, 'Winkelmeyer', 'Verpackungen', 'Staufenstr.', '65', 'Mitte', 'D', 44139, 'Dortmund', 'Telefax', 231, 1063639);
INSERT INTO unternehmen VALUES (91, 'Taub Recycling GmbH + Co. KG', 'Recycling', 'Kohlenweg', '8', 'Mitte', 'D', 44147, 'Dortmund', NULL, 231, 982328);
INSERT INTO unternehmen VALUES (92, 'QUABEX GmbH', 'Servicestation Medizintechnik', 'Ermlinghofer Str.', '3', 'Hörde', 'D', 44263, 'Dortmund', NULL, 231, 941015);
INSERT INTO unternehmen VALUES (93, 'Personalberatung Dr. Stolz + Partner GmbH', 'Personal', 'Schwarze-Brüder-Str.', '1', 'Mitte', 'D', 44137, 'Dortmund', NULL, 231, 161012);
INSERT INTO unternehmen VALUES (94, 'Kunze Schwertransporte', 'Logistik', 'Hannöversche Str.', '78', 'Wambel', 'D', 44143, 'Dortmund', NULL, 161, 4221649);
INSERT INTO unternehmen VALUES (95, 'Quo DV  Software GmbH', 'EDV', 'Hauert', '14', 'Eichlinghofen', 'D', 44227, 'Dortmund', NULL, 231, 97573);
INSERT INTO unternehmen VALUES (96, 'Top Plan', 'Consulting', 'Hannöversche Str.', '24', 'Körne', 'D', 44143, 'Dortmund', 'Telefax', 231, 525850);
INSERT INTO unternehmen VALUES (97, 'Schrill Werbung GmbH', 'Marketing u. Consulting', 'Martin-Schmeißer-Weg', '16', 'Eichlinghofen', 'D', 44227, 'Dortmund', NULL, 231, 759311);
INSERT INTO unternehmen VALUES (98, 'Harald Menneß Containerdienst GmbH', 'Recycling', 'Röntgenstr.', '45A', 'Altendorf', 'D', 45143, 'Essen, Ruhr', 'D1', 170, 9609053);
INSERT INTO unternehmen VALUES (99, 'Data Integrata', 'Telekommunikationssysteme', 'Frillendorfer Str.', '150c', 'Frillendorf', 'D', 45139, 'Essen, Ruhr', NULL, 201, 282824);
INSERT INTO unternehmen VALUES (100, 'Halbers Baugesellschaft mbH', 'Bauunternehmung', 'Auf der Donau', '27', 'Südostviertel', 'D', 45139, 'Essen, Ruhr', NULL, 201, 28014);
INSERT INTO unternehmen VALUES (101, 'TRANS Gesellschaft f. Osteuropa Logistik mbH', 'Logistik', 'Laubenhof', '25', 'Altenessen-Süd', 'D', 45326, 'Essen, Ruhr', NULL, 201, 8354470);
INSERT INTO unternehmen VALUES (102, 'Bimsmeier GmbH Möbelhandel', 'Innenausstattung', 'Cathostr.', '5', 'Bergeborbeck', 'D', 45356, 'Essen, Ruhr', NULL, 201, 6143794);
INSERT INTO unternehmen VALUES (103, 'Lux Werbetechnik GmbH', 'Marketing u. Consulting', 'Savignystr.', '59', 'Holsterhausen', 'D', 45147, 'Essen, Ruhr', NULL, 201, 780383);
INSERT INTO unternehmen VALUES (104, 'LOM-Datentechnik', 'EDV', 'Uhlendahlweg', '24', 'Horst', 'D', 45279, 'Essen, Ruhr', NULL, 201, 530091);
INSERT INTO unternehmen VALUES (105, 'Einrichtungshaus Gunther GmbH + Co. KG', 'Innenausstattung', 'Lindenallee', '59', 'Stadtkern', 'D', 45127, 'Essen, Ruhr', NULL, 201, 20511);
INSERT INTO unternehmen VALUES (106, 'GSE Gesellschaft für  Softwareentwicklung m.b.H.', 'EDV', 'Wilhelm-Beckmann-Str.', '14', 'Kray', 'D', 45307, 'Essen, Ruhr', NULL, 201, 278196);
INSERT INTO unternehmen VALUES (107, 'Kreischke', 'Consulting', 'Hachestr.', '33', 'Stadtkern', 'D', 45127, 'Essen, Ruhr', NULL, 201, 285496);
INSERT INTO unternehmen VALUES (108, 'DOC Gesellschaft für Dokumentationserstellung und -pflege mbH', 'EDV', 'Gladbecker Str.', '404', 'Altenessen-Süd', 'D', 45326, 'Essen, Ruhr', 'Telefax', 201, 3659);
INSERT INTO unternehmen VALUES (109, 'TOIT GmbH Überdachungssysteme', 'Bauunternehmung', 'Schnieringshof', '14', 'Altenessen-Nord', 'D', 45329, 'Essen, Ruhr', NULL, 201, 8385136);
INSERT INTO unternehmen VALUES (110, 'CELL Informatik GmbH', 'EDV', 'Schuirweg', '71', 'Schuir', 'D', 45133, 'Essen, Ruhr', 'Telefax', 201, 43777);
INSERT INTO unternehmen VALUES (111, 'PH Petrol-Chemical GmbH', 'Chemie', 'Karlstr.', '50', 'Altenessen-Nord', 'D', 45329, 'Essen, Ruhr', NULL, 201, 333561);
INSERT INTO unternehmen VALUES (112, 'SOLARIS Vermögensverwaltungsges. mbH', 'Vermögen', 'Heibauerweg', '15', 'Katernberg', 'D', 45327, 'Essen, Ruhr', NULL, 201, 8372544);
INSERT INTO unternehmen VALUES (113, 'DB-Admin OHG', 'EDV', 'Radhoffstr.', '20B', 'Altenessen-Süd', 'D', 45326, 'Essen, Ruhr', NULL, 201, 329630);
INSERT INTO unternehmen VALUES (114, 'Ingenieurbüro für Verkehrstechnik GmbH', 'Verkehrstechnik', 'Stauderstr.', '221', 'Katernberg', 'D', 45327, 'Essen, Ruhr', NULL, 201, 2437670);
INSERT INTO unternehmen VALUES (115, 'Caput GmbH', 'Consulting', 'Ruhrtalstr.', '94a', 'Werden', 'D', 45239, 'Essen, Ruhr', 'Telefax', 201, 496924);
INSERT INTO unternehmen VALUES (116, 'Schwingel GmbH + Co. KG', 'Brennerei', 'Brunnenstr.', '15', 'Südviertel', 'D', 45128, 'Essen, Ruhr', 'Telefax', 201, 223117);
INSERT INTO unternehmen VALUES (117, 'Concrete Beton Rhein-Ruhr GmbH', 'Baustoffe', 'Aktienstr.', '2', 'Schönebeck', 'D', 45359, 'Essen, Ruhr', NULL, 201, 8679);
INSERT INTO unternehmen VALUES (118, 'Rehabilitationsklinik', 'Krankenhaus', 'Auf der Rötsch', '2', 'Kettwig', 'D', 45219, 'Essen, Ruhr', NULL, 800, 3773773);
INSERT INTO unternehmen VALUES (119, 'Goldsteier', 'Telekommunikationssysteme', 'Zweigertstr.', '8', 'Rüttenscheid', 'D', 45130, 'Essen, Ruhr', NULL, 201, 87855);
INSERT INTO unternehmen VALUES (120, 'Legnum Immobilien GmbH', 'Immobilien-Finanz-Service', 'Kathagen', '2', 'Heidhausen', 'D', 45239, 'Essen, Ruhr', 'D2', 172, 3163436);
INSERT INTO unternehmen VALUES (121, 'Trisch Feinmechanik und Elektrotechnik GmbH', 'Robotik', 'Gladbecker Str.', '433', 'Altenessen-Nord', 'D', 45329, 'Essen, Ruhr', NULL, 201, 83416);
INSERT INTO unternehmen VALUES (122, 'Gebrüder Mondschein GmbH', 'Seile', 'Frankenstr.', '52', 'Stadtwald', 'D', 45134, 'Essen, Ruhr', NULL, 201, 444244);
INSERT INTO unternehmen VALUES (123, ' KVZ Bank Essen eG', 'Bank', 'Kruppstr.', '41', 'Südviertel', 'D', 45128, 'Essen, Ruhr', NULL, 1801, 360036);
INSERT INTO unternehmen VALUES (124, 'Privatbank Essen', 'Bank', 'Frohnhauser Str.', '152', 'Frohnhausen', 'D', 45144, 'Essen, Ruhr', NULL, 201, 7490195);
INSERT INTO unternehmen VALUES (125, 'Privatbank Essen', 'Bank', 'Theodor-Althoff-Str.', '47', 'Bredeney', 'D', 45133, 'Essen, Ruhr', NULL, 201, 103);
INSERT INTO unternehmen VALUES (126, 'Abfallentsorgungs- und Altlastensanierungsverband Rhein-Ruhr', 'Recycling', 'Werksstr.', '15', 'Welper', 'D', 45527, 'Hattingen, Ruhr', NULL, 2324, 5094);
INSERT INTO unternehmen VALUES (127, 'Lucis LICHTTECHNIK GmbH + Co. KG', 'Innenausstattung', 'Im Poth', '16', 'Niederwenigern', 'D', 45529, 'Hattingen, Ruhr', NULL, 2324, 4978);
INSERT INTO unternehmen VALUES (128, 'Anlagenbau und Montage AG', 'Maschinenbau', 'Heinrich-Hill-Str.', '3', NULL, 'D', 45525, 'Hattingen, Ruhr', NULL, 2324, 5649);
INSERT INTO unternehmen VALUES (129, 'Reponse EDV GmbH', 'Personal', 'Oststr.', '8', NULL, 'D', 45525, 'Hattingen, Ruhr', NULL, 2324, 202571);
INSERT INTO unternehmen VALUES (130, 'Automatisierungstechnik GmbH', 'Maschinenbau', 'Kleine Weilstr.', '27', NULL, 'D', 45525, 'Hattingen, Ruhr', 'D2', 173, 5260429);
INSERT INTO unternehmen VALUES (131, 'Filtertechnik Bernd Wink', 'Recycling', 'Beuler Höhe', '27', NULL, 'D', 45525, 'Hattingen, Ruhr', 'Telefax', 2324, 5640);
INSERT INTO unternehmen VALUES (132, 'First EDV-Dienst-leistungs-GmbH', 'EDV', 'Ruhrallee', '5', NULL, 'D', 45525, 'Hattingen, Ruhr', NULL, 2324, 9244);
INSERT INTO unternehmen VALUES (133, 'G + K Gladbach ART GbR', 'Künstler', 'Beuler Höhe', '13', NULL, 'D', 45525, 'Hattingen, Ruhr', 'Telefax', 2324, 950502);
INSERT INTO unternehmen VALUES (134, 'Blechmann GmbH Armaturenfabrik', 'Maschinenbau', 'Beuler Höhe', '32', NULL, 'D', 45525, 'Hattingen, Ruhr', NULL, 2324, 5607);
INSERT INTO unternehmen VALUES (135, 'Beratung für Naturschutz und integrierte Managementsysteme GmbH', 'Consulting', 'Lüggersegge', '23', 'Holthausen', 'D', 45527, 'Hattingen, Ruhr', NULL, 2324, 33443);
INSERT INTO unternehmen VALUES (136, 'Globalix Außenhandel GmbH', 'Logistik', 'Oststr.', '89', 'Stadtmitte', 'D', 40210, 'Düsseldorf', NULL, 211, 320963);
INSERT INTO unternehmen VALUES (137, 'advertising services GmbH', 'Marketing u. Consulting', 'Huschbergerstr.', '2', 'Stadtmitte', 'D', 40212, 'Düsseldorf', 'Telefax', 211, 322944);
INSERT INTO unternehmen VALUES (138, 'Accessoires + Mode Handelsgesellschaft mbH', 'Kleidung', 'Schadowstr.', '11', 'Stadtmitte', 'D', 40212, 'Düsseldorf', NULL, 211, 132921);
INSERT INTO unternehmen VALUES (139, 'COK Agentur für Werbung u. Kommunikation GmbH', 'Marketing u. Consulting', 'Klosterstr.', '49', 'Stadtmitte', 'D', 40211, 'Düsseldorf', NULL, 211, 350694);
INSERT INTO unternehmen VALUES (140, 'Kolck Wirtschaftsprüfungsges. und Steuerberatungsges. mbH', 'Steuerberatung', 'Uerdinger Str.', '88', 'Golzheim', 'D', 40474, 'Düsseldorf', NULL, 211, 4958);
INSERT INTO unternehmen VALUES (141, 'Graff Hochbau GMBH', 'Bauunternehmung', 'Bahnstr.', '48', 'Stadtmitte', 'D', 40210, 'Düsseldorf', 'D2', 173, 5787201);
INSERT INTO unternehmen VALUES (142, 'OL Metall Agentur GmbH', 'Metall', 'Louise-Dumont-Str.', '25', 'Pempelfort', 'D', 40211, 'Düsseldorf', NULL, 211, 17369);
INSERT INTO unternehmen VALUES (143, 'Struzz Satz + Druck oHG, P.', 'Druckerei', 'Spielberger Weg', '58', 'Lohausen', 'D', 40474, 'Düsseldorf', NULL, 211, 516080);
INSERT INTO unternehmen VALUES (144, 'Arbeit Textilhandel GmbH', 'Kleidung', 'Mittelstr.', '16', 'Karlstadt', 'D', 40213, 'Düsseldorf', NULL, 211, 3230532);
INSERT INTO unternehmen VALUES (145, 'Flinke', 'Marketing u. Consulting', 'Alexanderstr.', '18', 'Stadtmitte', 'D', 40210, 'Düsseldorf', NULL, 211, 132178);
INSERT INTO unternehmen VALUES (146, 'Handlender', 'Consulting', 'Josef-Neuberger-Str.', '16', 'Gerresheim', 'D', 40625, 'Düsseldorf', NULL, 211, 235085);
INSERT INTO unternehmen VALUES (147, 'Glotz + Struck GmbH, Ingenieurbüro', 'Verkehrstechnik', 'Altenbrückstr.', '17a', 'Hassels', 'D', 40599, 'Düsseldorf', NULL, 211, 99880);
INSERT INTO unternehmen VALUES (148, 'Gesellschaft für Informationstechnik und -beratung mbH', 'EDV', 'Nievenheimer Str.', '44', 'Bilk', 'D', 40221, 'Düsseldorf', NULL, 211, 9023262);
INSERT INTO unternehmen VALUES (149, 'Witz', 'Grafik-Design', 'Wittenbruchplatz', '17', 'Unterbach', 'D', 40627, 'Düsseldorf', NULL, 211, 9253315);
INSERT INTO unternehmen VALUES (150, 'Team 1 GmbH Planungsbüro f. techn. Gebäudeausrüstung', 'Gebäudeausrüstung', 'Lessingstr.', '29', 'Oberbilk', 'D', 40227, 'Düsseldorf', NULL, 211, 7883600);
INSERT INTO unternehmen VALUES (151, 'O.L.Injektions- und Bautenschutz GmbH', 'Bautenschutz', 'Alte Landstr.', '230', 'Kaiserswerth', 'D', 40489, 'Düsseldorf', NULL, 211, 40690);
INSERT INTO unternehmen VALUES (152, 'Gold-Enterprises Ltd.', 'Gastronomiebedarf', 'Rheinallee', '119', 'Oberkassel', 'D', 40545, 'Düsseldorf', NULL, 211, 553033);
INSERT INTO unternehmen VALUES (153, 'HELLMICH GMBH', 'Elektronik', 'Schloßstr.', '51', 'Pempelfort', 'D', 40477, 'Düsseldorf', 'Telefax', 211, 443316);
INSERT INTO unternehmen VALUES (154, 'Orange GmbH', 'Personal', 'Hohe Str.', '35', 'Karlstadt', 'D', 40213, 'Düsseldorf', NULL, 211, 326696);
INSERT INTO unternehmen VALUES (155, 'VILLAGE Grundstücksverwaltung GmbH + Co. KG', 'Grundstücksverwaltung', 'Charlottenstr.', '60', 'Stadtmitte', 'D', 40210, 'Düsseldorf', NULL, 211, 17889);
INSERT INTO unternehmen VALUES (156, 'Orient-Teppich-Handelsgesellschaft Arabesque', 'Innenausstattung', 'Friedrich-Ebert-Str.', '17', 'Stadtmitte', 'D', 40210, 'Düsseldorf', NULL, 211, 360797);
INSERT INTO unternehmen VALUES (157, 'Lothmann GmbH', 'Büromaschinen- Büroorganisation', 'Monschauer Str.', '7', 'Heerdt', 'D', 40549, 'Düsseldorf', NULL, 211, 563480);
INSERT INTO unternehmen VALUES (158, 'Steyer GmbH Assekuranzgeschäft', 'Versicherungen', 'Tersteegenstr.', '3', 'Golzheim', 'D', 40474, 'Düsseldorf', NULL, 211, 45470);
INSERT INTO unternehmen VALUES (159, 'Haut-AUFZÜGE Horst Buchwaldt GmbH + Co KG', 'Aufzüge', 'Gerresheimer Landstr.', '105', 'Unterbach', 'D', 40627, 'Düsseldorf', NULL, 211, 202600);
INSERT INTO unternehmen VALUES (160, 'IYW-Ingenieure Wassertechnik GmbH', 'Wassertechnik', 'Alt-Niederkassel', '67', 'Niederkassel', 'D', 40547, 'Düsseldorf', NULL, 211, 95492);
INSERT INTO unternehmen VALUES (161, 'Overnight Transport GmbH', 'Logistik', 'Grevenbroicher Weg', '27', 'Lörick', 'D', 40547, 'Düsseldorf', NULL, 211, 537440);
INSERT INTO unternehmen VALUES (162, 'Grundstücksverwertungs-Gesellschaft mbH + Co. Kommanditgesellschaft', 'Grundstücksverwaltung', 'Grunerstr.', '60', 'Düsseltal', 'D', 40239, 'Düsseldorf', NULL, 211, 96189);
INSERT INTO unternehmen VALUES (163, 'LOOK Gesellschaft für Büroeinrichtung mbH', 'Büromaschinen- Büroorganisation', 'Friedrich-Ebert-Str.', '31', 'Stadtmitte', 'D', 40210, 'Düsseldorf', NULL, 211, 355969);
INSERT INTO unternehmen VALUES (164, 'Plankontor', 'Stadtplanung, Verkehrsplanung, Forschung', 'Birkenstr.', '71', 'Flingern Nord', 'D', 40233, 'Düsseldorf', NULL, 211, 6913852);
INSERT INTO unternehmen VALUES (165, 'Gluck Capital GmbH, Vermittlung u. Management internationaler Kapitalanlagen', 'Vermögen', 'Inselstr.', '34', 'Pempelfort', 'D', 40479, 'Düsseldorf', NULL, 211, 320135);
INSERT INTO unternehmen VALUES (166, 'Schrother Büroeinrichtungen GmbH', 'Büromaschinen- Büroorganisation', 'Lindenstr.', '136', 'Flingern Nord', 'D', 40233, 'Düsseldorf', NULL, 211, 6986107);
INSERT INTO unternehmen VALUES (167, 'Gluth Handelsgesellschaft für Rohstoffe mbH', 'Rohstoffe', 'Holunderweg', '4', 'Angermund', 'D', 40489, 'Düsseldorf', NULL, 203, 742817);
INSERT INTO unternehmen VALUES (168, 'Amante Unternehmensberatung GmbH', 'Consulting', 'Heinrich-Könn-Str.', '87', 'Gerresheim', 'D', 40625, 'Düsseldorf', 'D1', 171, 5321704);
INSERT INTO unternehmen VALUES (169, 'Flox Textilhandels- und Produktionsges. mbH', 'Kleidung', 'Benzenbergstr.', '44', 'Unterbilk', 'D', 40219, 'Düsseldorf', NULL, 211, 901720);
INSERT INTO unternehmen VALUES (170, 'Golpp Treuhandgesellschaft m.b.H.', 'Steuerberatung', 'Händelstr.', '46', 'Benrath', 'D', 40593, 'Düsseldorf', 'Telefax', 211, 718851);
INSERT INTO unternehmen VALUES (171, 'Marketing Research Prof. Dr. Winter GmbH', 'Marketing u. Consulting', 'Lindemannstr.', '82', 'Düsseltal', 'D', 40237, 'Düsseldorf', 'Telefax', 211, 660002);
INSERT INTO unternehmen VALUES (172, 'AAA Modeagentur GmbH', 'Kleidung', 'Danziger Str.', '101', 'Stockum', 'D', 40468, 'Düsseldorf', NULL, 211, 4543439);
INSERT INTO unternehmen VALUES (173, 'Niemeyer BANK GmbH + Co KG', 'Bank', 'Am Wehrhahn', '1', 'Stadtmitte', 'D', 40211, 'Düsseldorf', NULL, 211, 1752002);
INSERT INTO unternehmen VALUES (174, 'ETOFFES MONDE Textilhandelsgesellschaft mbH', 'Kleidung', 'Buscherstr.', '6', 'Düsseltal', 'D', 40239, 'Düsseldorf', NULL, 211, 633085);
INSERT INTO unternehmen VALUES (175, 'Bildungsforum gGmbH', 'Bildung', 'Winkelhauser Str.', '63', 'Bergheim', 'D', 47228, 'Duisburg', NULL, 2065, 76732);
INSERT INTO unternehmen VALUES (176, 'Bildungswerk der OLK', 'Bildung', 'Fabrikstr.', '51', 'Ruhrort', 'D', 47119, 'Duisburg', NULL, 203, 81845);
INSERT INTO unternehmen VALUES (177, 'HJK Winklers Handelsgesellschaft mbH', 'Metall', 'Lehmbruckstr.', '18A', 'Obermeiderich', 'D', 47138, 'Duisburg', NULL, 203, 412910);
INSERT INTO unternehmen VALUES (178, 'Key Wohnungsbau GmbH', 'Bauunternehmung', 'Von-der-Mark-Str.', '64', 'Mittelmeiderich', 'D', 47137, 'Duisburg', NULL, 203, 441147);
INSERT INTO unternehmen VALUES (179, 'CLH Chemie Logistik Herne GmbH', 'Chemie', 'Am Schlütershof', '26', 'Kaßlerfeld', 'D', 47059, 'Duisburg', 'D2', 173, 2515150);
INSERT INTO unternehmen VALUES (180, 'Pulito Gebäudereinigung', 'Reinigung', 'Hölderlinstr.', '30', 'Rheinhausen-Mitte', 'D', 47226, 'Duisburg', NULL, 2065, 55421);
INSERT INTO unternehmen VALUES (181, 'Wisch-Reinigung', 'Reinigung', 'Beekstr.', '17', 'Altstadt', 'D', 47051, 'Duisburg', NULL, 203, 22973);
INSERT INTO unternehmen VALUES (182, 'Energieanlagenbau u. Haustechnik', 'Energieanlagen', 'Günterstr.', '38', 'Hochemmerich', 'D', 47226, 'Duisburg', 'Telefax', 2065, 56249);
INSERT INTO unternehmen VALUES (183, 'Ehrmanns', 'Logistik', 'Duisburger Str.', '58', 'Neumühl', 'D', 47166, 'Duisburg', NULL, 203, 587621);
INSERT INTO unternehmen VALUES (184, 'Gruppe 7 Technischer Handel GmbH', 'Robotik', 'Hölscherstr.', '2A', 'Neumühl', 'D', 47167, 'Duisburg', NULL, 203, 99574);
INSERT INTO unternehmen VALUES (185, 'Zukunftshandel e.K.', 'Vermögen', 'Landwehrstr.', '53', 'Ruhrort', 'D', 47119, 'Duisburg', NULL, 203, 872280);
INSERT INTO unternehmen VALUES (186, 'Baustahlhandels GmbH', 'Baustoffe', 'Hochstr.', '122A', 'Hochemmerich', 'D', 47228, 'Duisburg', NULL, 2065, 63874);
INSERT INTO unternehmen VALUES (187, 'Lumper', 'Verkehrseinrichtungen Stahl- u. Metallbau', 'Winkelhauser Str.', '29', 'Bergheim', 'D', 47228, 'Duisburg', NULL, 2065, 67510);
INSERT INTO unternehmen VALUES (188, 'Abraham Transporte GmbH', 'Logistik', 'Mündelheimer Str.', '162', 'Hüttenheim', 'D', 47259, 'Duisburg', NULL, 203, 784112);
INSERT INTO unternehmen VALUES (189, 'OKI Industrietechnik GmbH', 'Maschinenbau', 'Wörthstr.', '175', 'Hochfeld', 'D', 47053, 'Duisburg', 'D2', 172, 2625119);
INSERT INTO unternehmen VALUES (190, 'IKS Entwicklungsges. für Informationssysteme mbH', 'EDV', 'Königsberger Allee', '62', 'Duissern', 'D', 47058, 'Duisburg', NULL, 203, 331080);
INSERT INTO unternehmen VALUES (191, 'Liberté Damenmoden GmbH', 'Kleidung', 'Königstr.', '42', 'Dellviertel', 'D', 47051, 'Duisburg', NULL, 203, 287463);
INSERT INTO unternehmen VALUES (192, 'CASA Grundstücksverwertung und Wohnungsbau GmbH', 'Grundstücksverwaltung', 'Angermunder Str.', '44', 'Großenbaum', 'D', 47269, 'Duisburg', NULL, 203, 761017);
INSERT INTO unternehmen VALUES (193, 'Eiche AG Werksgruppe Technische Gase', 'Gase', 'Im Grond', '', 'Mittelmeiderich', 'D', 47137, 'Duisburg', NULL, 203, 45048);
INSERT INTO unternehmen VALUES (194, 'Städt. Seniorenheim Marien', 'Krankenhaus', 'Zu den Tannen', '5', 'Großenbaum', 'D', 47269, 'Duisburg', NULL, 203, 710);
INSERT INTO unternehmen VALUES (195, 'MER Müllentsorgungs-Gesellschaft Ruhrgebiet mbH', 'Recycling', 'Wiedehopfstr.', '30', 'Resser-Mark', 'D', 45892, 'Gelsenkirchen', NULL, 209, 9705);
INSERT INTO unternehmen VALUES (196, 'Schlund GmbH', 'Consulting', 'Erlestr.', '57', 'Buer', 'D', 45894, 'Gelsenkirchen', NULL, 700, 28010180);
INSERT INTO unternehmen VALUES (197, 'Berufsfortbildungswerk Gemeinnützige Bildungseinrichtung des OHK GmbH', 'Bildung', 'Emscherstr.', '66', 'Erle', 'D', 45891, 'Gelsenkirchen', NULL, 209, 70092);
INSERT INTO unternehmen VALUES (198, 'Kuschel Polstermöbelfabrik KG', 'Innenausstattung', 'Auf dem Schollbruch', '48', 'Horst', 'D', 45899, 'Gelsenkirchen', NULL, 209, 55247);
INSERT INTO unternehmen VALUES (199, 'Messer Stahlbau GmbH', 'Metall', 'Schwarzmühlenstr.', '102a', 'Rotthausen', 'D', 45884, 'Gelsenkirchen', NULL, 209, 134400);
INSERT INTO unternehmen VALUES (200, 'Marienhospital GmbH', 'Krankenhaus', 'Virchowstr.', '135', 'Ückendorf', 'D', 45886, 'Gelsenkirchen', NULL, 209, 172);
INSERT INTO unternehmen VALUES (201, 'Weißland GmbH', 'Reinigung', 'Lammgasse', '11', NULL, 'D', 74172, 'Neckarsulm', NULL, 7132, 95071);
INSERT INTO unternehmen VALUES (202, 'Grün Fruchthandels GmbH', 'Lebensmittel', 'Bergstr.', '25', NULL, 'D', 73207, 'Plochingen', NULL, 7153, 82511);
INSERT INTO unternehmen VALUES (203, 'Froid Kälte, Klima-Service GmbH', 'Sanitär', 'Postweg', '55', NULL, 'D', 81827, 'München', 'Telefax', 89, 4304058);
INSERT INTO unternehmen VALUES (204, 'Tucholski Textil-Handel- und Vertriebs GmbH', 'Kleidung', 'Akazienweg', '2', NULL, 'D', 64665, 'Alsbach-Hähnlein', NULL, 6257, 9334);
INSERT INTO unternehmen VALUES (205, 'TN Turbinen Nürnberg GmbH', 'Maschinenbau', 'Siemensstr.', '45', NULL, 'D', 7546, 'Gera', NULL, 365, 4200161);
INSERT INTO unternehmen VALUES (206, 'TN Turbinen Nürnberg GmbH', 'Maschinenbau', NULL, '', NULL, 'D', 904, 'Nürnberg, Mittelfr', 'Telefax', 911, 4130);
INSERT INTO unternehmen VALUES (207, 'TN Turbinen Nürnberg GmbH', 'Maschinenbau', 'Am Bentenskamp', '9', NULL, 'D', 44143, 'Dortmund', NULL, 231, 5316830);
INSERT INTO unternehmen VALUES (208, 'Offenbach Verpackungsmaschinen GmbH', 'Verpackungen', 'Altendeich', '14', NULL, 'D', 25335, 'Raa-Besenbek', NULL, 4121, 296);
INSERT INTO unternehmen VALUES (209, 'Blinks Werbemittel GmbH', 'Marketing u. Consulting', 'Gerresheimer Landstr.', '80', NULL, 'D', 40627, 'Düsseldorf', NULL, 211, 253098);
INSERT INTO unternehmen VALUES (210, 'Kolben Deutschland GmbH', 'Maschinenbau', 'Wichmannstr.', '4', NULL, 'D', 22607, 'Hamburg', NULL, 40, 890662);
INSERT INTO unternehmen VALUES (211, 'Kolben Deutschland GmbH', 'Maschinenbau', 'Rennweg', '70', NULL, 'D', 44143, 'Dortmund', NULL, 231, 511595);
INSERT INTO unternehmen VALUES (212, 'Kolben Europe', 'Maschinenbau', 'Ringstr.', '37', 'Lichterfelde', 'D', 12205, 'Berlin', NULL, 30, 81299175);
INSERT INTO unternehmen VALUES (213, 'NASS Bäder und Ambiente OHG', 'Sanitär', 'Glücksburger Str.', '28', NULL, 'D', 40545, 'Düsseldorf', 'D2', 173, 5423896);
INSERT INTO unternehmen VALUES (214, 'SYS Systemtechnik GmbH', 'EDV', 'Formerstr.', '51', NULL, 'D', 40878, 'Ratingen', NULL, 2102, 8744);
INSERT INTO unternehmen VALUES (215, 'Glöckner + Kremper OHG', 'Marketing u. Consulting', 'Tannenstr.', '28', NULL, 'D', 67067, 'Ludwigshafen am Rhein', 'Telefax', 621, 532360);
INSERT INTO unternehmen VALUES (216, 'DD Außen- und Innenverputz GmbH', 'Gebäudeausrüstung', 'Leuchtsmühlenweg', '14', NULL, 'D', 8523, 'Plauen, Vogtl', NULL, 3741, 708103);
INSERT INTO unternehmen VALUES (217, 'HOCH Aufzugbau GmbH + Co. Betriebs-Kommanditgesellschaft', 'Aufzüge', 'Nordlichtstr.', '16', NULL, 'D', 13405, 'Berlin', NULL, 30, 4123187);
INSERT INTO unternehmen VALUES (218, 'HOCH Aufzugsbau GmbH + Co KG', 'Aufzüge', 'Nordlichtstr.', '16-18', NULL, 'D', 13405, 'Berlin', NULL, 30, 4130200);
INSERT INTO unternehmen VALUES (219, 'Klick Automaten GmbH', 'Spielautomaten', 'Magdeburger Str.', '26', NULL, 'D', 38820, 'Halberstadt', NULL, 3941, 26206);
INSERT INTO unternehmen VALUES (220, 'Grumbiegel Baumanagement GmbH', 'Bauunternehmung', 'Ludweilerstr.', '131', NULL, 'D', 66333, 'Völklingen', NULL, 6898, 87766);
INSERT INTO unternehmen VALUES (221, 'Winkel Bautreuhand GmbH', 'Bauunternehmung', 'Nulandtstr.', '4', NULL, 'D', 6217, 'Merseburg', NULL, 3461, 205391);
INSERT INTO unternehmen VALUES (222, 'Coco Beratungsservice GmbH', 'Consulting', 'Thomas-Müntzer-Str.', '9', NULL, 'D', 2708, 'Großschweidnitz', NULL, 3585, 468815);
INSERT INTO unternehmen VALUES (223, 'Dorma Bettenfachmarkt Limburg', 'Innenausstattung', 'Westerwaldstr.', '111', NULL, 'D', 65549, 'Limburg a d Lahn', NULL, 6431, 283670);
INSERT INTO unternehmen VALUES (224, 'BS Brandsanierung GmbH + Co. KG', 'Brandsanierung', 'Grenzstr.', '1d', NULL, 'D', 85609, 'Aschheim', 'Telefax', 89, 94401247);
INSERT INTO unternehmen VALUES (225, 'BH Boarding-House GbR', 'Hotel', 'Hoffmann-von-Fallersleben-Str.', '9', NULL, 'D', 34117, 'Kassel, Hess', 'D2', 172, 5651100);
INSERT INTO unternehmen VALUES (226, 'CT Computer Trading GmbH', 'EDV', 'Wilhelmstr.', '44', NULL, 'D', 63543, 'Neuberg, Hess', NULL, 6183, 91117);
INSERT INTO unternehmen VALUES (227, 'DD Datadesign GmbH', 'EDV', 'Raiffeisenstr.', '17', NULL, 'D', 57462, 'Olpe, Biggesee', 'Telefax', 2761, 9259);
INSERT INTO unternehmen VALUES (228, 'PRINT Druck GmbH', 'Druckerei', 'Gabelsbergerstr.', '4', NULL, 'D', 59069, 'Hamm, Westf', 'Telefax', 2385, 6002);
INSERT INTO unternehmen VALUES (229, 'PRINT Druckservice', 'Druckerei', 'Schwelmer Str.', '1', NULL, 'D', 40235, 'Düsseldorf', NULL, 211, 682007);
INSERT INTO unternehmen VALUES (230, 'Vogue Merchandising GmbH', 'Druckerei', 'Am Tower', '3', NULL, 'D', 90475, 'Nürnberg, Mittelfr', NULL, 9128, 726261);
INSERT INTO unternehmen VALUES (231, 'Trümmel Maschinenfabrik GmbH', 'Maschinenbau', 'Kupferstr.', '18', NULL, 'D', 48496, 'Hopsten', 'Telefax', 5458, 793);
INSERT INTO unternehmen VALUES (232, 'H + U Metallbau GmbH', 'Metall', 'Niedersachsenstr.', '17', NULL, 'D', 26723, 'Emden, Ostfriesland', 'Telefax', 4921, 25040);
INSERT INTO unternehmen VALUES (233, 'Gockel Montageservice GmbH', 'Montage', 'Lortzingstr.', '9', NULL, 'D', 4105, 'Leipzig', NULL, 341, 9901902);
INSERT INTO unternehmen VALUES (234, 'Lot Parkhaus GmbH', 'Parkhaus', 'Schwalbacher Str.', '53', NULL, 'D', 65183, 'Wiesbaden', NULL, 611, 376765);
INSERT INTO unternehmen VALUES (235, 'OUT Publishing GmbH', 'Druckerei', 'Schmiedberg', '1b', NULL, 'D', 86415, 'Mering, Schwab', NULL, 8233, 4117);
INSERT INTO unternehmen VALUES (236, 'Retour Recycling GmH', 'Recycling', 'Karl-Marx-Str.', '8', NULL, 'D', 15831, 'Diepensee', NULL, 33762, 55517);
INSERT INTO unternehmen VALUES (237, 'R + R Service Produktion + Beratung GmbH', 'Druckerei', 'Waldweg', '3D', NULL, 'D', 83339, 'Chieming', NULL, 8667, 8845);
INSERT INTO unternehmen VALUES (238, 'Ivoire Stahl- u. Aufzugbau GmbH', 'Aufzüge', 'Im Manderfeld', '18', NULL, 'D', 54457, 'Wincheringen', NULL, 6583, 992111);
INSERT INTO unternehmen VALUES (239, 'Echanges Salesmanagement and Training GmbH', 'Bildung', NULL, '', NULL, 'D', 61479, 'Glashütten, Taunus', NULL, 6174, 963538);
INSERT INTO unternehmen VALUES (240, 'SH Systemhaus GmbH', 'EDV', 'Hauptstr.', '127', NULL, 'D', 70563, 'Stuttgart', 'Telefax', 711, 9019069);
INSERT INTO unternehmen VALUES (241, 'Niederhöffer Workstation GmbH', 'Zeitarbeit', 'Zerrennerstr.', '18', NULL, 'D', 75172, 'Pforzheim', NULL, 7231, 155110);
INSERT INTO unternehmen VALUES (242, 'Kautschuk GmbH', 'Chemie', 'Cheruskerstr.', '29', NULL, 'D', 33647, 'Bielefeld', NULL, 521, 4175696);
INSERT INTO unternehmen VALUES (243, 'T + E Bau', 'Reinigung', 'Paske', '4', NULL, 'D', 17406, 'Usedom', 'D1', 171, 7437184);
INSERT INTO unternehmen VALUES (244, 'Cadre OHG', 'Innenausstattung', 'Mergenthalerstr.', '8', NULL, 'D', 60388, 'Frankfurt am Main', 'Telefax', 69, 94139232);
INSERT INTO unternehmen VALUES (245, 'ConIB Consult Industriemontage- u. Betreuungs GmbH', 'Montage', 'Fuggerstr.', '7', NULL, 'D', 10777, 'Berlin', NULL, 30, 21478130);
INSERT INTO unternehmen VALUES (246, 'Trunk Consulting Group GmbH', 'Consulting', NULL, '', NULL, 'D', 30, 'Hannover', NULL, 511, 3880092);
INSERT INTO unternehmen VALUES (247, 'Mönninghoff International GmbH', 'Logistik', 'Frankfurter Str.', '5', NULL, 'D', 61462, 'Königstein im Taunus', NULL, 6174, 1055);
INSERT INTO unternehmen VALUES (248, 'Bullock Pass-System H. Metje GmbH', 'Druckerei', 'Industriestr.', '87', NULL, 'D', 51399, 'Burscheid, Rheinl', NULL, 2174, 1368);
INSERT INTO unternehmen VALUES (249, 'Stern Maschinen- und Apparatebau GmbH', 'Maschinenbau', 'Wuppertalstr.', '21', NULL, 'D', 54470, 'Bernkastel-Kues', NULL, 6531, 507);
INSERT INTO unternehmen VALUES (250, 'OffSet Technische Planungsgesellschaft', NULL, NULL, '', NULL, 'D', 1, 'Berlin', 'D2', 172, 3297000);
INSERT INTO unternehmen VALUES (251, 'Meyer Automatengroßhandel GbR', 'Maschinenbau', 'Polsumer Str.', '89', NULL, 'D', 45896, 'Gelsenkirchen', 'Telefax', 209, 64087);
INSERT INTO unternehmen VALUES (252, 'T + E Bau GmbH', 'Bauunternehmung', 'Halberstädter Str.', '157', NULL, 'D', 39112, 'Magdeburg', NULL, 391, 5432016);
INSERT INTO unternehmen VALUES (253, 'Trend Abdichtungstechnik', 'Gebäudeausrüstung', 'Rheinallee', '171', NULL, 'D', 55120, 'Mainz a Rhein', NULL, 6131, 687506);
INSERT INTO unternehmen VALUES (254, 'Wonningrath Filteranlagen e.K.', 'Recycling', 'Mozartstr.', '4', NULL, 'D', 85655, 'Großhelfendorf', NULL, 8095, 870561);
INSERT INTO unternehmen VALUES (255, 'Ultimo Industrietechnik GmbH', NULL, 'Hauptstr.', '111', NULL, 'D', 26131, 'Oldenburg, Oldb', NULL, 441, 50010);
INSERT INTO unternehmen VALUES (256, 'Nouvelle vague Mode und Bekleidungshandels GmbH', 'Kleidung', 'Heggerstr.', '56', NULL, 'D', 45525, 'Hattingen, Ruhr', NULL, 2324, 51012);
INSERT INTO unternehmen VALUES (257, 'Frank Buxter Klinker- u. Mauerwerks GmbH', 'Baustoffe', 'Paul-Gruner-Str.', '58', NULL, 'D', 9120, 'Chemnitz, Sachs', NULL, 371, 5384725);
INSERT INTO unternehmen VALUES (258, 'Ammelt Kfz-Handels GmbH', 'Fahrzeuge', 'In der Mulde', '43a', NULL, 'D', 85410, 'Haag a d Amper', 'Telefax', 8167, 6850);
INSERT INTO unternehmen VALUES (259, '90 Products Analysentechnik GmbH', NULL, 'Haldestr.', '4', NULL, 'D', 89173, 'Lonsee', NULL, 7336, 920307);
INSERT INTO unternehmen VALUES (260, 'COM Profi Tel AG', 'Telekommunikationssysteme', 'Siemensstr.', '41', NULL, 'D', 94315, 'Straubing', 'Telefax', 9421, 9747);
INSERT INTO unternehmen VALUES (261, 'F + E Regionalbau GmbH', 'Bauunternehmung', 'Haagstr.', '34A', NULL, 'D', 47441, 'Moers', NULL, 2841, 189300);
INSERT INTO unternehmen VALUES (262, 'Prof. König Consulting GmbH', 'Consulting', 'Forststr.', '13', NULL, 'D', 65193, 'Wiesbaden', NULL, 611, 5410600);
INSERT INTO unternehmen VALUES (263, 'Wendel Steuerungstechnik GmbH', 'Robotik', 'Delaustr.', '13', NULL, 'D', 89150, 'Laichingen', NULL, 7333, 94904);
INSERT INTO unternehmen VALUES (264, 'Polska GmbH + Co. KG', NULL, 'Sonnenstr.', '9', NULL, 'D', 64750, 'Lützelbach, Odenw', NULL, 6066, 9601);
INSERT INTO unternehmen VALUES (265, 'Relect Messe-Design GmbH', 'Messebau', 'Steinbrückerstr.', '6', NULL, 'D', 23556, 'Lübeck', NULL, 451, 87991);
INSERT INTO unternehmen VALUES (266, 'Konrad Anlagentechnik GmbH', 'Robotik', 'Brüderstr.', '8', NULL, 'D', 12205, 'Berlin', NULL, 30, 843884);
INSERT INTO unternehmen VALUES (267, 'U + R Mobilfunk GmbH', 'Telekommunikationssysteme', 'Allersheimer Str.', '33', NULL, 'D', 37603, 'Holzminden', NULL, 5531, 120966);
INSERT INTO unternehmen VALUES (268, 'Holland Immobilien', 'Immobilien-Finanz-Service', NULL, NULL, NULL, 'D', 63633, 'Birstein', NULL, 6054, 6396);
INSERT INTO unternehmen VALUES (269, 'Präsenta GmbH', 'Marketing u. Consulting', 'Schloßkirchenpassage', '4', NULL, 'D', 67098, 'Bad Dürkheim', 'Telefax', 6322, 988691);
INSERT INTO unternehmen VALUES (270, 'Ullrich Mineralprodukte und Gebäudetechnik GmbH', NULL, 'Wilhelm-Maybach-Str.', '3', NULL, 'D', 19061, 'Schwerin, Meckl', NULL, 385, 64422);
INSERT INTO unternehmen VALUES (271, 'Foster Trans GmbH', 'Logistik', 'Rhinstr.', '84', NULL, 'D', 12681, 'Berlin', NULL, 30, 55156932);
INSERT INTO unternehmen VALUES (272, 'Jülich Management u. Immobilien GmbH', 'Immobilien-Finanz-Service', 'Wilhelmstr.', '22', NULL, 'D', 18586, 'Ostseebad Sellin', NULL, 38303, 8719);
INSERT INTO unternehmen VALUES (273, 'Dybenstahl Deutschland GmbH', NULL, 'Wittener Str.', '185', 'Altenbochum', 'D', 44803, 'Bochum', NULL, 234, 936107);
INSERT INTO unternehmen VALUES (274, 'Dybenstahl Deutschland GmbH', NULL, 'Wittener Str.', '185', 'Altenbochum', 'D', 44803, 'Bochum', NULL, 234, 35934);
INSERT INTO unternehmen VALUES (275, 'Dybenstahl Deutschland GmbH', NULL, 'Wittener Str.', '185', 'Altenbochum', 'D', 44803, 'Bochum', 'Telefax', 234, 357292);
INSERT INTO unternehmen VALUES (276, 'Heinrich Pick GmbH', 'Maschinenbau', 'Josef-Baumann-Str.', '17', 'Gerthe', 'D', 44805, 'Bochum', NULL, 234, 89146);
INSERT INTO unternehmen VALUES (277, 'Tollwandt Automaten GmbH', 'Maschinenbau', 'Bongardstr.', '', 'Innenstadt', 'D', 44787, 'Bochum', 'Telefax', 234, 9149);
INSERT INTO unternehmen VALUES (278, 'Herrlich', 'Kleidung', 'Bongardstr.', '', 'Innenstadt', 'D', 44787, 'Bochum', NULL, 234, 9149);
INSERT INTO unternehmen VALUES (279, 'Heinrich Pick GmbH', 'Lebensmittel', 'Heinrich-Kämpchen-Str.', '29', 'Dahlhausen', 'D', 44879, 'Bochum', NULL, 234, 94203);
INSERT INTO unternehmen VALUES (280, 'Die Zuckerstange GmbH', 'Lebensmittel', 'Im Ostholz', '25-25', 'Linden', 'D', 44879, 'Bochum', NULL, 234, 94697);
-- Tabelle Teilnehmer
DROP TABLE teilnehmer;
CREATE TABLE teilnehmer
("TN_NR" NUMBER(4) NOT NULL,
 "U_NR" NUMBER(5),
 "TN_ANREDE" VARCHAR2(5),
 "TN_VORNAME" VARCHAR2(20), 
 "TN_NACHNAME" VARCHAR2(30),
 "TN_STRASSE" VARCHAR2(40), 
 "TN_HAUSNR" VARCHAR2(5),
 "TN_STADTTEIL" VARCHAR2(30), 
 "TN_LAND" VARCHAR2(2),
 "TN_PLZ" NUMBER(5),
 "TN_STADT" VARCHAR2(30),
 "TN_VORWAHL" NUMBER(10),
 "TN_TELNR" NUMBER(10),
  PRIMARY KEY("TN_NR"),
  FOREIGN KEY("U_NR")
    REFERENCES unternehmen("U_NR"))  
  TABLESPACE "STUDENTEN";

-- Daten Tabelle Teilnehmer
INSERT INTO teilnehmer VALUES (1, 132, 'Herr', 'Gerard', 'Diehm', 'August-Bebel-Platz', '79', 'Wattenscheid', 'D', 44866, 'Bochum', 2327, 854441);
INSERT INTO teilnehmer VALUES (2, 278, NULL, 'B.', 'Brock', NULL, '125', NULL, 'D', 4552, 'Hattingen, Ruhr', 2324, 2451304);
INSERT INTO teilnehmer VALUES (3, 12, 'Herr', 'Josef', 'Pilger', 'Plutostr.', '8', 'Bulmke-Hüllen', 'D', 45888, 'Gelsenkirchen', 209, 76113);
INSERT INTO teilnehmer VALUES (4, 267, 'Herr', 'Martin', 'Fulland', 'Nikolaus-Groß-Str.', '28', 'Alt-Walsum', 'D', 47178, 'Duisburg', 203, 491320);
INSERT INTO teilnehmer VALUES (5, 126, 'Herr', 'Norbert', 'Fahle', 'Steeler Str.', '43', 'Wattenscheid', 'D', 44866, 'Bochum', 2327, 598187);
INSERT INTO teilnehmer VALUES (6, 68, 'Herr', 'Thomas', 'Wersinski', 'Stiepeler Str.', NULL, 'Wiemelhausen', 'D', 44799, 'Bochum', 234, 17503);
INSERT INTO teilnehmer VALUES (7, 36, 'Frau', 'Meta', 'Kirste', 'Rüdesheimer Str.', '14', 'Frohnhausen', 'D', 45145, 'Essen, Ruhr', 201, 230454);
INSERT INTO teilnehmer VALUES (8, 194, 'Herr', 'Stefanie', 'Hohnwald', 'Hirsestr.', '16', 'Bochold', 'D', 45356, 'Essen, Ruhr', 201, 285593);
INSERT INTO teilnehmer VALUES (9, 258, NULL, 'A.', 'Fryc', NULL, '29', NULL, 'D', 44, 'Bochum', 234, 492144);
INSERT INTO teilnehmer VALUES (10, 77, 'Herr', 'Alfred', 'Gollann', 'Am Alten Stadtpark', '21', 'Innenstadt', 'D', 44791, 'Bochum', 234, 381516);
INSERT INTO teilnehmer VALUES (11, 205, 'Herr', 'Raik', 'Swenshon', 'Nauenstr.', '2', NULL, 'D', 44309, 'Dortmund', 171, 44624);
INSERT INTO teilnehmer VALUES (12, 104, 'Herr', 'Otto', 'Burkert', 'Möllmannsweg', '114', 'Hassel', 'D', 45896, 'Gelsenkirchen', 209, 1487124);
INSERT INTO teilnehmer VALUES (13, 170, 'Herr', 'Karl-Heinz', 'Dammasch', 'Grasmückenweg', '92', 'Resse', 'D', 45892, 'Gelsenkirchen', 209, 875830);
INSERT INTO teilnehmer VALUES (14, 29, 'Herr', 'Josef', 'Gerstenberger', 'Fischerstr.', '24', 'Horst', 'D', 45899, 'Gelsenkirchen', 209, 411790);
INSERT INTO teilnehmer VALUES (15, 195, NULL, 'U.', 'Fröbel', NULL, '29', NULL, 'D', 44, 'Bochum', 234, 493734);
INSERT INTO teilnehmer VALUES (16, 209, 'Herr', 'Konrad', 'Besser', 'Pothmannstr.', '202', 'Feldmark', 'D', 45883, 'Gelsenkirchen', 209, 3957701);
INSERT INTO teilnehmer VALUES (17, 245, 'Herr', 'Josefine', 'Krüger', 'Borgholzstr.', '13', 'Wiemelhausen', 'D', 44799, 'Bochum', 234, 205126);
INSERT INTO teilnehmer VALUES (18, 124, 'Frau', 'Angelika', 'Faust', 'Marienstr.', '41', 'Buer', 'D', 45894, 'Gelsenkirchen', 209, 594386);
INSERT INTO teilnehmer VALUES (19, 243, 'Herr', 'Wilhelm', 'Daube', 'Konradstr.', '91', 'Eppendorf', 'D', 44869, 'Bochum', 2327, 875303);
INSERT INTO teilnehmer VALUES (20, 61, 'Herr', 'Wolfgang', 'Krolak', 'Surkampstr.', '13', 'Erle', 'D', 45891, 'Gelsenkirchen', 209, 205327);
INSERT INTO teilnehmer VALUES (21, 183, 'Herr', 'Andreas', 'Sporreiter', 'Remscheider Str.', '3', 'Friedrichstadt', 'D', 40215, 'Düsseldorf', 211, 51880);
INSERT INTO teilnehmer VALUES (22, 264, 'Herr', 'Karl', 'Gerdts', 'Wichernstr.', '24', 'Innenstadt', 'D', 44791, 'Bochum', 234, 422337);
INSERT INTO teilnehmer VALUES (23, 74, NULL, 'G.', 'Mende', 'Kemnader Str.', '10', 'Stiepel', 'D', 44797, 'Bochum', 234, 85733);
INSERT INTO teilnehmer VALUES (24, 218, 'Herr', 'Josef', 'Martin', 'Ossenkamp', '11', 'Resse', 'D', 45892, 'Gelsenkirchen', 209, 138341);
INSERT INTO teilnehmer VALUES (25, 128, 'Frau', 'Hildegard', 'Gödtner', 'Meesmannstr.', '22', 'Riemke', 'D', 44807, 'Bochum', 234, 394642);
INSERT INTO teilnehmer VALUES (26, 245, 'Herr', 'Helmut', 'Goltz', 'Theodor-Otte-Str.', '20', 'Beckhausen', 'D', 45897, 'Gelsenkirchen', 209, 379889);
INSERT INTO teilnehmer VALUES (27, 9, 'Herr', 'Günter', 'Gniewotta', 'Konsumstr.', '22', 'Hofstede', 'D', 44809, 'Bochum', 234, 394869);
INSERT INTO teilnehmer VALUES (28, 98, 'Frau', 'Marion', 'Mönig', 'Borgmannshof', '9', 'Bulmke-Hüllen', 'D', 45888, 'Gelsenkirchen', 209, 82971);
INSERT INTO teilnehmer VALUES (29, 96, 'Herr', 'Stefan', 'Angsten', 'Laakmannsbusch', '61D', 'Langenberg', 'D', 42555, 'Velbert', 2052, 8907383);
INSERT INTO teilnehmer VALUES (30, 191, 'Herr', 'Leorud', 'Guttkorn', 'Neidenburger Str.', '18', 'Buer', 'D', 45897, 'Gelsenkirchen', 209, 336426);
INSERT INTO teilnehmer VALUES (31, 56, 'Frau', 'Sabine', 'Hammerich', 'Pöppinghausstr.', '17', 'Buer', 'D', 45894, 'Gelsenkirchen', 209, 323191);
INSERT INTO teilnehmer VALUES (32, 54, 'Frau', 'Kerstin', 'Mühlhaus', NULL, '9', NULL, 'D', 458, 'Gelsenkirchen', 209, 82886);
INSERT INTO teilnehmer VALUES (33, 199, 'Herr', 'Dr. med. Klaus-Diete', 'Goedecke', 'Grummer Str.', '21', 'Hofstede', 'D', 44809, 'Bochum', 234, 394343);
INSERT INTO teilnehmer VALUES (34, 212, 'Herr', 'Achim', 'Held', 'Ortsstr.', '17', NULL, 'D', 7338, 'Kaulsdorf, Saale', 3671, 312850);
INSERT INTO teilnehmer VALUES (35, 75, 'Herr', 'Peter', 'Cebula', 'Femestr.', '111', 'Hassel', 'D', 45896, 'Gelsenkirchen', 209, 1478988);
INSERT INTO teilnehmer VALUES (36, 20, 'Herr', 'Gerhardine', 'Drevermann', 'Schemannstr.', '67', 'Rotthausen', 'D', 45884, 'Gelsenkirchen', 209, 787536);
INSERT INTO teilnehmer VALUES (37, 66, 'Frau', 'Katrin', 'Sylvester', 'Markstr.', '2', 'Weitmar', 'D', 44795, 'Bochum', 234, 43961);
INSERT INTO teilnehmer VALUES (38, 244, 'Frau', 'Gisela', 'Riecks', 'Kirchstr.', '6', 'Altstadt', 'D', 45879, 'Gelsenkirchen', 209, 66870);
INSERT INTO teilnehmer VALUES (39, 1, 'Herr', 'Fritz', 'Gerdes', 'Gartenkamp', '25', 'Feldmark', 'D', 45883, 'Gelsenkirchen', 209, 430647);
INSERT INTO teilnehmer VALUES (40, 63, 'Frau', 'Hannelore', 'Dreßler', NULL, '68', NULL, 'D', 458, 'Gelsenkirchen', 209, 789083);
INSERT INTO teilnehmer VALUES (41, 90, 'Herr', 'Bernhard', 'Foltinek', 'Am Chursbusch', '32', 'Linden', 'D', 44879, 'Bochum', 234, 512989);
INSERT INTO teilnehmer VALUES (42, 237, 'Herr', 'Daniel', 'Vierbaum', 'Hattinger Str.', '1', 'Weitmar', 'D', 44795, 'Bochum', 170, 31062);
INSERT INTO teilnehmer VALUES (43, 265, 'Herr', 'Karlheinz', 'Eicher', 'Am Funkturm', '51', 'Neuasseln', 'D', 44309, 'Dortmund', 231, 730293);
INSERT INTO teilnehmer VALUES (44, 254, 'Herr', 'Heinrich W.', 'Gutsell', 'Wittenberger Str.', '18', 'Röttgersbach', 'D', 47167, 'Duisburg', 203, 337583);
INSERT INTO teilnehmer VALUES (45, 240, 'Herr', 'Dieter', 'Brauner', 'Kranichstr.', '131', 'Westenfeld', 'D', 44867, 'Bochum', 2327, 2630229);
INSERT INTO teilnehmer VALUES (46, 114, 'Frau', 'Melanie', 'Baltes', 'Grenzstr.', '22a', 'Schalke', 'D', 45881, 'Gelsenkirchen', 209, 7103947);
INSERT INTO teilnehmer VALUES (47, 271, 'Herr', 'Wolfgang', 'Gersema', 'Laurentiusstr.', '24', 'Horst', 'D', 45899, 'Gelsenkirchen', 209, 412260);
INSERT INTO teilnehmer VALUES (48, 74, 'Frau', 'Sigrid', 'Faust', 'Martinstr.', '41', 'Duissern', 'D', 47058, 'Duisburg', 203, 594548);
INSERT INTO teilnehmer VALUES (49, 17, 'Frau', 'Lucie', 'Folkers', 'Mintarder Weg', '32', 'Unterrath', 'D', 40472, 'Düsseldorf', 211, 513724);
INSERT INTO teilnehmer VALUES (50, 3, 'Herr', 'Günter', 'Adam', 'Am Mühlenberg', '7b', NULL, 'D', 47647, 'Kerken', 2833, 9470590);
INSERT INTO teilnehmer VALUES (51, 6, 'Herr', 'Herbert', 'Drake', 'Liegnitzer Str.', '71', 'Bulmke-Hüllen', 'D', 45888, 'Gelsenkirchen', 209, 799228);
INSERT INTO teilnehmer VALUES (52, 168, NULL, 'T.', 'Münx', NULL, '8', NULL, 'D', 44, 'Bochum', 234, 82281);
INSERT INTO teilnehmer VALUES (53, 115, 'Herr', 'Hanfried', 'Balyemez', 'Abbendiekshof', '104G', 'Ückendorf', 'D', 45886, 'Gelsenkirchen', 209, 5560187);
INSERT INTO teilnehmer VALUES (54, 68, 'Frau', 'Heike', 'Nohse', 'Lindenhorster Str.', '8', 'Lindenhorst', 'D', 44339, 'Dortmund', 231, 80482);
INSERT INTO teilnehmer VALUES (55, 108, 'Herr', 'Michael', 'Elsner', 'Barenscheidstr.', '49', 'Ückendorf', 'D', 45886, 'Gelsenkirchen', 209, 703322);
INSERT INTO teilnehmer VALUES (56, 112, NULL, 'K.', 'Antons', NULL, '60c', NULL, 'D', 76855, 'Annweiler am Trifels', 6346, 8906400);
INSERT INTO teilnehmer VALUES (57, 114, 'Frau', 'Anja', 'De Cock', 'Markstr.', '90', 'Wiemelhausen', 'D', 44801, 'Bochum', 234, 872125);
INSERT INTO teilnehmer VALUES (58, 51, 'Herr', 'Manfred', 'Herz', 'Oberdorfstr.', '16', 'Altendorf', 'D', 45143, 'Essen, Ruhr', 201, 287441);
INSERT INTO teilnehmer VALUES (59, 239, 'Frau', 'Renate', 'Reiff', 'Stresemannstr.', '7', 'Wattenscheid', 'D', 44866, 'Bochum', 2327, 72757);
INSERT INTO teilnehmer VALUES (60, 146, 'Frau', 'Silke', 'Besner', 'Zeppelinallee', '266', 'Feldmark', 'D', 45883, 'Gelsenkirchen', 209, 4623509);
INSERT INTO teilnehmer VALUES (61, 155, 'Herr', 'Josef', 'Drößlich', 'Munckelstr.', '58', 'Altstadt', 'D', 45879, 'Gelsenkirchen', 209, 777842);
INSERT INTO teilnehmer VALUES (62, 256, 'Frau', 'Daniela', 'Switala', 'Meineckestr.', '2', 'Golzheim', 'D', 40474, 'Düsseldorf', 211, 44212);
INSERT INTO teilnehmer VALUES (63, 29, 'Frau', 'Margarete', 'Dombrowski', 'Freiligrathstr.', '74', 'Kettwig', 'D', 45219, 'Essen, Ruhr', 2054, 816437);
INSERT INTO teilnehmer VALUES (64, 5, 'Frau', 'Gerlind', 'Balsing', 'Günnigfelder Str.', '39b', 'Wattenscheid', 'D', 44866, 'Bochum', 2327, 7731496);
INSERT INTO teilnehmer VALUES (65, 108, 'Frau', 'Heike', 'Olschewski', 'Bergener Str.', '8', 'Bergen', 'D', 44807, 'Bochum', 234, 77474);
INSERT INTO teilnehmer VALUES (66, 198, 'Frau', 'Elisabeth', 'Eichstädt', 'Werner Hellweg', '51', 'Werne', 'D', 44894, 'Bochum', 234, 723614);
INSERT INTO teilnehmer VALUES (67, 21, 'Frau', 'Silvia', 'Tamoschus', 'Moorkampstr.', '2', 'Heßler', 'D', 45883, 'Gelsenkirchen', 179, 35803);
INSERT INTO teilnehmer VALUES (68, 149, 'Herr', 'Bernhard', 'Bollermann', 'Devensstr.', '135', 'Horst', 'D', 45899, 'Gelsenkirchen', 209, 2770289);
INSERT INTO teilnehmer VALUES (69, 251, 'Herr', 'Reinhold', 'Gämmer', 'Blausielweg', '27', 'Berghofen', 'D', 44269, 'Dortmund', 231, 471321);
INSERT INTO teilnehmer VALUES (70, 231, 'Herr', 'Heinz', 'Beßler', 'Wilhelminenstr.', '192', 'Schalke', 'D', 45881, 'Gelsenkirchen', 209, 3838727);
INSERT INTO teilnehmer VALUES (71, 68, 'Herr', 'Carlos', 'Ferse', 'Gerstäckerstr.', '38', NULL, 'D', 20459, 'Hamburg', 40, 587824);
INSERT INTO teilnehmer VALUES (72, 267, 'Herr', 'Viktor', 'Meilenbrock', 'Auguststr.', '10', 'Erle', 'D', 45891, 'Gelsenkirchen', 209, 130798);
INSERT INTO teilnehmer VALUES (73, 218, 'Herr', 'Ralf', 'Süßenbach', 'Hattinger Str.', '2', 'Linden', 'D', 44879, 'Bochum', 234, 44884);
INSERT INTO teilnehmer VALUES (74, 150, 'Herr', 'Bernhard', 'Falk', 'Leimkugelstr.', '43', 'Nordviertel', 'D', 45141, 'Essen, Ruhr', 201, 596885);
INSERT INTO teilnehmer VALUES (75, 4, 'Herr', 'Heinz', 'Besl', 'Im Tal', '291', 'Niederwenigern', 'D', 45529, 'Hattingen, Ruhr', 2324, 4781264);
INSERT INTO teilnehmer VALUES (76, 250, 'Herr', 'Dipl.-Ing. Alfred H.', 'Genster', 'Brannenweg', '25', 'Linden', 'D', 44879, 'Bochum', 234, 433402);
INSERT INTO teilnehmer VALUES (77, 218, 'Herr', 'Günter', 'Goldt', 'Wasserbankstr.', '21', 'Hordel', 'D', 44793, 'Bochum', 234, 387740);
INSERT INTO teilnehmer VALUES (78, 163, 'Herr', 'Dieter', 'Deutschmann', 'Bolhöferweg', '81', NULL, 'D', 33818, 'Leopoldshöhe', 5202, 860597);
INSERT INTO teilnehmer VALUES (79, 194, 'Frau', 'Irmgard', 'Dewitz', 'Wiesenstr.', '81', 'Bergheim', 'D', 47228, 'Duisburg', 2065, 860483);
INSERT INTO teilnehmer VALUES (80, 122, 'Frau', 'Luise', 'Hamacher', 'Horster Str.', '17', 'Buer', 'D', 45897, 'Gelsenkirchen', 209, 325056);
INSERT INTO teilnehmer VALUES (81, 41, 'Herr', 'Heinrich', 'Drisang', 'Krahwinkel', '60', 'Ückendorf', 'D', 45886, 'Gelsenkirchen', 209, 780607);
INSERT INTO teilnehmer VALUES (82, 96, 'Frau', 'Barbara', 'Gerloff', 'Kortumstr.', '24', 'Innenstadt', 'D', 44787, 'Bochum', 234, 412515);
INSERT INTO teilnehmer VALUES (83, 136, 'Frau', 'Eva', 'Faßbender', 'Gabelsbergerstr.', '41', 'Wiemelhausen', 'D', 44789, 'Bochum', 234, 595205);
INSERT INTO teilnehmer VALUES (84, 189, NULL, 'B.', 'Bessel', 'Fleischerstr.', '227', 'Heßler', 'D', 45883, 'Gelsenkirchen', 209, 4128350);
INSERT INTO teilnehmer VALUES (85, 44, 'Herr', 'Karl-Heinz', 'Arnold', 'Mechtenbergstr.', '47a', 'Rotthausen', 'D', 45884, 'Gelsenkirchen', 209, 8007926);
INSERT INTO teilnehmer VALUES (86, 58, 'Frau', 'Andrea', 'Kolk', 'Aachener Str.', '13', 'Frohnhausen', 'D', 45145, 'Essen, Ruhr', 201, 213519);
INSERT INTO teilnehmer VALUES (87, 170, 'Herr', 'Thorsten', 'Zink', 'Kiepeweg', NULL, 'Westerfilde', 'D', 44357, 'Dortmund', 231, 5185);
INSERT INTO teilnehmer VALUES (88, 55, 'Frau', 'Bettina', 'Tielmann', 'Finkenweg', '2', 'Beckhausen', 'D', 45899, 'Gelsenkirchen', 173, 33817);
INSERT INTO teilnehmer VALUES (89, 35, 'Herr', 'Thomas', 'Hasselberg', 'Ernststr.', '17', 'Kray', 'D', 45307, 'Essen, Ruhr', 201, 322654);
INSERT INTO teilnehmer VALUES (90, 227, 'Frau', 'Else', 'Droth', 'Heinrichplatz', '58', 'Bulmke-Hüllen', 'D', 45888, 'Gelsenkirchen', 209, 772412);
INSERT INTO teilnehmer VALUES (91, 76, 'Herr', 'Andreas', 'Schock', 'Immendal', '5', 'Hochfeld', 'D', 47053, 'Duisburg', 172, 60013);
INSERT INTO teilnehmer VALUES (92, 73, 'Herr', 'Heinz', 'Florian', 'Emmericher Str.', '34', 'Scholven', 'D', 45896, 'Gelsenkirchen', 209, 522504);
INSERT INTO teilnehmer VALUES (93, 41, 'Herr', 'Jörg', 'Fromme', 'Höchste Str.', '29', 'Heßler', 'D', 45883, 'Gelsenkirchen', 209, 492772);
INSERT INTO teilnehmer VALUES (94, 145, 'Herr', 'Günther', 'Chomiak', 'Marsstr.', '111', 'Mitte', 'D', 42549, 'Velbert', 2051, 1475844);
INSERT INTO teilnehmer VALUES (95, 162, 'Herr', 'Andreas', 'Mönch', 'Prinzenstr.', '9', 'Schalke', 'D', 45881, 'Gelsenkirchen', 209, 83541);
INSERT INTO teilnehmer VALUES (96, 3, 'Herr', 'Jürgen', 'Flesch', 'Buerelterstr.', '35', 'Scholven', 'D', 45896, 'Gelsenkirchen', 209, 532723);
INSERT INTO teilnehmer VALUES (97, 28, 'Herr', 'Helmut', 'Gratze', 'Theodor-Fliedner-Str.', '19', 'Beckhausen', 'D', 45897, 'Gelsenkirchen', 209, 355880);
INSERT INTO teilnehmer VALUES (98, 192, 'Herr', 'Helmut', 'Zuk', 'Kronprinzenstr.', NULL, 'Erle', 'D', 45891, 'Gelsenkirchen', 209, 1386);
INSERT INTO teilnehmer VALUES (99, 65, 'Frau', 'Maria', 'Baltz', 'Bokermühlstr.', '153a', 'Neustadt', 'D', 45879, 'Gelsenkirchen', 209, 6045800);
INSERT INTO teilnehmer VALUES (100, 89, 'Herr', 'Bernd', 'Gerland', 'Hermannstr.', '24', 'Innenstadt', 'D', 44791, 'Bochum', 234, 412795);
INSERT INTO teilnehmer VALUES (101, 103, NULL, 'E. R.', 'Drevermann', 'Schemannstr.', '66', 'Rotthausen', 'D', 45884, 'Gelsenkirchen', 209, 787428);
INSERT INTO teilnehmer VALUES (102, 109, 'Frau', 'Nicole', 'Baltruschat', 'Haffring', '18a', NULL, 'D', 17373, 'Ueckermünde', 39771, 6408301);
INSERT INTO teilnehmer VALUES (103, 112, 'Herr', 'Gisbert', 'Schlömer', 'Königgrätzer Str.', '5', 'Buer', 'D', 45897, 'Gelsenkirchen', 172, 63741);
INSERT INTO teilnehmer VALUES (104, 19, 'Herr', 'Siegfried', 'Drewer', 'Im Rosenhag', '64', 'Ückendorf', 'D', 45886, 'Gelsenkirchen', 209, 784807);
INSERT INTO teilnehmer VALUES (105, 14, 'Herr', 'Maciej', 'Wiemann', 'Dreieckstr.', NULL, 'Oberbilk', 'D', 40227, 'Düsseldorf', 211, 15630);
INSERT INTO teilnehmer VALUES (106, 175, NULL, 'B.', 'Füller', 'Krockhausstr.', '28', 'Stiepel', 'D', 44797, 'Bochum', 234, 491194);
INSERT INTO teilnehmer VALUES (107, 137, 'Frau', 'Monika', 'Echterhoff', 'Linienring', '54', NULL, 'D', 76275, 'Ettlingen', 7243, 762590);
INSERT INTO teilnehmer VALUES (108, 156, 'Frau', 'Vanessa', 'Skrzypczyk', 'Langendreerstr.', '3', 'Langendreer', 'D', 44892, 'Bochum', 234, 52364);
INSERT INTO teilnehmer VALUES (109, 255, NULL, 'U.', 'Erwin', 'Fohlenkampstr.', '45', 'Kurl', 'D', 44319, 'Dortmund', 231, 639680);
INSERT INTO teilnehmer VALUES (110, 72, 'Frau', 'Frieda', 'Lipperheide', 'Lange Str.', '12', 'Resse', 'D', 45892, 'Gelsenkirchen', 209, 143833);
INSERT INTO teilnehmer VALUES (111, 37, NULL, '', 'Seefeldt', 'Ümminger Str.', '4', 'Langendreer', 'D', 44892, 'Bochum', 173, 57144);
INSERT INTO teilnehmer VALUES (112, 249, 'Herr', 'Karl-Heinz', 'Pöhling', 'Pommernstr.', '7', 'Bismarck', 'D', 45889, 'Gelsenkirchen', 209, 74477);
INSERT INTO teilnehmer VALUES (113, 196, 'Herr', 'Wolfgang', 'Even', 'Dammstr.', '44', 'Langendreer', 'D', 44892, 'Bochum', 234, 630800);
INSERT INTO teilnehmer VALUES (114, 4, 'Herr', 'Andreas', 'Geuder', 'Flöttestr.', '23', 'Horst', 'D', 45899, 'Gelsenkirchen', 209, 409676);
INSERT INTO teilnehmer VALUES (115, 185, 'Herr', 'Wadim', 'Stielow', 'Sievekingsallee', '3', NULL, 'D', 22111, 'Hamburg', 171, 49401);
INSERT INTO teilnehmer VALUES (116, 123, 'Herr', 'Norbert', 'Dryja', 'Bulmker Str.', '56', 'Bulmke-Hüllen', 'D', 45888, 'Gelsenkirchen', 209, 771689);
INSERT INTO teilnehmer VALUES (117, 277, 'Herr', 'Jürgen', 'Etz', 'Vereinsstr.', '45', 'Gerresheim', 'D', 40625, 'Düsseldorf', 211, 638168);
INSERT INTO teilnehmer VALUES (118, 103, 'Frau', 'Ellen', 'Fidora', 'Wildstr.', '37', 'Neudorf-Süd', 'D', 47057, 'Duisburg', 203, 583661);
INSERT INTO teilnehmer VALUES (119, 5, 'Herr', 'Wolfgang', 'Meier-Prünte', 'Burgmühlenweg', '10', 'Erle', 'D', 45891, 'Gelsenkirchen', 209, 130817);
INSERT INTO teilnehmer VALUES (120, 189, 'Herr', 'Romuald', 'Schneider', 'Wetzlarer Str.', '5', 'Obermeiderich', 'D', 47138, 'Duisburg', 175, 62072);
INSERT INTO teilnehmer VALUES (121, 253, 'Herr', 'Manfred', 'Gebhard', 'Mathiasstr.', '26', 'Linden', 'D', 44879, 'Bochum', 234, 453815);
INSERT INTO teilnehmer VALUES (122, 57, 'Herr', 'Günter', 'Grein', 'Koloniestr.', '18', 'Buer', 'D', 45897, 'Gelsenkirchen', 209, 353553);
INSERT INTO teilnehmer VALUES (123, 33, 'Herr', 'Kurt', 'Dinkelbach', 'Hohenzollernstr.', '78', 'Bulmke-Hüllen', 'D', 45888, 'Gelsenkirchen', 209, 850720);
INSERT INTO teilnehmer VALUES (124, 147, 'Herr', 'Christoph', 'Balthasar', 'Am Beul', '21a', NULL, 'D', 45525, 'Hattingen, Ruhr', 2324, 7089573);
INSERT INTO teilnehmer VALUES (125, 82, 'Frau', 'Anke', 'Demmler', 'Varenholzstr.', '85', 'Höntrop', 'D', 44869, 'Bochum', 2327, 865285);
INSERT INTO teilnehmer VALUES (126, 146, NULL, 'R. J.', 'Fonnell', NULL, '32', NULL, 'D', 454, 'Mülheim an der Ruhr', 208, 512605);
INSERT INTO teilnehmer VALUES (127, 135, 'Herr', 'Jürgen', 'Adam', 'Auf der Egge', '7b', 'Langenberg', 'D', 42555, 'Velbert', 2052, 9470384);
INSERT INTO teilnehmer VALUES (128, 274, 'Frau', 'Anna-Maria', 'Biermann', NULL, '141', NULL, 'D', 425, 'Velbert', 2051, 2815620);
INSERT INTO teilnehmer VALUES (129, 58, 'Herr', 'Bernhard', 'Borggreve', 'Am Lakenbruch', '133', 'Hordel', 'D', 44793, 'Bochum', 234, 2698522);
INSERT INTO teilnehmer VALUES (130, 222, 'Herr', 'Erich', 'Hellwig', 'Hechelstr.', '17', 'Hassel', 'D', 45896, 'Gelsenkirchen', 209, 309560);
INSERT INTO teilnehmer VALUES (131, 137, 'Frau', 'Sabine', 'Balte', 'Uhlandstr.', '24d', NULL, 'D', 45525, 'Hattingen, Ruhr', 2324, 7225410);
INSERT INTO teilnehmer VALUES (132, 248, NULL, 'H.', 'Drewlo', 'Hauptstr.', '63', 'Altstadt', 'D', 45879, 'Gelsenkirchen', 209, 783161);
INSERT INTO teilnehmer VALUES (133, 257, 'Herr', 'Nail', 'Fernandes', 'Liebfrauenstr.', '38', 'Altenbochum', 'D', 44803, 'Bochum', 234, 590830);
INSERT INTO teilnehmer VALUES (134, 213, 'Frau', 'Margarete', 'Antons', 'Deggendorfer Str.', '5a', NULL, 'D', 84051, 'Essenbach, Niederbay', 8703, 8681074);
INSERT INTO teilnehmer VALUES (135, 224, 'Herr', 'Karl', 'Feld', 'Händelstr.', '40', 'Altstadt', 'D', 47057, 'Duisburg', 203, 593601);
INSERT INTO teilnehmer VALUES (136, 150, 'Herr', 'Rolf', 'Flaßkamp', 'Augustin-Wibbelt-Str.', '35', 'Buer', 'D', 45894, 'Gelsenkirchen', 209, 534267);
INSERT INTO teilnehmer VALUES (137, 152, 'Herr', 'Udo', 'Fligge', 'Niefeldstr.', '35', 'Buer', 'D', 45894, 'Gelsenkirchen', 209, 525312);
INSERT INTO teilnehmer VALUES (138, 210, 'Herr', 'Waldemar', 'Freitag', 'Plettenbergstr.', '30', NULL, 'D', 30457, 'Hannover', 511, 496522);
INSERT INTO teilnehmer VALUES (139, 27, 'Herr', 'Siegfried', 'Gerland', 'Gretchenstr.', '24', 'Grumme', 'D', 44791, 'Bochum', 234, 412849);
INSERT INTO teilnehmer VALUES (140, 51, 'Frau', 'Almut', 'Straube', 'Josephstr.', '3', 'Innenstadt', 'D', 44791, 'Bochum', 234, 48853);
INSERT INTO teilnehmer VALUES (141, 242, 'Frau', 'Cornelia', 'Gasser', 'Meinholtweg', '26', 'Dahlhausen', 'D', 44879, 'Bochum', 234, 460822);
INSERT INTO teilnehmer VALUES (142, 142, 'Herr', 'Jürgen', 'Asbeck', 'Jägerhof', '44a', 'Wattenscheid', 'D', 44866, 'Bochum', 2327, 7948138);
INSERT INTO teilnehmer VALUES (143, 103, 'Frau', 'Marianne', 'Feierabend', 'Bruchspitze', '40', 'Altenbochum', 'D', 44803, 'Bochum', 234, 593602);
INSERT INTO teilnehmer VALUES (144, 129, 'Herr', 'Ralf', 'Gajewski', 'Hattinger Str.', '27', 'Linden', 'D', 44879, 'Bochum', 234, 472282);
INSERT INTO teilnehmer VALUES (145, 124, NULL, 'Atsuko', 'Golinski', 'Gemünder Str.', '21', 'Oberkassel', 'D', 40547, 'Düsseldorf', 211, 384613);
INSERT INTO teilnehmer VALUES (146, 153, 'Frau', 'Friederike', 'Brosda', 'Trompeter Str.', '119', 'Bergheim', 'D', 47228, 'Duisburg', 2065, 2337842);
INSERT INTO teilnehmer VALUES (147, 122, 'Frau', 'Silke', 'Feider', 'Höltingsweg', '40', 'Vogelheim', 'D', 45356, 'Essen, Ruhr', 201, 593703);
INSERT INTO teilnehmer VALUES (148, 237, 'Herr', 'August', 'Faber', 'Eckenerstr.', '43', 'Huckarde', 'D', 44369, 'Dortmund', 231, 611678);
INSERT INTO teilnehmer VALUES (149, 207, 'Herr', 'Gerhard', 'Anemüller', 'Bökenbuschstr.', '64b', 'Langenberg', 'D', 42555, 'Velbert', 2052, 8917855);
INSERT INTO teilnehmer VALUES (150, NULL, 'Herr', 'Tim', 'Sudek', 'Am Bischofskamp', '3', 'Röttgersbach', 'D', 47169, 'Duisburg', 203, 48090);
INSERT INTO teilnehmer VALUES (151, 133, 'Frau', 'Agnes', 'Bredeck', 'Grießgasse', '129', NULL, 'D', 78600, 'Kolbingen', 7463, 2613025);
INSERT INTO teilnehmer VALUES (152, 78, 'Herr', 'Karl H.', 'Brune', 'Nateweg', '118', 'Hassel', 'D', 45896, 'Gelsenkirchen', 209, 2108928);
INSERT INTO teilnehmer VALUES (153, 107, 'Herr', 'Theo', 'Engel', 'Westerbergstr.', '47', 'Langendreer', 'D', 44892, 'Bochum', 234, 681458);
INSERT INTO teilnehmer VALUES (154, 169, 'Frau', 'Hannelore', 'Mendrina', 'Am Gulloh', '10', 'Brechten', 'D', 44339, 'Dortmund', 231, 85482);
INSERT INTO teilnehmer VALUES (155, 43, 'Frau', 'Marion', 'Tillmann', 'An der Gosekuhle', '1', 'Wambel', 'D', 44143, 'Dortmund', 231, 33277);
INSERT INTO teilnehmer VALUES (156, 210, 'Frau', 'Andrea', 'Suck', 'Am Spik', '3', 'Altenbochum', 'D', 44789, 'Bochum', 234, 48834);
INSERT INTO teilnehmer VALUES (157, 108, 'Firma', 'W.', 'Stavrianos', 'Hattinger Str.', '3', 'Linden', 'D', 44879, 'Bochum', 234, 51334);
INSERT INTO teilnehmer VALUES (158, 7, 'Herr', 'Jürgen', 'Delzer', 'Wasserstr.', '85', 'Wiemelhausen', 'D', 44789, 'Bochum', 234, 870244);
INSERT INTO teilnehmer VALUES (159, 132, 'Herr', 'Markus', 'Drewermann', NULL, '64', NULL, 'D', 0, 'Dortmund', 231, 784218);
INSERT INTO teilnehmer VALUES (160, 60, 'Herr', 'Friedhelm', 'Balz', 'Leithestr.', '906', 'Leithe', 'D', 44866, 'Bochum', 2327, 5447852);
INSERT INTO teilnehmer VALUES (161, 151, 'Herr', 'Ernst', 'Stiehler', 'Heinrich-Hertz-Str.', '3', NULL, 'D', 17491, 'Greifswald, Hansestadt', 171, 49472);
INSERT INTO teilnehmer VALUES (162, 66, 'Herr', 'Dr. Tilmann', 'Golfmann', 'Klostermannstr.', '21', 'Hofstede', 'D', 44809, 'Bochum', 234, 387312);
INSERT INTO teilnehmer VALUES (163, 80, 'Herr', 'Paul', 'Bundesmann', 'Gußstahlstr.', '115', 'Innenstadt', 'D', 44793, 'Bochum', 234, 1706676);
INSERT INTO teilnehmer VALUES (164, 101, 'Frau', 'Erna', 'Dischereit', 'Königsteiner Str.', '77', 'Winz-Baak', 'D', 45529, 'Hattingen, Ruhr', 2324, 841651);
INSERT INTO teilnehmer VALUES (165, 188, 'Herr', 'Andreas', 'Zinnschlag', 'Scheideweg', NULL, 'Scholven', 'D', 45896, 'Gelsenkirchen', 209, 4986);
INSERT INTO teilnehmer VALUES (166, 90, 'Herr', 'Joachim', 'Garborek', 'Boniverstr.', '27', 'Feldmark', 'D', 45883, 'Gelsenkirchen', 209, 470290);
INSERT INTO teilnehmer VALUES (167, 108, 'Herr', 'Lothar', 'Hamada', 'Talstr.', '17', 'Buer', 'D', 45897, 'Gelsenkirchen', 209, 323973);
INSERT INTO teilnehmer VALUES (168, 167, 'Herr', 'Gerhard', 'Dolinski', 'Waldemarstr.', '75', 'Schalke', 'D', 45881, 'Gelsenkirchen', 209, 817193);
INSERT INTO teilnehmer VALUES (169, 48, 'Frau', 'Elfriede', 'Surmann', 'Wilhelminenstr.', '3', 'Schalke', 'D', 45881, 'Gelsenkirchen', 209, 45692);
INSERT INTO teilnehmer VALUES (170, 22, 'Herr', 'Ingo', 'Maier', 'Fette Wiese', '12', 'Erle', 'D', 45891, 'Gelsenkirchen', 209, 141224);
INSERT INTO teilnehmer VALUES (171, 10, 'Frau', 'Felizitas', 'Depkat', 'Luisenstr.', '84', 'Resse', 'D', 45892, 'Gelsenkirchen', 209, 863546);
INSERT INTO teilnehmer VALUES (172, 198, 'Frau', 'Silvia', 'Legel', 'Schlehenweg', '12', 'Höntrop', 'D', 44869, 'Bochum', 2327, 201972);
INSERT INTO teilnehmer VALUES (173, 163, 'Herr', 'Rudi', 'Arlov', 'Zum Dornbachtal', '5A', NULL, 'D', 65321, 'Heidenrod', 6124, 8377238);
INSERT INTO teilnehmer VALUES (174, 246, 'Herr', 'Werner', 'Burkert', 'Büscherstr.', '114', 'Hassel', 'D', 45896, 'Gelsenkirchen', 209, 1548754);
INSERT INTO teilnehmer VALUES (175, 130, 'Herr', 'Heiko', 'Elsner', NULL, '49', NULL, 'D', 2533, 'Elmshorn', 4121, 704317);
INSERT INTO teilnehmer VALUES (176, 163, 'Herr', 'Ludwig', 'Dotter', 'Trinenkamp', '71', 'Bismarck', 'D', 45889, 'Gelsenkirchen', 209, 801820);
INSERT INTO teilnehmer VALUES (177, 88, 'Herr', 'Ralf und Tanja', 'Zeh', 'Händelstr.', NULL, 'Harpen', 'D', 44805, 'Bochum', 234, 7193);
INSERT INTO teilnehmer VALUES (178, 127, 'Herr', 'Otmar', 'Sender', 'Hollandstr.', '4', 'Brackel', 'D', 44309, 'Dortmund', 173, 54062);
INSERT INTO teilnehmer VALUES (179, 217, 'Herr', 'Paul', 'Drüker', 'Bergmannstr.', '56', 'Ückendorf', 'D', 45886, 'Gelsenkirchen', 209, 771814);
INSERT INTO teilnehmer VALUES (180, 44, 'Herr', 'Josef', 'Lippert', 'Seppenrader Str.', '12', 'Resser-Mark', 'D', 45892, 'Gelsenkirchen', 209, 143698);
INSERT INTO teilnehmer VALUES (181, 25, 'Herr', 'Ernst', 'Besser', 'Kurt-Schumacher-Str.', '216', 'Schalke-Nord', 'D', 45881, 'Gelsenkirchen', 209, 4082658);
INSERT INTO teilnehmer VALUES (182, 29, NULL, 'A.', 'Goldmann', 'Kaiser-Friedrich-Ring', '21', 'Oberkassel', 'D', 40545, 'Düsseldorf', 211, 390207);
INSERT INTO teilnehmer VALUES (183, 108, 'Herr', 'Jürgen', 'Glaser', 'Hauptflözstr.', '23', 'Hordel', 'D', 44793, 'Bochum', 234, 399333);
INSERT INTO teilnehmer VALUES (184, 82, 'Herr', 'Wolfgang', 'Tiller', NULL, '1', NULL, 'D', 35305, 'Grünberg, Hess', 171, 33579);
INSERT INTO teilnehmer VALUES (185, 190, 'Herr', 'Friedhelm', 'Balte', 'Alfredstr.', '267a', 'Günnigfeld', 'D', 44866, 'Bochum', 2327, 7266516);
INSERT INTO teilnehmer VALUES (186, 68, 'Herr', 'Hans', 'Gellhaus', 'Eythstr.', '26', 'Dahlhausen', 'D', 44879, 'Bochum', 234, 443616);
INSERT INTO teilnehmer VALUES (187, 120, 'Frau', 'Tatjana', 'Fuhrmann', 'Georgstr.', '28', 'Vierlinden', 'D', 47178, 'Duisburg', 203, 491616);
INSERT INTO teilnehmer VALUES (188, 193, 'Herr', 'Waldemar', 'Schmidt', 'Heinrich-Gustav-Str.', '5', 'Werne', 'D', 44894, 'Bochum', 172, 63437);
INSERT INTO teilnehmer VALUES (189, 4, 'Herr', 'Andreas', 'Zschirner', 'Bruchstr.', NULL, 'Wiemelhausen', 'D', 44799, 'Bochum', 234, 2990);
INSERT INTO teilnehmer VALUES (190, 114, 'Frau', 'Ellen', 'Eichstädt', 'Deutsches Reich', '51', 'Werne', 'D', 44894, 'Bochum', 234, 723328);
INSERT INTO teilnehmer VALUES (191, 277, 'Frau', 'Anke', 'Dorn', 'Munscheidstr.', '73', 'Winz-Baak', 'D', 45529, 'Hattingen, Ruhr', 2324, 813454);
INSERT INTO teilnehmer VALUES (192, 68, 'Frau', 'Helga', 'Best', 'Nordstr.', '168', NULL, 'D', 45525, 'Hattingen, Ruhr', 2324, 3116746);
INSERT INTO teilnehmer VALUES (193, 82, 'Herr', 'Andreas', 'Weiss', 'Herzogstr.', NULL, 'Schalke', 'D', 45881, 'Gelsenkirchen', 170, 21575);
INSERT INTO teilnehmer VALUES (194, 18, 'Herr', 'Rainer', 'Stolfik', 'Steinkuhlstr.', '3', 'Wiemelhausen', 'D', 44799, 'Bochum', 234, 48956);
INSERT INTO teilnehmer VALUES (195, 111, 'Frau', 'Irmgard', 'Baaz', 'Watermanns Weg', '42a', 'Wattenscheid', 'D', 44866, 'Bochum', 2327, 7947633);
INSERT INTO teilnehmer VALUES (196, 5, 'Herr', 'Jürgen', 'Poda', 'Blumendelle', '7', 'Schalke', 'D', 45881, 'Gelsenkirchen', 209, 74831);
INSERT INTO teilnehmer VALUES (197, 167, 'Frau', 'Helga', 'Erler', 'Unterstr.', '46', 'Langendreer', 'D', 44892, 'Bochum', 234, 651924);
INSERT INTO teilnehmer VALUES (198, 119, NULL, 'A.', 'Balser', 'Parkstr.', '3e', 'Wattenscheid', 'D', 44866, 'Bochum', 2327, 7882502);
INSERT INTO teilnehmer VALUES (199, 93, 'Herr', 'Johann', 'Erdle', 'Märkische Str.', '47', 'Gerresheim', 'D', 40625, 'Düsseldorf', 211, 664799);
INSERT INTO teilnehmer VALUES (200, 201, 'Herr', 'Alfred', 'Balz', 'Gertrudenhof', '558', 'Wattenscheid', 'D', 44866, 'Bochum', 2327, 5426174);
INSERT INTO teilnehmer VALUES (201, 86, 'Frau', 'Agathe', 'Behr', 'Scheideweg', '376', 'Scholven', 'D', 45896, 'Gelsenkirchen', 209, 5167233);
INSERT INTO teilnehmer VALUES (202, 73, 'Herr', 'Friedhelm', 'Merz', 'Mallinckrodtstr.', '9', 'Mitte', 'D', 44145, 'Dortmund', 231, 84276);
INSERT INTO teilnehmer VALUES (203, 185, 'Herr', 'Andre', 'Domke', 'Margaretenhof', '74', 'Bulmke-Hüllen', 'D', 45888, 'Gelsenkirchen', 209, 816362);
INSERT INTO teilnehmer VALUES (204, 238, 'Frau', 'Silke', 'Zoladz', 'Westerholter Str.', NULL, 'Buer', 'D', 45894, 'Gelsenkirchen', 209, 3672);
INSERT INTO teilnehmer VALUES (205, 110, 'Herr', 'Wilhelm', 'Ellermann', 'Wallbaumweg', '50', 'Langendreer', 'D', 44894, 'Bochum', 234, 717597);
INSERT INTO teilnehmer VALUES (206, 35, 'Herr', 'Lothar', 'Seebacher', 'Kriemhildstr.', '4', 'Resse', 'D', 45892, 'Gelsenkirchen', 173, 57199);
INSERT INTO teilnehmer VALUES (207, 161, 'Herr', 'Heinrich', 'Fehrmann', 'Friemannplatz', '41', 'Altenbochum', 'D', 44803, 'Bochum', 234, 593771);
INSERT INTO teilnehmer VALUES (208, 147, NULL, 'R.', 'Judith', 'Hustadtring', '15', 'Querenburg', 'D', 44801, 'Bochum', 234, 270063);
INSERT INTO teilnehmer VALUES (209, 254, 'Frau', 'Brunhilde', 'Curino', 'Pannhütte', '101', 'Erle', 'D', 45891, 'Gelsenkirchen', 209, 880862);
INSERT INTO teilnehmer VALUES (210, 184, 'Herr', 'Heinz', 'Vonnemann', 'Horster Str.', '1', 'Beckhausen', 'D', 45899, 'Gelsenkirchen', 209, 29165);
INSERT INTO teilnehmer VALUES (211, 110, 'Herr', 'Ingo', 'Disseldorp', 'Bochumer Str.', '76', 'Wattenscheid', 'D', 44866, 'Bochum', 2327, 836980);
INSERT INTO teilnehmer VALUES (212, 142, 'Herr', 'Arnd', 'Fenslau', 'Laerstr.', '39', 'Altenbochum', 'D', 44803, 'Bochum', 234, 591336);
INSERT INTO teilnehmer VALUES (213, 97, 'Herr', 'Lars', 'Jung', NULL, '15', NULL, 'D', 44, 'Bochum', 234, 265011);
INSERT INTO teilnehmer VALUES (214, 241, 'Frau', 'Susanne', 'Sumina', 'Aldenhofstr.', '3', 'Feldmark', 'D', 45883, 'Gelsenkirchen', 209, 47714);
INSERT INTO teilnehmer VALUES (215, 134, 'Herr', 'Johannes', 'Bethäuser', 'Jenbacher Str.', '142', 'Horst', 'D', 45899, 'Gelsenkirchen', 209, 2821187);
INSERT INTO teilnehmer VALUES (216, 138, 'Herr', 'Hans-Georg', 'Tietze', 'Friesenweg', '1', 'Westenfeld', 'D', 44867, 'Bochum', 179, 33673);
INSERT INTO teilnehmer VALUES (217, 108, 'Frau', 'Erna', 'Fligge', 'Delbrückstr.', '34', 'Buer', 'D', 45894, 'Gelsenkirchen', 209, 524023);
INSERT INTO teilnehmer VALUES (218, 149, 'Herr', 'Harry', 'Möngler', 'Möntingplatz', '9', 'Schalke', 'D', 45881, 'Gelsenkirchen', 209, 83146);
INSERT INTO teilnehmer VALUES (219, 193, 'Frau', 'Erna', 'Freund', 'Straße der Befreiung', '30', NULL, 'D', 6886, 'Lutherstadt Wittenberg', 3491, 495713);
INSERT INTO teilnehmer VALUES (220, 116, 'Frau', 'Monika', 'Fey', NULL, '37', NULL, 'D', 45, 'Essen, Ruhr', 201, 584910);
INSERT INTO teilnehmer VALUES (221, 129, NULL, 'D.', 'Drilling', 'Im Rosenhag', '60', 'Ückendorf', 'D', 45886, 'Gelsenkirchen', 209, 781398);
INSERT INTO teilnehmer VALUES (222, 25, 'Frau', 'Gudrun', 'Ketterling', 'Kaiserswerther Str.', '14', 'Huckingen', 'D', 47259, 'Duisburg', 203, 234746);
INSERT INTO teilnehmer VALUES (223, 171, NULL, '', 'Dalian', NULL, '93', NULL, 'D', 44, 'Bochum', 2327, 877439);
INSERT INTO teilnehmer VALUES (224, 217, 'Frau', 'Christel', 'Gottfried', 'Blindschacht', '20', 'Beckhausen', 'D', 45899, 'Gelsenkirchen', 209, 373049);
INSERT INTO teilnehmer VALUES (225, 30, 'Herr', 'Olaf', 'Farenski', 'Stolzestr.', '42', 'Wiemelhausen', 'D', 44789, 'Bochum', 234, 595399);
INSERT INTO teilnehmer VALUES (226, 259, 'Herr', 'Klaus', 'Landwehr', 'Surkampstr.', '12', 'Erle', 'D', 45891, 'Gelsenkirchen', 209, 203582);
INSERT INTO teilnehmer VALUES (227, 61, 'Herr', 'Hans-Rudolf', 'Gohl', 'Schirnbecker Teiche', '21', 'Freisenbruch', 'D', 45279, 'Essen, Ruhr', 201, 390994);
INSERT INTO teilnehmer VALUES (228, 158, 'Frau', 'Charlotte', 'Ehl', 'Rüsingstr.', '52', 'Werne', 'D', 44894, 'Bochum', 234, 747044);
INSERT INTO teilnehmer VALUES (229, 242, 'Frau', 'Angela', 'Granek', 'Grabenstr.', '19', NULL, 'D', 64331, 'Weiterstadt', 6150, 360570);
INSERT INTO teilnehmer VALUES (230, 153, 'Herr', 'Hans', 'Brunkow', 'Grüningerstr.', '117', NULL, 'D', 71364, 'Winnenden, Württ', 7195, 2058932);
INSERT INTO teilnehmer VALUES (231, 95, 'Herr', 'Wolfgang', 'Senff', 'In den Erlen', '4', 'Scholven', 'D', 45896, 'Gelsenkirchen', 172, 53970);
INSERT INTO teilnehmer VALUES (232, 254, 'Herr', 'Alfred', 'Erdmann', 'Sonnenleite', '46', 'Langendreer', 'D', 44892, 'Bochum', 234, 661957);
INSERT INTO teilnehmer VALUES (233, 272, 'Frau', 'Sonja', 'Reuter', 'Breitwiese', '7', NULL, 'D', 77761, 'Schiltach', 7836, 71138);
INSERT INTO teilnehmer VALUES (234, 25, 'Frau', 'Verena', 'Fiegert', 'Kückelmannshof', '37', 'Buer', 'D', 45894, 'Gelsenkirchen', 209, 582934);
INSERT INTO teilnehmer VALUES (235, 110, 'Herr', 'Anton', 'Freuken', 'Wittenbergstr.', '30', 'Stadtwald', 'D', 45133, 'Essen, Ruhr', 201, 496000);
INSERT INTO teilnehmer VALUES (236, 155, 'Frau', 'Christa', 'Mengel', 'Hainbuchenweg', '10', 'Brechten', 'D', 44339, 'Dortmund', 231, 85432);
INSERT INTO teilnehmer VALUES (237, 61, 'Herr', 'Claus-Peter', 'Dreske', 'Föhrenweg', '70', NULL, 'D', 63741, 'Aschaffenburg', 6021, 797232);
INSERT INTO teilnehmer VALUES (238, 86, 'Herr', 'Volker', 'Filskowski', 'Mühlenstr.', '36', 'Buer', 'D', 45894, 'Gelsenkirchen', 209, 582156);
INSERT INTO teilnehmer VALUES (239, 129, 'Herr', 'Karsten', 'Suhle', 'Goethestr.', '3', 'Obermarxloh', 'D', 47166, 'Duisburg', 203, 47913);
INSERT INTO teilnehmer VALUES (240, 191, 'Herr', 'Duran', 'Hübbers', 'Cramerstr.', '16', 'Weitmar', 'D', 44793, 'Bochum', 234, 274769);
INSERT INTO teilnehmer VALUES (241, 120, 'Herr', 'Fred', 'Gaffke', 'Sandfuhrstr.', '27', 'Stiepel', 'D', 44797, 'Bochum', 234, 473420);
INSERT INTO teilnehmer VALUES (242, 76, 'Herr', 'Paul', 'Ackermann', 'Alte Landstr.', '9A', NULL, 'D', 77749, 'Hohberg b Offenburg', 7808, 9797750);
INSERT INTO teilnehmer VALUES (243, 125, 'Herr', 'Olaf', 'Szostak', NULL, '2', NULL, 'D', 425, 'Velbert', 171, 41317);
INSERT INTO teilnehmer VALUES (244, 127, 'Frau', 'Lilianne', 'Sudmant', 'Volmerswerther Str.', '3', 'Bilk', 'D', 40221, 'Düsseldorf', 211, 47998);
INSERT INTO teilnehmer VALUES (245, 274, 'Herr', 'Gerd', 'Packheiser', 'Bismarckstr.', '8', 'Bismarck', 'D', 45889, 'Gelsenkirchen', 209, 76883);
INSERT INTO teilnehmer VALUES (246, 174, 'Herr', 'Werner', 'Frohnhöfer-Hoy', 'Bahnhofstr.', '29', 'Heisingen', 'D', 45259, 'Essen, Ruhr', 201, 492901);
INSERT INTO teilnehmer VALUES (247, 9, 'Herr', 'Franz', 'Dropalla', 'Wiehagen', '59', 'Neustadt', 'D', 45879, 'Gelsenkirchen', 209, 778922);
INSERT INTO teilnehmer VALUES (248, 194, 'Herr', 'Wolfgang', 'Düchting', 'Wildenbruchstr.', '56', 'Bulmke-Hüllen', 'D', 45888, 'Gelsenkirchen', 209, 770610);
INSERT INTO teilnehmer VALUES (249, 177, 'Herr', 'Franz', 'Franke', 'Barlachweg', '31', 'Weitmar', 'D', 44795, 'Bochum', 234, 498971);
INSERT INTO teilnehmer VALUES (250, 246, 'Herr', 'Wolfgang', 'Endrulat', 'Auf dem Winkel', '48', 'Bulmke-Hüllen', 'D', 45888, 'Gelsenkirchen', 209, 683309);
INSERT INTO teilnehmer VALUES (251, 23, 'Frau', 'Elfriede', 'Wengelnik', 'Thorner Str.', NULL, 'Hassels', 'D', 40599, 'Düsseldorf', 211, 20309);
INSERT INTO teilnehmer VALUES (252, 4, 'Frau', 'Annegret', 'Drigalla', 'Hüssenerstr.', '61', 'Ückendorf', 'D', 45886, 'Gelsenkirchen', 209, 781625);
INSERT INTO teilnehmer VALUES (253, 42, 'Herr', 'Heinz', 'Fink', 'Friedrichstr.', '36', 'Unterbilk', 'D', 40217, 'Düsseldorf', 211, 581093);
INSERT INTO teilnehmer VALUES (254, 173, 'Frau', 'Agnes', 'Drexler', 'Hildegardstr.', '62', 'Bulmke-Hüllen', 'D', 45888, 'Gelsenkirchen', 209, 782768);
INSERT INTO teilnehmer VALUES (255, 258, 'Frau', 'Marion', 'Buchmüller', 'Zweihäuserweg', '116', 'Hassel', 'D', 45896, 'Gelsenkirchen', 209, 1921654);
INSERT INTO teilnehmer VALUES (256, 77, 'Herr', 'Michael', 'Diaz', 'Vorhölterstr.', '80', 'Holzen', 'D', 44267, 'Dortmund', 2304, 854682);
INSERT INTO teilnehmer VALUES (257, 219, 'Frau', 'Erna', 'Emde', 'Florastr.', '49', 'Bulmke-Hüllen', 'D', 45888, 'Gelsenkirchen', 209, 701808);
INSERT INTO teilnehmer VALUES (258, 152, 'Frau', 'Ilse', 'Domnick', 'Am Diependal', '74', 'Langenhorst', 'D', 42551, 'Velbert', 2051, 816243);
INSERT INTO teilnehmer VALUES (259, 248, 'Frau', 'Ursula', 'Ewers', 'Wittener Str.', '44', 'Innenstadt', 'D', 44789, 'Bochum', 234, 630248);
INSERT INTO teilnehmer VALUES (260, 61, 'Herr', 'Hans-Dieter', 'Mühlenbrock', 'Luitpoldstr.', '9', 'Schalke', 'D', 45881, 'Gelsenkirchen', 209, 82890);
INSERT INTO teilnehmer VALUES (261, 183, 'Herr', 'Michaela', 'Wendland', 'Lindenstr.', NULL, 'Buchholz', 'D', 47249, 'Duisburg', 203, 21316);
INSERT INTO teilnehmer VALUES (262, 192, 'Herr', 'Alfred', 'Ketz', 'Aachener Str.', '14', 'Frohnhausen', 'D', 45145, 'Essen, Ruhr', 201, 233470);
INSERT INTO teilnehmer VALUES (263, 209, 'Frau', 'Dunja', 'Spors', 'Ewaldstr.', '3', 'Wiemelhausen', 'D', 44789, 'Bochum', 234, 51816);
INSERT INTO teilnehmer VALUES (264, 141, 'Herr', 'Alfred', 'Formella', 'Hattinger Str.', '32', 'Linden', 'D', 44879, 'Bochum', 234, 504323);
INSERT INTO teilnehmer VALUES (265, 146, 'Herr', 'Detlev', 'Beneke', 'Steeler Str.', '327', 'Wattenscheid', 'D', 44866, 'Bochum', 2327, 5079949);
INSERT INTO teilnehmer VALUES (266, 84, 'Herr', 'Reinhard', 'Ehlen', 'Helstr.', '52', 'Werne', 'D', 44894, 'Bochum', 234, 743964);
INSERT INTO teilnehmer VALUES (267, 81, 'Herr', 'Hubert', 'Kurka', 'Bruchwiesenring', '12', 'Erle', 'D', 45891, 'Gelsenkirchen', 209, 203876);
INSERT INTO teilnehmer VALUES (268, 105, NULL, 'Mary-Jane', 'Wahlich', 'Marktstr.', '1', 'Borbeck-Mitte', 'D', 45355, 'Essen, Ruhr', 201, 24398);
INSERT INTO teilnehmer VALUES (269, 195, 'Herr', 'Werner', 'Frechen', 'Heinrich-König-Str.', '30', 'Stiepel', 'D', 44797, 'Bochum', 234, 496831);
INSERT INTO teilnehmer VALUES (270, 230, 'Herr', 'Heinz-Bert', 'Gans', 'Leisse', '27', 'Aplerbecker Mark', 'D', 44287, 'Dortmund', 231, 471236);
INSERT INTO teilnehmer VALUES (271, 219, 'Herr', 'Winfried', 'Goldkuhle', 'Rambacher Str.', '21', NULL, 'D', 65193, 'Wiesbaden', 611, 390360);
INSERT INTO teilnehmer VALUES (272, 204, 'Frau', 'Dorothea', 'Bodirsky', 'Buschstr.', '138', 'Alt-Hamborn', 'D', 47166, 'Duisburg', 203, 2787086);
INSERT INTO teilnehmer VALUES (273, 139, 'Firma', '', 'Zorn', 'Charlottenstr.', NULL, 'Wiemelhausen', 'D', 44799, 'Bochum', 234, 3134);
INSERT INTO teilnehmer VALUES (274, 77, 'Herr', 'Mirko', 'Gietmann', 'Essener Str.', '23', 'Horst', 'D', 45899, 'Gelsenkirchen', 209, 400625);
INSERT INTO teilnehmer VALUES (275, 102, 'Herr', 'Hans', 'Meier', 'Winkelmannshof', '11', 'Erle', 'D', 45891, 'Gelsenkirchen', 209, 136716);
INSERT INTO teilnehmer VALUES (276, 168, 'Herr', 'Jörg Detlef', 'Vaysband', 'Ranenbergstr.', '1', 'Alt-Hamborn', 'D', 47166, 'Duisburg', 203, 31511);
INSERT INTO teilnehmer VALUES (277, 40, 'Herr', 'Albert', 'Funke', 'Franz-Lenze-Str.', '28', 'Vierlinden', 'D', 47178, 'Duisburg', 203, 488683);
INSERT INTO teilnehmer VALUES (278, 252, 'Herr', 'Rudi', 'Dressler', 'Schonnebecker Str.', '68', 'Rotthausen', 'D', 45884, 'Gelsenkirchen', 209, 788909);
INSERT INTO teilnehmer VALUES (279, 194, 'Herr', 'Alois', 'Adali', 'Blankenbachring', '8A', NULL, 'D', 36148, 'Kalbach, Rhön', 6655, 9754911);
INSERT INTO teilnehmer VALUES (280, 115, 'Herr', 'Gottfried', 'Amort', NULL, '69b', NULL, 'D', 73450, 'Neresheim', 7326, 9122587);
INSERT INTO teilnehmer VALUES (281, 190, 'Herr', 'Horst', 'Conradi', 'Oemkenstr.', '105', 'Resse', 'D', 45892, 'Gelsenkirchen', 209, 940120);
INSERT INTO teilnehmer VALUES (282, 178, 'Herr', 'Helmut', 'Plichta', 'Im Sundern', '8', 'Schalke-Nord', 'D', 45881, 'Gelsenkirchen', 209, 75364);
INSERT INTO teilnehmer VALUES (283, 88, 'Herr', 'Erich', 'Hallensleben', 'Horster Str.', '17', 'Buer', 'D', 45897, 'Gelsenkirchen', 209, 330338);
INSERT INTO teilnehmer VALUES (284, 109, 'Herr', 'Werner', 'Flecken', 'Im Winkel', '35', 'Scholven', 'D', 45896, 'Gelsenkirchen', 209, 533829);
INSERT INTO teilnehmer VALUES (285, 40, 'Frau', 'Ursula', 'Wortmann', 'Enzianstr.', NULL, NULL, 'D', 12203, 'Berlin', 30, 12303);
INSERT INTO teilnehmer VALUES (286, 98, 'Herr', 'Andreas', 'Brodowski', 'Wordenbecker Weg', '120', 'Mitte', 'D', 42549, 'Velbert', 2051, 2381482);
INSERT INTO teilnehmer VALUES (287, 103, 'Herr', 'Klaus', 'Wurzalla', 'Bergener Str.', NULL, 'Bergen', 'D', 44807, 'Bochum', 234, 8460);
INSERT INTO teilnehmer VALUES (288, 165, 'Herr', 'Andre', 'Steinbring', NULL, '3', NULL, 'D', 458, 'Gelsenkirchen', 171, 50791);
INSERT INTO teilnehmer VALUES (289, 212, 'Herr', 'Volker', 'Gardlo', 'Fürstinnenstr.', '27', 'Feldmark', 'D', 45883, 'Gelsenkirchen', 209, 469535);
INSERT INTO teilnehmer VALUES (290, 104, 'Herr', 'Thomas', 'Gralke', 'Pfeilstr.', '19', 'Beckhausen', 'D', 45897, 'Gelsenkirchen', 209, 367718);
INSERT INTO teilnehmer VALUES (291, 48, 'Herr', 'Gerd', 'Hellen', 'Spatenstr.', '17', 'Mörsenbroich', 'D', 40470, 'Düsseldorf', 211, 311665);
INSERT INTO teilnehmer VALUES (292, 222, 'Herr', 'Willi', 'Bessel', 'Schalker Str.', '229', 'Schalke', 'D', 45881, 'Gelsenkirchen', 209, 4146007);
INSERT INTO teilnehmer VALUES (293, 149, 'Herr', 'Gerd u. Elke', 'Focken', NULL, '33', NULL, 'D', 47, 'Duisburg', 2151, 517062);
INSERT INTO teilnehmer VALUES (294, 206, 'Herr', 'Harald', 'Franz', 'Liebermannstr.', '31', 'Weitmar', 'D', 44795, 'Bochum', 234, 497690);
INSERT INTO teilnehmer VALUES (295, 274, 'Herr', 'Johannes', 'Flieger', 'Metterkampstr.', '35', 'Scholven', 'D', 45896, 'Gelsenkirchen', 209, 531556);
INSERT INTO teilnehmer VALUES (296, 119, 'Herr', 'Heinrich', 'Nolte', 'Lothringer Str.', '8', 'Gerthe', 'D', 44805, 'Bochum', 234, 80306);
INSERT INTO teilnehmer VALUES (297, 47, 'Herr', 'Karl-Ludwig', 'Gottlob', 'Goethestr.', '19', 'Innenstadt', 'D', 44791, 'Bochum', 234, 372646);
INSERT INTO teilnehmer VALUES (298, 72, 'Herr', 'Georg Wilhelm', 'Lipinski', 'Frankampstr.', '12', 'Erle', 'D', 45891, 'Gelsenkirchen', 209, 145197);
INSERT INTO teilnehmer VALUES (299, 188, 'Herr', 'Helmut', 'Gerken', 'Ernestinestr.', '24', 'Hofstede', 'D', 44809, 'Bochum', 234, 416126);
INSERT INTO teilnehmer VALUES (300, 83, 'Frau', 'Ursula', 'Brunn', 'Im Bahnwinkel', '116', 'Hassel', 'D', 45896, 'Gelsenkirchen', 209, 2036700);
INSERT INTO teilnehmer VALUES (301, 199, 'Frau', 'Irmgard', 'Drevermann', 'Belforter Str.', '66', 'Rotthausen', 'D', 45884, 'Gelsenkirchen', 209, 786505);
INSERT INTO teilnehmer VALUES (302, 155, 'Frau', 'Marion', 'Rehmann', 'Bismarckstr.', '7', 'Bulmke-Hüllen', 'D', 45888, 'Gelsenkirchen', 209, 73487);
INSERT INTO teilnehmer VALUES (303, 53, 'Frau', 'Simone Petra', 'Thielmann', 'Aschenbrockallee', '2', 'Buer', 'D', 45894, 'Gelsenkirchen', 173, 34101);
INSERT INTO teilnehmer VALUES (304, 139, 'Herr', 'Bernd', 'Weil', 'Westkamp', '1', 'Brackel', 'D', 44309, 'Dortmund', 231, 21961);
INSERT INTO teilnehmer VALUES (305, 277, 'Herr', 'Manfred', 'Besser', 'Blankensteiner Str.', '214', 'Weitmar', 'D', 44797, 'Bochum', 234, 4082237);
INSERT INTO teilnehmer VALUES (306, 65, 'Frau', 'Hildegard', 'Witting', 'Hüller Str.', NULL, 'Bulmke-Hüllen', 'D', 45888, 'Gelsenkirchen', 209, 12880);
INSERT INTO teilnehmer VALUES (307, 236, 'Herr', 'Marcus', 'Döhler', 'Heidestr.', '75', 'Wattenscheid', 'D', 44866, 'Bochum', 2327, 817706);
INSERT INTO teilnehmer VALUES (308, 121, 'Herr', 'Antonia', 'Hentzschel', 'Wallheckenweg', '16', 'Hassel', 'D', 45896, 'Gelsenkirchen', 209, 288452);
INSERT INTO teilnehmer VALUES (309, 70, 'Herr', 'Matthias', 'Deering', 'Glücksburger Str.', '89', 'Wiemelhausen', 'D', 44799, 'Bochum', 234, 871733);
INSERT INTO teilnehmer VALUES (310, 30, 'Frau', 'Ute', 'Hemmerich', 'Brakestr.', '17', 'Hassel', 'D', 45896, 'Gelsenkirchen', 209, 300212);
INSERT INTO teilnehmer VALUES (311, 2, 'Herr', 'Helmut', 'Plogmacher', 'Ruhrstr.', '7', 'Schalke', 'D', 45881, 'Gelsenkirchen', 209, 75027);
INSERT INTO teilnehmer VALUES (312, 250, 'Herr', 'Bruno', 'Müsken', 'Hiltroper Str.', '8', 'Hiltrop', 'D', 44805, 'Bochum', 234, 82138);
INSERT INTO teilnehmer VALUES (313, 214, 'Herr', 'Günter', 'Greske', 'Plaggenweg', '18', 'Beckhausen', 'D', 45897, 'Gelsenkirchen', 209, 352830);
INSERT INTO teilnehmer VALUES (314, 123, 'Frau', 'Herta', 'Adam', 'Rievekampstr.', '83a', NULL, 'D', 46282, 'Dorsten', 2362, 9582881);
INSERT INTO teilnehmer VALUES (315, 97, 'Frau', 'Christel', 'Gransow', 'Spreestr.', '19', 'Harpen', 'D', 44791, 'Bochum', 234, 358603);
INSERT INTO teilnehmer VALUES (316, 25, 'Frau', 'Helene', 'Malchow', 'Lehenstr.', '12', 'Erle', 'D', 45891, 'Gelsenkirchen', 209, 141204);
INSERT INTO teilnehmer VALUES (317, 239, 'Herr', 'Volker', 'Fels', 'Ulmenallee', '39', 'Altenbochum', 'D', 44803, 'Bochum', 234, 592173);
INSERT INTO teilnehmer VALUES (318, 59, 'Herr', 'Werner', 'Elzner', 'Ruhrstr.', '49', 'Altstadt', 'D', 45879, 'Gelsenkirchen', 209, 702914);
INSERT INTO teilnehmer VALUES (319, 27, 'Frau', 'Sandra', 'Sußmann', 'Am Geraden Weg', '2', 'Gerthe', 'D', 44805, 'Bochum', 234, 44846);
INSERT INTO teilnehmer VALUES (320, 36, NULL, 'L.', 'Dreier', 'Sommerdellenstr.', '70', 'Wattenscheid', 'D', 44866, 'Bochum', 2327, 799022);
INSERT INTO teilnehmer VALUES (321, 246, 'Herr', 'Roland', 'Tamm', 'Scheideweg', '2', 'Scholven', 'D', 45896, 'Gelsenkirchen', 179, 35933);
INSERT INTO teilnehmer VALUES (322, 222, 'Frau', 'Martha', 'Groth', 'Liboristr.', '18', 'Körne', 'D', 44143, 'Dortmund', 231, 351439);
INSERT INTO teilnehmer VALUES (323, 85, 'Frau', 'Marlis', 'Best', 'Frankenweg', '185', 'Westenfeld', 'D', 44867, 'Bochum', 2327, 3477511);
INSERT INTO teilnehmer VALUES (324, 208, 'Herr', 'Ulrich', 'Froyez', 'Wördestr.', '29', 'Feldmark', 'D', 45883, 'Gelsenkirchen', 209, 492228);
INSERT INTO teilnehmer VALUES (325, 22, 'Herr', 'Manuel', 'Dubiella', 'Bochumer Str.', '56', 'Ückendorf', 'D', 45886, 'Gelsenkirchen', 209, 771607);
INSERT INTO teilnehmer VALUES (326, 244, 'Frau', 'Britta', 'Vierbücher', 'Alsenstr.', '1', 'Innenstadt', 'D', 44789, 'Bochum', 170, 30214);
INSERT INTO teilnehmer VALUES (327, 196, 'Herr', 'Christoph', 'Besl', 'Wilhelminenstr.', '279', 'Schalke', 'D', 45881, 'Gelsenkirchen', 209, 4732961);
INSERT INTO teilnehmer VALUES (328, 3, 'Herr', 'Walter', 'Dilba', 'Hohenzollernstr.', '78', 'Bulmke-Hüllen', 'D', 45888, 'Gelsenkirchen', 209, 852247);
INSERT INTO teilnehmer VALUES (329, 178, 'Herr', 'Herbert', 'Brune', 'Bussardhof', '117', 'Buer', 'D', 45894, 'Gelsenkirchen', 209, 2108247);
INSERT INTO teilnehmer VALUES (330, 230, 'Herr', 'Sven', 'Marquardt', 'Im Emscherbruch', '11', 'Resser-Mark', 'D', 45892, 'Gelsenkirchen', 209, 138771);
INSERT INTO teilnehmer VALUES (331, 145, 'Herr', 'Muzaffer', 'Krullmann', 'Cäcilienstr.', '12', 'Resse', 'D', 45892, 'Gelsenkirchen', 209, 204458);
INSERT INTO teilnehmer VALUES (332, 201, 'Frau', 'Carolin', 'Friebe', 'Schützenstr.', '30', 'Weitmar', 'D', 44795, 'Bochum', 234, 495363);
INSERT INTO teilnehmer VALUES (333, 268, 'Herr', 'Jürgen', 'Betge', 'Elfringhauser Str.', '144', 'Bredenscheid-Stüter', 'D', 45527, 'Hattingen, Ruhr', 2324, 2825570);
INSERT INTO teilnehmer VALUES (334, 171, 'Herr', 'Patrick', 'Arndt', 'Mozartstr.', '4a', 'Rotthausen', 'D', 45884, 'Gelsenkirchen', 209, 8150571);
INSERT INTO teilnehmer VALUES (335, 81, 'Herr', 'Walter', 'Besirevic', 'Elberfelder Str.', '305', 'Neviges', 'D', 42553, 'Velbert', 2053, 4864352);
INSERT INTO teilnehmer VALUES (336, 8, 'Frau', 'Karin', 'Winskowski', 'Ravenbusch', NULL, 'Bulmke-Hüllen', 'D', 45888, 'Gelsenkirchen', 171, 13249);
INSERT INTO teilnehmer VALUES (337, 246, 'Frau', 'Christa', 'Heining', 'Beckeradsdelle', '17', 'Buer', 'D', 45897, 'Gelsenkirchen', 209, 320203);
INSERT INTO teilnehmer VALUES (338, 95, 'Frau', 'Sieglinde', 'Voßwinkel', 'Spindelstr.', '1', 'Hassel', 'D', 45896, 'Gelsenkirchen', 209, 26274);
INSERT INTO teilnehmer VALUES (339, 98, 'Frau', 'Brigitte', 'Czech', 'Am Mühlenteich', '96', 'Erle', 'D', 45891, 'Gelsenkirchen', 209, 879071);
INSERT INTO teilnehmer VALUES (340, 192, 'Frau', 'Anneliese', 'Bessel', 'Fleischerstr.', '230', 'Heßler', 'D', 45883, 'Gelsenkirchen', 209, 4146036);
INSERT INTO teilnehmer VALUES (341, 150, 'Herr', 'Andreas', 'Wagner', 'An der Maarbrücke', '1', 'Hamme', 'D', 44793, 'Bochum', 234, 25419);
INSERT INTO teilnehmer VALUES (342, 31, 'Herr', 'Günter', 'Liebenow', 'Dülmener Str.', '12', 'Resser-Mark', 'D', 45892, 'Gelsenkirchen', 209, 145573);
INSERT INTO teilnehmer VALUES (343, 235, 'Herr', 'Sven', 'Seifen', 'Erichstr.', '4', 'Bulmke-Hüllen', 'D', 45888, 'Gelsenkirchen', 172, 55411);
INSERT INTO teilnehmer VALUES (344, 165, 'Herr', 'Hans Peter', 'Schnitzler', 'Feldhauser Str.', '5', 'Scholven', 'D', 45896, 'Gelsenkirchen', 170, 60061);
INSERT INTO teilnehmer VALUES (345, 264, 'Frau', 'Renate', 'Blessing', 'Fischerstr.', '140', 'Horst', 'D', 45899, 'Gelsenkirchen', 209, 2802441);
INSERT INTO teilnehmer VALUES (346, 87, 'Herr', 'Heinz', 'Lanfer', 'Tilsiter Str.', '12', 'Erle', 'D', 45891, 'Gelsenkirchen', 209, 203047);
INSERT INTO teilnehmer VALUES (347, 68, 'Frau', 'Susanne', 'Pluska', 'Hüller Mühle', '7', 'Bulmke-Hüllen', 'D', 45888, 'Gelsenkirchen', 209, 74989);
INSERT INTO teilnehmer VALUES (348, 196, 'Frau', 'Elli', 'Fach', 'Espenloh', '43', 'Wattenscheid', 'D', 44866, 'Bochum', 2327, 598492);
INSERT INTO teilnehmer VALUES (349, 53, 'Herr', 'Torsten', 'Richhardt', 'Hülsmannstr.', '6', 'Schalke-Nord', 'D', 45881, 'Gelsenkirchen', 179, 68896);
INSERT INTO teilnehmer VALUES (350, 52, NULL, 'I.', 'Arlt', NULL, '5A', NULL, 'D', 44, 'Bochum', 2327, 8328312);
INSERT INTO teilnehmer VALUES (351, 5, 'Frau', 'Maria', 'Düring', 'Binnerstr.', '55', 'Wickede', 'D', 44319, 'Dortmund', 231, 770101);
INSERT INTO teilnehmer VALUES (352, 25, 'Frau', 'Tatiana', 'Uertz', 'Von-der-Recke-Str.', '1', 'Hamme', 'D', 44809, 'Bochum', 173, 32798);
INSERT INTO teilnehmer VALUES (353, 130, 'Frau', 'Gertrud', 'Besse', 'Hans-Böckler-Allee', '241', 'Feldmark', 'D', 45883, 'Gelsenkirchen', 209, 4166747);
INSERT INTO teilnehmer VALUES (354, 79, 'Herr', 'Wilhelm', 'Krengel', 'Frankampstr.', '13', 'Erle', 'D', 45891, 'Gelsenkirchen', 209, 207106);
INSERT INTO teilnehmer VALUES (355, 190, 'Herr', 'Karl-Heinz', 'Feldmann', 'Immanuel-Kant-Str.', '40', 'Altenbochum', 'D', 44803, 'Bochum', 234, 592801);
INSERT INTO teilnehmer VALUES (356, 194, 'Herr', 'Markus', 'Drinkhut', 'Vogelpothsweg', '60', 'Dorstfeld', 'D', 44149, 'Dortmund', 231, 781240);
INSERT INTO teilnehmer VALUES (357, 214, 'Frau', 'Nicole', 'Zuber', 'Bahlenstr.', NULL, 'Wersten', 'D', 40589, 'Düsseldorf', 211, 2699);
INSERT INTO teilnehmer VALUES (358, 175, 'Herr', 'Gerda', 'Besters', 'Storchenstr.', '160', 'Westenfeld', 'D', 44867, 'Bochum', 2327, 2861999);
INSERT INTO teilnehmer VALUES (359, 103, 'Frau', 'Katharina', 'Erwig', 'Ovelackerstr.', '45', 'Langendreer', 'D', 44892, 'Bochum', 234, 639760);
INSERT INTO teilnehmer VALUES (360, 210, 'Frau', 'Birgit', 'Fizia', 'Steinheimer Str.', '35', 'Scholven', 'D', 45896, 'Gelsenkirchen', 209, 539582);
INSERT INTO teilnehmer VALUES (361, 109, 'Firma', '', 'Niedergesäß', 'Dieselstr.', '8', 'Gerthe', 'D', 44805, 'Bochum', 234, 81856);
INSERT INTO teilnehmer VALUES (362, 157, 'Herr', 'Walter', 'Adam', 'Stampferweg', '7c', NULL, 'D', 77749, 'Hohberg b Offenburg', 7808, 9489234);
INSERT INTO teilnehmer VALUES (363, 274, NULL, 'A.', 'Frodermann', NULL, '29', NULL, 'D', 44, 'Bochum', 234, 493282);
INSERT INTO teilnehmer VALUES (364, 187, 'Frau', 'Angelika', 'Werther', 'Merkurstr.', NULL, 'Bilk', 'D', 40223, 'Düsseldorf', 211, 16768);
INSERT INTO teilnehmer VALUES (365, 190, 'Herr', 'Kunibert', 'Erdem', 'Luchsweg', '47', 'Langendreer', 'D', 44892, 'Bochum', 234, 674155);
INSERT INTO teilnehmer VALUES (366, 174, 'Frau', 'Hannelore', 'Gollan', 'Uhlandstr.', '21', 'Grumme', 'D', 44791, 'Bochum', 234, 382887);
INSERT INTO teilnehmer VALUES (367, 270, NULL, 'Kandasamy', 'Wurmbach', 'Hunsrückenstr.', NULL, 'Altstadt', 'D', 40213, 'Düsseldorf', 211, 8491);
INSERT INTO teilnehmer VALUES (368, 200, 'Herr', 'Heinz', 'Münter', 'Castroper Hellweg', '9', 'Gerthe', 'D', 44805, 'Bochum', 234, 82285);
INSERT INTO teilnehmer VALUES (369, 181, 'Herr', 'Hans', 'Gloe', 'Poststr.', '22', 'Hofstede', 'D', 44809, 'Bochum', 234, 397900);
INSERT INTO teilnehmer VALUES (370, 43, 'Frau', 'Elfriede', 'Henkel', 'Möllmannsweg', '17', 'Hassel', 'D', 45896, 'Gelsenkirchen', 209, 295108);
INSERT INTO teilnehmer VALUES (371, 64, 'Frau', 'Ursula', 'Best', 'Wattenscheider Hellweg', '173', 'Höntrop', 'D', 44867, 'Bochum', 2327, 3190251);
INSERT INTO teilnehmer VALUES (372, 44, NULL, '', 'Jaschke', 'Auf dem Aspei', '15', 'Querenburg', 'D', 44801, 'Bochum', 234, 270251);
INSERT INTO teilnehmer VALUES (373, 175, 'Herr', 'Jürgen', 'Werdelmann', 'Fechnerweg', NULL, 'Wersten', 'D', 40591, 'Düsseldorf', 211, 18176);
INSERT INTO teilnehmer VALUES (374, 203, 'Frau', 'Christa', 'Zuralsky', 'Filchnerstr.', NULL, NULL, 'D', 81476, 'München', 89, 385);
INSERT INTO teilnehmer VALUES (375, 236, 'Herr', 'Klaus-Peter', 'Gellert', 'In den Bremmen', '26', 'Wehofen', 'D', 47179, 'Duisburg', 203, 450043);
INSERT INTO teilnehmer VALUES (376, 275, 'Herr', 'Hans', 'Best', 'Stormstr.', '174', 'Rheinhausen-Mitte', 'D', 47226, 'Duisburg', 2065, 3254121);
INSERT INTO teilnehmer VALUES (377, 123, 'Herr', 'Wilfried', 'Gemünd', 'Schachtstr.', '25', 'Wehofen', 'D', 47179, 'Duisburg', 203, 434636);
INSERT INTO teilnehmer VALUES (378, 45, 'Herr', 'Antonio', 'Derse', 'Burgmühlenweg', '82', 'Erle', 'D', 45891, 'Gelsenkirchen', 209, 861857);
INSERT INTO teilnehmer VALUES (379, 41, 'Herr', 'Viktor', 'Seidler', 'Adalbert-Stifter-Str.', '4', NULL, 'D', 86316, 'Friedberg, Bay', 821, 56423);
INSERT INTO teilnehmer VALUES (380, 68, 'Herr', 'Reinhard', 'Sablina', NULL, '6', NULL, 'D', 40, 'Düsseldorf', 171, 65733);
INSERT INTO teilnehmer VALUES (381, 142, 'Herr', 'Silvio', 'BEST Ärzte-Service Bernd Schum', 'Markenstr.', '168', 'Horst', 'D', 45899, 'Gelsenkirchen', 209, 2970788);
INSERT INTO teilnehmer VALUES (382, 167, 'Frau', 'Else', 'Franzke', 'Schützenstr.', '30', 'Weitmar', 'D', 44795, 'Bochum', 234, 497340);
INSERT INTO teilnehmer VALUES (383, 247, 'Herr', 'Franz', 'Adam', 'Kapellenstr.', '6a', NULL, 'D', 88518, 'Herbertingen', 7586, 9270390);
INSERT INTO teilnehmer VALUES (384, 225, NULL, 'Ch.', 'Fromm', 'Albingerstr.', '29', 'Benninghofen', 'D', 44269, 'Dortmund', 231, 492798);
INSERT INTO teilnehmer VALUES (385, 254, 'Frau', 'Erika', 'Breilmann', 'Wattenscheider Hellweg', '128', 'Höntrop', 'D', 44869, 'Bochum', 2327, 2604783);
INSERT INTO teilnehmer VALUES (386, 18, 'Herr', 'Alfred', 'Glapa', 'Ortelsburger Str.', '23', 'Hofstede', 'D', 44809, 'Bochum', 234, 399500);
INSERT INTO teilnehmer VALUES (387, 108, 'Herr', 'Jürgen', 'Frantzki', 'Blumenfeldstr.', '31', 'Weitmar', 'D', 44795, 'Bochum', 234, 497834);
INSERT INTO teilnehmer VALUES (388, 4, 'Herr', 'Oliver', 'Scheiper', 'Im Hansisgarten', '5', NULL, 'D', 35460, 'Staufenberg, Hess', 179, 65069);
INSERT INTO teilnehmer VALUES (389, 202, 'Herr', 'Johannes', 'Drevermann', 'Wembkenstr.', '67', 'Rotthausen', 'D', 45884, 'Gelsenkirchen', 209, 788171);
INSERT INTO teilnehmer VALUES (390, 65, 'Herr', 'Bruno', 'Effling', 'Kattenstr.', '53', 'Harpen', 'D', 44805, 'Bochum', 234, 752306);
INSERT INTO teilnehmer VALUES (391, 221, 'Herr', 'Hartmut', 'Nolting', 'Bethanienstr.', '8', 'Gerthe', 'D', 44805, 'Bochum', 234, 79053);
INSERT INTO teilnehmer VALUES (392, 223, 'Herr', 'Harm', 'Ackermann', 'Werdumer Altendeich', '9a', NULL, 'D', 26427, 'Werdum', 4974, 9819688);
INSERT INTO teilnehmer VALUES (393, 239, 'Firma', '', 'Gaudl', 'Brannenweg', '26', 'Linden', 'D', 44879, 'Bochum', 234, 455783);
INSERT INTO teilnehmer VALUES (394, 64, NULL, 'Kara', 'Weihrauch', 'Steubenstr.', '1', 'Reisholz', 'D', 40599, 'Düsseldorf', 211, 22416);
INSERT INTO teilnehmer VALUES (395, 238, 'Frau', 'Cordula', 'Nohlen', 'Lothringer Str.', '8', 'Gerthe', 'D', 44805, 'Bochum', 234, 80635);
INSERT INTO teilnehmer VALUES (396, 18, 'Frau', 'Elisabeth', 'Frank', 'An der Holtbrügge', '31', 'Weitmar', 'D', 44795, 'Bochum', 234, 499538);
INSERT INTO teilnehmer VALUES (397, 42, 'Herr', 'Friedhelm', 'Frericks', 'Am Moorschacht', '30', 'Weitmar', 'D', 44795, 'Bochum', 234, 496038);
INSERT INTO teilnehmer VALUES (398, 181, NULL, 'Brkic', 'Benduch', 'Otto-Brenner-Str.', '331', 'Wattenscheid', 'D', 44866, 'Bochum', 2327, 5084026);
INSERT INTO teilnehmer VALUES (399, 267, 'Herr', 'Alexander', 'Meitza', 'Kronprinzenstr.', '10', 'Erle', 'D', 45891, 'Gelsenkirchen', 209, 87162);
INSERT INTO teilnehmer VALUES (400, 18, 'Frau', 'Renate', 'Werdelmann', 'Johann-Clanze-Str.', NULL, NULL, 'D', 81369, 'München', 89, 17513);
INSERT INTO teilnehmer VALUES (401, 84, 'Frau', 'Marga', 'Balsing', 'Vogelsang', '3a', NULL, 'D', 31789, 'Hameln', 5151, 7821599);
INSERT INTO teilnehmer VALUES (402, 265, 'Firma', '', 'Dressler', 'Hochstr.', '69', 'Wattenscheid', 'D', 44866, 'Bochum', 2327, 793145);
INSERT INTO teilnehmer VALUES (403, 262, 'Herr', 'Dr. Heinz Wilhelm Br', 'Syniuga', NULL, '2', NULL, 'D', 458, 'Gelsenkirchen', 170, 42862);
INSERT INTO teilnehmer VALUES (404, 193, NULL, 'H.', 'Drevermann', 'Achternbergstr.', '67', 'Rotthausen', 'D', 45884, 'Gelsenkirchen', 209, 788014);
INSERT INTO teilnehmer VALUES (405, 196, 'Frau', 'Karin', 'Möller', 'Florastr.', '9', 'Schalke', 'D', 45881, 'Gelsenkirchen', 209, 84016);
INSERT INTO teilnehmer VALUES (406, 270, NULL, 'Hans-Jürgen', 'Bessel', 'Grawenhof', '236', 'Heßler', 'D', 45883, 'Gelsenkirchen', 209, 4146442);
INSERT INTO teilnehmer VALUES (407, 8, 'Firma', '', 'Reimann', 'Gollheide', '7', 'Westenfeld', 'D', 44866, 'Bochum', 2327, 72475);
INSERT INTO teilnehmer VALUES (408, 47, 'Herr', 'Heinz', 'Gaudl', 'Joseph-Breuer-Str.', '26', 'Werden', 'D', 45239, 'Essen, Ruhr', 201, 459624);
INSERT INTO teilnehmer VALUES (409, 159, 'Frau', 'Gisela', 'Balthasar', 'Bismarckstr.', '1a', 'Bulmke-Hüllen', 'D', 45888, 'Gelsenkirchen', 209, 6852720);
INSERT INTO teilnehmer VALUES (410, 103, 'Frau', 'Inge', 'Fahr', 'Lützowstr.', '43', 'Nordviertel', 'D', 45141, 'Essen, Ruhr', 201, 597489);
INSERT INTO teilnehmer VALUES (411, 276, 'Frau', 'Tanja', 'Cugusi', 'Cranger Str.', '103', 'Erle', 'D', 45891, 'Gelsenkirchen', 209, 903002);
INSERT INTO teilnehmer VALUES (412, 217, NULL, 'E.', 'Damm', NULL, '93', NULL, 'D', 44, 'Bochum', 2327, 876566);
INSERT INTO teilnehmer VALUES (413, 139, 'Herr', 'Karl-Heinz', 'Dröge', 'Wanner Str.', '59', 'Bulmke-Hüllen', 'D', 45888, 'Gelsenkirchen', 209, 779493);
INSERT INTO teilnehmer VALUES (414, 90, 'Frau', 'Hildegard', 'Dahm', 'Möllersweg', '94', 'Wiemelhausen', 'D', 44799, 'Bochum', 234, 877745);
INSERT INTO teilnehmer VALUES (415, 171, 'Herr', 'Marco', 'Semo', 'Phönixstr.', '4', 'Horst', 'D', 45899, 'Gelsenkirchen', 172, 54398);
INSERT INTO teilnehmer VALUES (416, 247, NULL, 'Dörthe', 'Elpelt', 'Zum Kühl', '50', 'Werne', 'D', 44894, 'Bochum', 234, 707676);
INSERT INTO teilnehmer VALUES (417, 24, 'Frau', 'Anke', 'Gutt', 'Heckertstr.', '18', 'Grumme', 'D', 44807, 'Bochum', 234, 337146);
INSERT INTO teilnehmer VALUES (418, 8, NULL, 'E.', 'Balzar', 'Nordring', '461', 'Buer', 'D', 45894, 'Gelsenkirchen', 209, 5370166);
INSERT INTO teilnehmer VALUES (419, 175, 'Herr', 'Juan', 'Gregorowius', 'II. Parallelstr.', '19', NULL, 'D', 44791, 'Bochum', 234, 354965);
INSERT INTO teilnehmer VALUES (420, 212, NULL, 'Th.', 'Drygalla', 'Wiehagen', '56', 'Neustadt', 'D', 45879, 'Gelsenkirchen', 209, 771700);
INSERT INTO teilnehmer VALUES (421, 9, 'Herr', 'Gerhard', 'Eschenröder', 'Dammstr.', '45', 'Langendreer', 'D', 44892, 'Bochum', 234, 639070);
INSERT INTO teilnehmer VALUES (422, NULL, 'Frau', 'Sigrid', 'Gagg', 'Weidengrund', '27', 'Stiepel', 'D', 44797, 'Bochum', 234, 472380);
INSERT INTO teilnehmer VALUES (423, 101, 'Herr', 'Johannes', 'Podschwadek', 'Albenhausenstr.', '7', 'Bismarck', 'D', 45889, 'Gelsenkirchen', 209, 74549);
INSERT INTO teilnehmer VALUES (424, 171, 'Frau', 'Grete', 'Heming', 'Im Eichholz', '17', 'Hassel', 'D', 45896, 'Gelsenkirchen', 209, 301536);
INSERT INTO teilnehmer VALUES (425, 224, NULL, 'W.', 'Elsing', NULL, '49', NULL, 'D', 44, 'Bochum', 234, 704467);
INSERT INTO teilnehmer VALUES (426, 228, 'Herr', 'Holger', 'Basikara', 'An der Hunsebeck', '401', 'Welper', 'D', 45527, 'Hattingen, Ruhr', 2324, 5310758);
INSERT INTO teilnehmer VALUES (427, 200, NULL, 'A.', 'Golibrzuch', 'Wanner Str.', '21', 'Hamme', 'D', 44809, 'Bochum', 234, 387311);
INSERT INTO teilnehmer VALUES (428, 263, NULL, '', 'Zumbach', 'Altenderner Str.', NULL, 'Derne', 'D', 44329, 'Dortmund', 172, 630);
INSERT INTO teilnehmer VALUES (429, 153, 'Frau', 'Helene', 'Dasbach', 'Nollendorfstr.', '91', 'Resse', 'D', 45892, 'Gelsenkirchen', 209, 875354);
INSERT INTO teilnehmer VALUES (430, 185, 'Herr', 'Willi', 'Adämmer', 'Dorfstr.', '6a', NULL, 'D', 52457, 'Aldenhoven b Jülich', 2464, 9210256);
INSERT INTO teilnehmer VALUES (431, 235, 'Herr', 'Michael', 'Theuring', 'Nordsternstr.', '2', 'Horst', 'D', 45899, 'Gelsenkirchen', 209, 35385);
INSERT INTO teilnehmer VALUES (432, 74, NULL, 'W.', 'Baltz', 'Bochumer Str.', '152b', 'Ückendorf', 'D', 45886, 'Gelsenkirchen', 209, 5980964);
INSERT INTO teilnehmer VALUES (433, 59, 'Herr', 'Sebastian', 'Ebert', 'Hausackerstr.', '55', 'Holsterhausen', 'D', 45147, 'Essen, Ruhr', 201, 767696);
INSERT INTO teilnehmer VALUES (434, 21, 'Herr', 'Walter', 'Karduck', 'Worringer Weg', '14', 'Bissingheim', 'D', 47279, 'Duisburg', 203, 260844);
INSERT INTO teilnehmer VALUES (435, 68, 'Herr', 'Ralf', 'Kroker', 'Brigittastr.', '13', 'Rüttenscheid', 'D', 45130, 'Essen, Ruhr', 201, 205666);
INSERT INTO teilnehmer VALUES (436, 183, 'Herr', 'Carsten', 'Takahashi', 'Hardtstr.', '2', 'Grafenberg', 'D', 40629, 'Düsseldorf', 179, 36714);
INSERT INTO teilnehmer VALUES (437, 70, 'Herr', 'Friedhelm', 'Siepmann', 'Wetterschacht', '3', 'Buer', 'D', 45897, 'Gelsenkirchen', 173, 53335);
INSERT INTO teilnehmer VALUES (438, 85, 'Frau', 'Susanne', 'Webels', 'Lindenstr.', '1', 'Buer', 'D', 45894, 'Gelsenkirchen', 171, 24226);
INSERT INTO teilnehmer VALUES (439, 218, 'Frau', 'Anneliese', 'Chojetzki', 'Kampmannsweg', '111', 'Hassel', 'D', 45896, 'Gelsenkirchen', 209, 1476374);
INSERT INTO teilnehmer VALUES (440, 157, 'Frau', 'Ingeborg', 'Föst', 'Mintarder Weg', '31', 'Unterrath', 'D', 40472, 'Düsseldorf', 211, 501697);
INSERT INTO teilnehmer VALUES (441, 188, 'Frau', 'Walburga', 'Bollermann', 'Devensstr.', '135', 'Horst', 'D', 45899, 'Gelsenkirchen', 209, 2778070);
INSERT INTO teilnehmer VALUES (442, 193, 'Herr', 'Günter', 'Sehrt', 'Vorm Jäger', '4', 'Langendreer', 'D', 44892, 'Bochum', 173, 56918);
INSERT INTO teilnehmer VALUES (443, 171, 'Herr', 'Janos', 'Drewello', 'Festweg', '65', 'Ückendorf', 'D', 45886, 'Gelsenkirchen', 209, 785165);
INSERT INTO teilnehmer VALUES (444, 204, NULL, '', 'Vorbrodt', 'Am Alten Stadtpark', '1', 'Innenstadt', 'D', 44791, 'Bochum', 234, 28401);
INSERT INTO teilnehmer VALUES (445, 276, 'Herr', 'Hans G.', 'Hennemann', 'Bergmannsglückstr.', '16', 'Hassel', 'D', 45896, 'Gelsenkirchen', 209, 292011);
INSERT INTO teilnehmer VALUES (446, 133, 'Frau', 'Hildegard', 'Foltmann', 'Kattowitzstr.', '32', 'Hörde', 'D', 44263, 'Dortmund', 231, 512692);
INSERT INTO teilnehmer VALUES (447, 65, 'Herr', 'Andre', 'Webelsiep', 'Ellaweg', '1', 'Hassel', 'D', 45896, 'Gelsenkirchen', 179, 24223);
INSERT INTO teilnehmer VALUES (448, 236, 'Herr', 'Heinz', 'Helmchen', 'Wiebringhausstr.', '17', 'Hassel', 'D', 45896, 'Gelsenkirchen', 209, 308030);
INSERT INTO teilnehmer VALUES (449, 148, 'Herr', 'Bernd', 'Gündel', 'Schlenkhoffstr.', '18', 'Buer', 'D', 45897, 'Gelsenkirchen', 209, 349619);
INSERT INTO teilnehmer VALUES (450, 143, NULL, 'E.', 'Merten', 'Bismarckstr.', '9', 'Bismarck', 'D', 45889, 'Gelsenkirchen', 209, 84427);
INSERT INTO teilnehmer VALUES (451, 190, 'Herr', 'Karl', 'Faulwetter', 'Hunscheidtstr.', '41', 'Wiemelhausen', 'D', 44789, 'Bochum', 234, 594640);
INSERT INTO teilnehmer VALUES (452, 166, 'Herr', 'Helmut', 'Armstrong', 'Haydnstr.', '5/', 'Rotthausen', 'D', 45884, 'Gelsenkirchen', 209, 8180010);
INSERT INTO teilnehmer VALUES (453, 111, 'Frau', 'Julian', 'Zimmermann', 'Kreuzstr.', NULL, 'Mitte', 'D', 44139, 'Dortmund', 231, 6470);
INSERT INTO teilnehmer VALUES (454, 134, 'Herr', 'Ralf', 'Krumbach', 'Lehenstr.', '12', 'Erle', 'D', 45891, 'Gelsenkirchen', 209, 204169);
INSERT INTO teilnehmer VALUES (455, 179, 'Herr', 'Alois', 'Friebe', 'Brantropstr.', '30', 'Weitmar', 'D', 44795, 'Bochum', 234, 495468);
INSERT INTO teilnehmer VALUES (456, 219, 'Herr', 'Martin', 'Balsüzen', 'Aschenbruch', '30c', 'Günnigfeld', 'D', 44866, 'Bochum', 2327, 7444254);
INSERT INTO teilnehmer VALUES (457, 242, NULL, '', 'Ottenberg', 'Bergener Str.', '8', 'Bergen', 'D', 44807, 'Bochum', 234, 77213);
INSERT INTO teilnehmer VALUES (458, 238, NULL, '', 'Gertloff', 'Holtener Str.', '23', 'Obermarxloh', 'D', 47167, 'Duisburg', 203, 411128);
INSERT INTO teilnehmer VALUES (459, 197, 'Herr', 'Ralf', 'Dreyer', 'Markgrafenstr.', '62', 'Ückendorf', 'D', 45886, 'Gelsenkirchen', 209, 782732);
INSERT INTO teilnehmer VALUES (460, NULL, 'Herr', 'Dieter', 'Frett', 'Rathenaustr.', '30', 'Hörde', 'D', 44263, 'Dortmund', 231, 496026);
INSERT INTO teilnehmer VALUES (461, 16, 'Herr', 'Christian', 'Both', 'Gemeindestr.', '132', 'Hofstede', 'D', 44809, 'Bochum', 234, 2650840);
INSERT INTO teilnehmer VALUES (462, 20, 'Herr', 'Michael', 'Zühlke', 'Friedhofstr.', NULL, 'Resse', 'D', 45892, 'Gelsenkirchen', 209, 2301);
INSERT INTO teilnehmer VALUES (463, 109, 'Herr', 'Heinz', 'Mannel', 'Görtzhof', '11', 'Erle', 'D', 45891, 'Gelsenkirchen', 209, 140542);
INSERT INTO teilnehmer VALUES (464, 263, 'Herr', 'Günter', 'Best', 'Harenburg', '169', 'Höntrop', 'D', 44869, 'Bochum', 2327, 3186816);
INSERT INTO teilnehmer VALUES (465, 63, 'Frau', 'Bärbel', 'Dreiskemper', 'Buschstr.', '70', 'Westenfeld', 'D', 44866, 'Bochum', 2327, 797870);
INSERT INTO teilnehmer VALUES (466, 8, 'Herr', 'Wilhelm', 'Meinhövel', 'Brockhauser Str.', '10', 'Stiepel', 'D', 44797, 'Bochum', 234, 105525);
INSERT INTO teilnehmer VALUES (467, 205, 'Herr', 'Christian Adam', 'Dieckmann', 'Feldstr.', '79', 'Langenberg', 'D', 42555, 'Velbert', 2052, 854442);
INSERT INTO teilnehmer VALUES (468, 91, 'Herr', 'Günter', 'Gührs', 'Beckeradsdelle', '18', 'Buer', 'D', 45897, 'Gelsenkirchen', 209, 350252);
INSERT INTO teilnehmer VALUES (469, 107, 'Herr', 'Herbert', 'Dopheide', 'Rheinstr.', '74', 'Kettwig', 'D', 45219, 'Essen, Ruhr', 2054, 814674);
INSERT INTO teilnehmer VALUES (470, 167, 'Herr', 'Christian', 'Elsässer', 'Wallbaumweg', '50', 'Langendreer', 'D', 44894, 'Bochum', 234, 706747);
INSERT INTO teilnehmer VALUES (471, 122, NULL, 'I.', 'Poschmann', 'Kopernikusstr.', '7', 'Bulmke-Hüllen', 'D', 45888, 'Gelsenkirchen', 209, 74175);
INSERT INTO teilnehmer VALUES (472, 241, 'Frau', 'Ingrid', 'Balster-De Beer', 'Birkenfeldstr.', '31A', 'Günnigfeld', 'D', 44866, 'Bochum', 2327, 7480039);
INSERT INTO teilnehmer VALUES (473, 142, 'Herr', 'Friedrich', 'Matheus', 'Meister-Arenz-Str.', '11', 'Huckingen', 'D', 47259, 'Duisburg', 203, 137567);
INSERT INTO teilnehmer VALUES (474, 117, 'Herr', 'Klaus', 'Duda', 'Bochumer Str.', '56', 'Ückendorf', 'D', 45886, 'Gelsenkirchen', 209, 770444);
INSERT INTO teilnehmer VALUES (475, 55, 'Frau', 'Ruth', 'Garstka', 'Schalker Str.', '26', 'Schalke', 'D', 45881, 'Gelsenkirchen', 209, 467502);
INSERT INTO teilnehmer VALUES (476, 229, 'Herr', 'Klaus-Dieter', 'Meinhold', 'Anholter Str.', '10', 'Resser-Mark', 'D', 45892, 'Gelsenkirchen', 209, 130557);
INSERT INTO teilnehmer VALUES (477, 275, 'Frau', 'Elisabeth', 'Finken', 'Philippstr.', '36', 'Wiemelhausen', 'D', 44803, 'Bochum', 234, 578211);
INSERT INTO teilnehmer VALUES (478, 209, 'Herr', 'Leopold', 'Dobric', 'Magdalenenstr.', '75', 'Bismarck', 'D', 45889, 'Gelsenkirchen', 209, 831559);
INSERT INTO teilnehmer VALUES (479, 95, 'Herr', 'Alija', 'Balthasar', 'Konradstr.', '1g', 'Bulmke-Hüllen', 'D', 45888, 'Gelsenkirchen', 209, 6918777);
INSERT INTO teilnehmer VALUES (480, 218, 'Herr', 'Hermann', 'Malers', 'Cranger Str.', '11', 'Erle', 'D', 45891, 'Gelsenkirchen', 209, 140902);
INSERT INTO teilnehmer VALUES (481, 42, 'Frau', 'Sabine', 'Ehm', 'Karl-Bach-Str.', '52', NULL, 'D', 16225, 'Eberswalde', 3334, 741266);
INSERT INTO teilnehmer VALUES (482, 188, 'Herr', 'Albert', 'Dries', 'Mühlenbruchstr.', '61', 'Neustadt', 'D', 45879, 'Gelsenkirchen', 209, 781905);
INSERT INTO teilnehmer VALUES (483, 213, 'Herr', 'Siegfried', 'Saloga', 'Sondernkamp', '6', 'Beckhausen', 'D', 45897, 'Gelsenkirchen', 209, 65549);
INSERT INTO teilnehmer VALUES (484, 55, 'Herr', 'Wilfried', 'Landmann', 'Mathildenstr.', '12', 'Rüttenscheid', 'D', 45130, 'Essen, Ruhr', 201, 203769);
INSERT INTO teilnehmer VALUES (485, 172, 'Herr', 'Franz', 'Tadäus', 'Schneiderstr.', '2', 'Löttringhausen', 'D', 44229, 'Dortmund', 231, 40332);
INSERT INTO teilnehmer VALUES (486, 107, 'Herr', 'Wladimir', 'Lenort', 'Winkelmannshof', '12', 'Erle', 'D', 45891, 'Gelsenkirchen', 209, 173443);
INSERT INTO teilnehmer VALUES (487, 63, 'Herr', 'Kurt', 'Scheit', 'Hultschiner Str.', '5', 'Wanheimerort', 'D', 47055, 'Duisburg', 172, 64989);
INSERT INTO teilnehmer VALUES (488, 169, 'Herr', 'Fritz', 'Noll', 'Westerwaldstr.', '8', 'Hiltrop', 'D', 44805, 'Bochum', 234, 80332);
INSERT INTO teilnehmer VALUES (489, 163, 'Herr', 'Manfred', 'Franken', 'Bärendorfer Str.', '31', 'Weitmar', 'D', 44795, 'Bochum', 234, 497856);
INSERT INTO teilnehmer VALUES (490, 64, 'Firma', '', 'Benstöm', 'Wittener Str.', '325', 'Altenbochum', 'D', 44803, 'Bochum', 234, 4961250);
INSERT INTO teilnehmer VALUES (491, 16, 'Herr', 'Udo', 'Loof', 'Lengericher Str.', '12', 'Resser-Mark', 'D', 45892, 'Gelsenkirchen', 209, 142463);
INSERT INTO teilnehmer VALUES (492, 106, 'Frau', 'Jutta', 'Acosta Sandoval', 'Am Wolfgraben', '8b', NULL, 'D', 90613, 'Großhabersdorf', 9105, 9773161);
INSERT INTO teilnehmer VALUES (493, 259, 'Frau', 'Irena', 'Ewert', 'Oskar-Hoffmann-Str.', '44', 'Wiemelhausen', 'D', 44789, 'Bochum', 234, 626704);
INSERT INTO teilnehmer VALUES (494, 184, 'Firma', '', 'Reimann', 'Gollheide', '7', 'Westenfeld', 'D', 44866, 'Bochum', 2327, 72571);
INSERT INTO teilnehmer VALUES (495, 198, 'Herr', 'Joachim', 'Wormland', 'Grundstr.', NULL, 'Katernberg', 'D', 45327, 'Essen, Ruhr', 201, 12465);
INSERT INTO teilnehmer VALUES (496, 105, 'Frau', 'Brigitte', 'Gonczik', 'Flurstr.', '20', 'Beckhausen', 'D', 45899, 'Gelsenkirchen', 209, 378337);
INSERT INTO teilnehmer VALUES (497, 73, 'Frau', 'Hella', 'Wahlen', 'Tevernstr.', '1', 'Rath', 'D', 40472, 'Düsseldorf', 211, 25283);
INSERT INTO teilnehmer VALUES (498, 107, 'Herr', 'Wilhelm', 'Dreier', 'Grenzstr.', '70', 'Schalke', 'D', 45881, 'Gelsenkirchen', 209, 798978);
INSERT INTO teilnehmer VALUES (499, 257, NULL, 'Shoaei', 'Wawrzyniak', 'Weidkamp', '1', 'Borbeck-Mitte', 'D', 45355, 'Essen, Ruhr', 201, 24367);
INSERT INTO teilnehmer VALUES (500, 170, NULL, 'W.', 'Sürmeli', 'Hattinger Str.', '2', 'Linden', 'D', 44879, 'Bochum', 171, 45146);
INSERT INTO teilnehmer VALUES (501, 222, 'Herr', 'Mehmet', 'Fohrmann', 'Agnesstr.', '33', 'Marxloh', 'D', 47169, 'Duisburg', 203, 514596);
INSERT INTO teilnehmer VALUES (502, 179, 'Herr', 'Michael', 'Elschenbroich', 'Rosenbaumweg', '50', 'Harpen', 'D', 44805, 'Bochum', 234, 705940);
INSERT INTO teilnehmer VALUES (503, 208, 'Herr', 'Herbert', 'Fleischer', 'Bärenkampstr.', '35', 'Buer', 'D', 45894, 'Gelsenkirchen', 209, 533725);
INSERT INTO teilnehmer VALUES (504, 194, 'Firma', '', 'Nigbur', 'Dieselstr.', '8', 'Gerthe', 'D', 44805, 'Bochum', 234, 81181);
INSERT INTO teilnehmer VALUES (505, 87, 'Herr', 'Gerhard', 'Ackom', 'Rassenhöveler Str.', '99a', NULL, 'D', 59510, 'Lippetal', 2923, 9774842);
INSERT INTO teilnehmer VALUES (506, 131, 'Herr', 'Josef', 'Gutzeit', 'Holthauser Str.', '18', 'Buer', 'D', 45897, 'Gelsenkirchen', 209, 335785);
INSERT INTO teilnehmer VALUES (507, 275, 'Herr', 'Guido', 'Suttka', 'Berliner Str.', '2', 'Westenfeld', 'D', 44867, 'Bochum', 234, 44723);
INSERT INTO teilnehmer VALUES (508, 116, 'Herr', 'Thomas', 'Drost', 'Wanner Str.', '58', 'Bulmke-Hüllen', 'D', 45888, 'Gelsenkirchen', 209, 777396);
INSERT INTO teilnehmer VALUES (509, NULL, 'Frau', 'Bärbel', 'Kerbaum', 'Kirchhörder Str.', '14', 'Lücklemberg', 'D', 44229, 'Dortmund', 231, 239264);
INSERT INTO teilnehmer VALUES (510, 129, 'Herr', 'Klaus', 'Pusch', 'Grimberger Allee', '7', 'Bismarck', 'D', 45889, 'Gelsenkirchen', 209, 74083);
INSERT INTO teilnehmer VALUES (511, 193, 'Frau', 'Hildegrad', 'Friehoff', 'Archenbecke', '30', 'Aplerbeck', 'D', 44287, 'Dortmund', 231, 495142);
INSERT INTO teilnehmer VALUES (512, 209, 'Herr', 'Norbert', 'Gumpricht', 'Coburger Str.', '18', 'Röttgersbach', 'D', 47169, 'Duisburg', 203, 350010);
INSERT INTO teilnehmer VALUES (513, 92, 'Herr', 'Carel', 'Enes', 'Wanner Str.', '48', 'Bulmke-Hüllen', 'D', 45888, 'Gelsenkirchen', 209, 683221);
INSERT INTO teilnehmer VALUES (514, 205, 'Herr', 'Fritz', 'Dettmar', 'Gartenstr.', '81', 'Eppendorf', 'D', 44869, 'Bochum', 2327, 861803);
INSERT INTO teilnehmer VALUES (515, 44, 'Frau', 'Catrin', 'Goerigk', 'Ofterdingenstr.', '21', 'Freisenbruch', 'D', 45279, 'Essen, Ruhr', 201, 394087);
INSERT INTO teilnehmer VALUES (516, 183, 'Frau', 'Anja', 'Schroelkamp', 'Rosastr.', '5', 'Rüttenscheid', 'D', 45130, 'Essen, Ruhr', 173, 57804);
INSERT INTO teilnehmer VALUES (517, 206, 'Herr', 'Reinhard', 'Wittkämper', 'Posener Str.', NULL, 'Bulmke-Hüllen', 'D', 45888, 'Gelsenkirchen', 209, 12678);
INSERT INTO teilnehmer VALUES (518, 111, 'Herr', 'Harun', 'Seebruch', 'Mausegatt', '4', 'Winz-Baak', 'D', 45529, 'Hattingen, Ruhr', 173, 57162);
INSERT INTO teilnehmer VALUES (519, 153, 'Herr', 'David', 'Spletter', 'Scheideweg', '3', 'Scholven', 'D', 45896, 'Gelsenkirchen', 209, 52020);
INSERT INTO teilnehmer VALUES (520, 279, 'Frau', 'Walburga', 'Flügel', 'Weseler Str.', '33', 'Scholven', 'D', 45896, 'Gelsenkirchen', 209, 520386);
INSERT INTO teilnehmer VALUES (521, 207, 'Herr', 'Jürgen', 'Eyring', 'Auf der Union', '43', 'Nordviertel', 'D', 45141, 'Essen, Ruhr', 201, 622579);
INSERT INTO teilnehmer VALUES (522, 1, 'Herr', 'Rudi', 'Spieckermann', 'Oveneystr.', '3', 'Stiepel', 'D', 44797, 'Bochum', 171, 52269);
INSERT INTO teilnehmer VALUES (523, 237, 'Herr', 'Karl-Heinz', 'Sander', 'Nateweg', '6', 'Hassel', 'D', 45896, 'Gelsenkirchen', 171, 65297);
INSERT INTO teilnehmer VALUES (524, 251, 'Herr', 'Dieter', 'Syhring', 'Böttgerstr.', '2', NULL, 'D', 13357, 'Berlin', 30, 44161);
INSERT INTO teilnehmer VALUES (525, 112, 'Herr', 'Johanna', 'Gührs', 'Vierhausstr.', '18', 'Grumme', 'D', 44807, 'Bochum', 234, 350278);
INSERT INTO teilnehmer VALUES (526, 106, 'Herr', 'Dieter', 'Zünkler', 'Kappeler Str.', NULL, 'Benrath', 'D', 40597, 'Düsseldorf', 211, 496);
INSERT INTO teilnehmer VALUES (527, 205, 'Frau', 'Magdalena', 'Gude', 'Im Hole', '18', 'Harpen', 'D', 44791, 'Bochum', 234, 351151);
INSERT INTO teilnehmer VALUES (528, 185, NULL, 'F.', 'Meier', 'Virgiliastr.', '11', 'Rüttenscheid', 'D', 45131, 'Essen, Ruhr', 201, 136239);
INSERT INTO teilnehmer VALUES (529, 209, NULL, '', 'Vonau', 'Unterstr.', '1', 'Langendreer', 'D', 44892, 'Bochum', 172, 29343);
INSERT INTO teilnehmer VALUES (530, 104, NULL, 'A.', 'Henneböhl', NULL, '17', NULL, 'D', 458, 'Gelsenkirchen', 209, 295065);
INSERT INTO teilnehmer VALUES (531, 103, 'Herr', 'Wilhelm', 'Drevermann', 'Steeler Str.', '66', 'Rotthausen', 'D', 45884, 'Gelsenkirchen', 209, 786059);
INSERT INTO teilnehmer VALUES (532, 268, 'Herr', 'Vladimir', 'Reifenscheidt', 'August-Zahn-Str.', '7', NULL, 'D', 91154, 'Roth, Mittelfr', 9171, 73115);
INSERT INTO teilnehmer VALUES (533, 70, 'Herr', 'Hanno', 'Dornseifer', 'Bahnhofstr.', '73', 'Westenfeld', 'D', 44866, 'Bochum', 2327, 813095);
INSERT INTO teilnehmer VALUES (534, 133, 'Herr', 'Friedrich', 'Dubois', 'Husemannstr.', '56', 'Altstadt', 'D', 45879, 'Gelsenkirchen', 209, 770774);
INSERT INTO teilnehmer VALUES (535, 216, 'Herr', 'Gerhard', 'Löbbert', 'Ewaldstr.', '12', 'Resse', 'D', 45892, 'Gelsenkirchen', 209, 143528);
INSERT INTO teilnehmer VALUES (536, 172, 'Herr', 'Werner', 'Fölsch', 'Scharpenseelstr.', '32', 'Dahlhausen', 'D', 44879, 'Bochum', 234, 513383);
INSERT INTO teilnehmer VALUES (537, 207, 'Herr', 'Robert', 'Ber', 'Laarkamp', '315', 'Wattenscheid', 'D', 44866, 'Bochum', 2327, 4947557);
INSERT INTO teilnehmer VALUES (538, 203, 'Frau', 'Helga', 'Boldt', 'Friedrichstr.', '136', 'Mitte', 'D', 42551, 'Velbert', 2051, 2785231);
INSERT INTO teilnehmer VALUES (539, 141, 'Herr', 'Volker', 'Cibulski', 'Birther Str.', '107', 'Birth', 'D', 42549, 'Velbert', 2051, 1209017);
INSERT INTO teilnehmer VALUES (540, 260, 'Frau', 'Anneliese', 'Cremer', 'In der Mark', '103', 'Eppendorf', 'D', 44869, 'Bochum', 2327, 911217);
INSERT INTO teilnehmer VALUES (541, 122, 'Herr', 'Dieter', 'Anemüller', 'Im Sonnenschein', '632a', 'Tönisheide', 'D', 42553, 'Velbert', 2053, 8907984);
INSERT INTO teilnehmer VALUES (542, 145, 'Frau', 'Maria', 'Drolshagen', 'Wildenbruchstr.', '59', 'Bulmke-Hüllen', 'D', 45888, 'Gelsenkirchen', 209, 779007);
INSERT INTO teilnehmer VALUES (543, 131, 'Frau', 'Kerstin', 'Faeser', 'Isenbrockstr.', '43', 'Westenfeld', 'D', 44867, 'Bochum', 2327, 598337);
INSERT INTO teilnehmer VALUES (544, 237, 'Herr', 'Günter', 'Besse', 'Tannenbergstr.', '241', 'Schalke', 'D', 45881, 'Gelsenkirchen', 209, 4153266);
INSERT INTO teilnehmer VALUES (545, 115, NULL, 'Önder', 'Ishender', 'Adolfstr.', '15', 'Innenstadt', 'D', 44793, 'Bochum', 234, 271462);
INSERT INTO teilnehmer VALUES (546, 39, 'Frau', 'Marion', 'Emerich', 'Bergmannstr.', '49', 'Ückendorf', 'D', 45886, 'Gelsenkirchen', 209, 693816);
INSERT INTO teilnehmer VALUES (547, 58, 'Herr', 'Hartmut', 'Delling', 'Finkenstr.', '86', 'Eppendorf', 'D', 44869, 'Bochum', 2327, 870352);
INSERT INTO teilnehmer VALUES (548, 158, 'Herr', 'Theodor', 'Florian', 'Gräffstr.', '34', 'Buer', 'D', 45894, 'Gelsenkirchen', 209, 523485);
INSERT INTO teilnehmer VALUES (549, 249, 'Herr', 'Pius', 'Schmidt', 'Sterntalerweg', '5', 'Flingern Nord', 'D', 40235, 'Düsseldorf', 211, 63165);
INSERT INTO teilnehmer VALUES (550, 205, 'Frau', 'Erna', 'Dannenberg', 'Oemkenstr.', '92', 'Resse', 'D', 45892, 'Gelsenkirchen', 209, 875722);
INSERT INTO teilnehmer VALUES (551, 265, NULL, 'M.', 'Wemhoff', NULL, NULL, NULL, 'D', 40, 'Düsseldorf', 211, 21360);
INSERT INTO teilnehmer VALUES (552, 39, 'Herr', 'Roy', 'Timm', 'Hallesche Str.', '1', 'Körne', 'D', 44143, 'Dortmund', 231, 33213);
INSERT INTO teilnehmer VALUES (553, 260, 'Herr', 'Günter', 'Anemüller', 'Neustr.', '632a', NULL, 'D', 47877, 'Willich', 2156, 8907505);
INSERT INTO teilnehmer VALUES (554, 64, 'Frau', 'Daniela', 'Kandemir', NULL, '14', NULL, 'D', 0, 'Dortmund', 231, 263663);
INSERT INTO teilnehmer VALUES (555, 86, 'Herr', 'Friedhelm', 'Drückler', 'Overwegstr.', '57', 'Altstadt', 'D', 45879, 'Gelsenkirchen', 209, 772293);
INSERT INTO teilnehmer VALUES (556, 57, 'Herr', 'Kurt', 'Gralla', 'Weg am Kötterberg', '19', 'Grumme', 'D', 44807, 'Bochum', 234, 360993);
INSERT INTO teilnehmer VALUES (557, 124, 'Herr', 'Jörg', 'Straube', 'Girondelle', '3', 'Wiemelhausen', 'D', 44799, 'Bochum', 234, 48873);
INSERT INTO teilnehmer VALUES (558, 14, 'Herr', 'Bodo', 'Adam', 'Hellerstr.', '72a', 'Langenberg', 'D', 42555, 'Velbert', 2052, 9337599);
INSERT INTO teilnehmer VALUES (559, 4, 'Frau', 'Beatrix', 'Bartelt', NULL, '446', NULL, 'D', 458, 'Gelsenkirchen', 209, 5362735);
INSERT INTO teilnehmer VALUES (560, 273, 'Herr', 'Werner', 'Besler', 'Fliederweg', '277', NULL, 'D', 44532, 'Lünen', 2306, 4726648);
INSERT INTO teilnehmer VALUES (561, 65, 'Herr', 'Jürgen', 'Gebhard', 'Dr.-C.-Otto-Str.', '26', 'Linden', 'D', 44879, 'Bochum', 234, 451618);
INSERT INTO teilnehmer VALUES (562, NULL, NULL, 'G.', 'Daum', NULL, '90', NULL, 'D', 44, 'Bochum', 234, 874399);
INSERT INTO teilnehmer VALUES (563, 215, 'Herr', 'Kfm. Friedhelm', 'Erseer', 'Brundelstr.', '46', 'Langendreer', 'D', 44892, 'Bochum', 234, 642757);
INSERT INTO teilnehmer VALUES (564, 134, 'Herr', 'Werner', 'Tadhöfer', 'Bankstr.', '2', 'Golzheim', 'D', 40476, 'Düsseldorf', 211, 38266);
INSERT INTO teilnehmer VALUES (565, 131, 'Herr', 'Jürgen', 'Engler', 'Dördelstr.', '47', 'Langendreer', 'D', 44892, 'Bochum', 234, 680734);
INSERT INTO teilnehmer VALUES (566, 132, 'Herr', 'Egon', 'Helfer', 'Selbecker Str.', '17', 'Rath', 'D', 40472, 'Düsseldorf', 211, 312062);
INSERT INTO teilnehmer VALUES (567, 271, 'Frau', 'Anne', 'Schulte-Pelkum', 'Waldweg', '5', 'Holthausen', 'D', 45527, 'Hattingen, Ruhr', 173, 57431);
INSERT INTO teilnehmer VALUES (568, 260, 'Herr', 'Rafael', 'Drisang', 'Bergmannstr.', '60', 'Ückendorf', 'D', 45886, 'Gelsenkirchen', 209, 780662);
INSERT INTO teilnehmer VALUES (569, 50, 'Herr', 'Josef', 'Fenske', 'Alte Wittener Str.', '39', 'Laer', 'D', 44803, 'Bochum', 234, 591538);
INSERT INTO teilnehmer VALUES (570, 59, 'Herr', 'Mario', 'Weidenmüller', 'Dürener Str.', '1', NULL, 'D', 50171, 'Kerpen, Rheinl', 179, 23184);
INSERT INTO teilnehmer VALUES (571, 165, NULL, 'Lisete', 'Goldmann', 'Dorstener Str.', '21', 'Hofstede', 'D', 44809, 'Bochum', 234, 390119);
INSERT INTO teilnehmer VALUES (572, 119, 'Herr', 'Pavlos', 'Gremme', 'Schreinerstr.', '18', 'Buer', 'D', 45897, 'Gelsenkirchen', 209, 352961);
INSERT INTO teilnehmer VALUES (573, 144, 'Herr', 'Willi', 'Hagemann', 'Bergstr.', '17', 'Hofstede', 'D', 44809, 'Bochum', 234, 331742);
INSERT INTO teilnehmer VALUES (574, 229, 'Herr', 'Heinz', 'Gasch', NULL, '26', NULL, 'D', 44, 'Bochum', 234, 461258);
INSERT INTO teilnehmer VALUES (575, 105, 'Herr', 'Michael', 'Ehlert', 'Littweg', '52', 'Scharnhorst', 'D', 44328, 'Dortmund', 231, 742769);
INSERT INTO teilnehmer VALUES (576, 272, 'Frau', 'Petra', 'Lechte', NULL, '12', NULL, 'D', 458, 'Gelsenkirchen', 209, 202033);
INSERT INTO teilnehmer VALUES (577, 98, 'Frau', 'Gisela', 'Fitzner', 'Alte Str.', '35', NULL, 'D', 58452, 'Witten', 2302, 539913);
INSERT INTO teilnehmer VALUES (578, 65, 'Firma', '', 'Gabelmann', 'Pfarrer-Halbe-Str.', '28', 'Weitmar', 'D', 44795, 'Bochum', 234, 474508);
INSERT INTO teilnehmer VALUES (579, 211, 'Frau', 'Gabriele', 'Kettner', 'Böckumer Burgweg', '14', 'Huckingen', 'D', 47259, 'Duisburg', 203, 234320);
INSERT INTO teilnehmer VALUES (580, 174, 'Herr', 'Horst', 'Bolz', 'Dorstener Str.', '134', 'Hofstede', 'D', 44809, 'Bochum', 234, 2716328);
INSERT INTO teilnehmer VALUES (581, 73, 'Frau', 'Sonja', 'Rehrmann', 'Höhenstr.', '7', NULL, 'D', 71665, 'Vaihingen an der Enz', 7042, 73168);
INSERT INTO teilnehmer VALUES (582, 179, 'Herr', 'Werner', 'Grabarz', 'Bergstr.', '19', 'Beckhausen', 'D', 45897, 'Gelsenkirchen', 209, 371405);
INSERT INTO teilnehmer VALUES (583, 116, NULL, 'Arslan', 'Besser', 'Aldenhofstr.', '197', 'Feldmark', 'D', 45883, 'Gelsenkirchen', 209, 3848802);
INSERT INTO teilnehmer VALUES (584, 142, 'Herr', 'Günter', 'Moeller', 'Liebfrauenstr.', '9', 'Schalke', 'D', 45881, 'Gelsenkirchen', 209, 84173);
INSERT INTO teilnehmer VALUES (585, 31, 'Frau', 'Claudia', 'Best-Line', NULL, '154', NULL, 'D', 44, 'Bochum', 2327, 2846123);
INSERT INTO teilnehmer VALUES (586, 180, 'Herr', 'Detlev', 'Cierpka', 'Howeg', '107', 'Hassel', 'D', 45896, 'Gelsenkirchen', 209, 1208992);
INSERT INTO teilnehmer VALUES (587, 244, 'Herr', 'Edward', 'Gräf', 'Braukämperstr.', '19', 'Beckhausen', 'D', 45899, 'Gelsenkirchen', 209, 369306);
INSERT INTO teilnehmer VALUES (588, 2, 'Herr', 'Jörg', 'Sulik', 'Tannenbergstr.', '3', 'Schalke', 'D', 45881, 'Gelsenkirchen', 209, 47780);
INSERT INTO teilnehmer VALUES (589, 125, 'Frau', 'Emine', 'Ferber', 'Goslarstr.', '38', 'Mengede', 'D', 44359, 'Dortmund', 231, 591224);
INSERT INTO teilnehmer VALUES (590, 140, 'Herr', 'Stefan', 'Theusz', 'Felderbachstr.', '2', 'Oberelfringhausen', 'D', 45529, 'Hattingen, Ruhr', 173, 34231);
INSERT INTO teilnehmer VALUES (591, 163, 'Herr', 'Willy', 'Krol', 'Sonnenstr.', '13', 'Oberbilk', 'D', 40227, 'Düsseldorf', 211, 205378);
INSERT INTO teilnehmer VALUES (592, 237, 'Herr', 'Udo', 'de Graaff', 'Grasmückenweg', '90', 'Resse', 'D', 45892, 'Gelsenkirchen', 209, 872021);
INSERT INTO teilnehmer VALUES (593, 258, 'Herr', 'Wilhelm', 'Gaudl', 'Lewackerstr.', '26', 'Linden', 'D', 44879, 'Bochum', 234, 454223);
INSERT INTO teilnehmer VALUES (594, 90, 'Herr', 'Hans-Joachim', 'Hötker', 'Alleestr.', '16', 'Innenstadt', 'D', 44793, 'Bochum', 234, 281360);
INSERT INTO teilnehmer VALUES (595, 132, 'Herr', 'Gustav', 'Guddeit', 'Josephinenstr.', '18', 'Grumme', 'D', 44807, 'Bochum', 234, 351266);
INSERT INTO teilnehmer VALUES (596, 145, 'Herr', 'Dietmar', 'Drewello', 'Metzer Str.', '65', 'Ückendorf', 'D', 45886, 'Gelsenkirchen', 209, 785326);
INSERT INTO teilnehmer VALUES (597, 99, NULL, 'Jacky', 'Dietsche', 'Hülsmannstr.', '79', 'Schalke-Nord', 'D', 45881, 'Gelsenkirchen', 209, 853847);
INSERT INTO teilnehmer VALUES (598, NULL, 'Frau', 'Irmgard', 'Ganskop', 'Eiberger Str.', '27', 'Dahlhausen', 'D', 44879, 'Bochum', 234, 471104);
INSERT INTO teilnehmer VALUES (599, 232, 'Frau', 'Irmela', 'Ziesler', 'Schultesche Heide', NULL, 'Bergen', 'D', 44807, 'Bochum', 234, 6874);
INSERT INTO teilnehmer VALUES (600, 55, 'Herr', 'Franz', 'Guse', 'Josephinenstr.', '18', 'Grumme', 'D', 44807, 'Bochum', 234, 343401);
INSERT INTO teilnehmer VALUES (601, 73, 'Herr', 'Heinz-Dieter', 'Gaßner', 'Bredenscheider Str.', '26', 'Linden', 'D', 44879, 'Bochum', 234, 460727);
INSERT INTO teilnehmer VALUES (602, 32, 'Herr', 'Frank', 'Disse', 'Endloser Weg', '76', NULL, 'D', 59494, 'Soest, Westf', 2921, 840998);
INSERT INTO teilnehmer VALUES (603, 215, 'Herr', 'Lars', 'Schröer', 'Sorpeweg', '5', NULL, 'D', 38120, 'Braunschweig', 531, 57504);
INSERT INTO teilnehmer VALUES (604, 42, 'Frau', 'Lieselotte', 'Galka', 'Gerhardstr.', '27', 'Vierlinden', 'D', 47178, 'Duisburg', 203, 472156);
INSERT INTO teilnehmer VALUES (605, 248, 'Herr', 'Ludwig', 'Sitter', 'Kölner Tor', '3', 'Gerresheim', 'D', 40625, 'Düsseldorf', 211, 53272);
INSERT INTO teilnehmer VALUES (606, 14, 'Herr', 'Josef', 'Bender', 'Steeler Str.', '342', 'Wattenscheid', 'D', 44866, 'Bochum', 2327, 5139008);
INSERT INTO teilnehmer VALUES (607, 210, 'Herr', 'Andreas', 'Wendzich', 'Güldene Eiche', NULL, 'Brechten', 'D', 44339, 'Dortmund', 171, 20680);
INSERT INTO teilnehmer VALUES (608, 208, 'Herr', 'Lars', 'Schöller', 'Ulmenstr.', '5', 'Derendorf', 'D', 40476, 'Düsseldorf', 173, 59300);
INSERT INTO teilnehmer VALUES (609, 238, 'Herr', 'Dietrich', 'Fink', 'Querenburger Str.', '36', 'Wiemelhausen', 'D', 44789, 'Bochum', 234, 581390);
INSERT INTO teilnehmer VALUES (610, 62, 'Herr', 'Michael', 'Hueber', 'Frankfurter Str.', '16', NULL, 'D', 63150, 'Heusenstamm', 6104, 274291);
INSERT INTO teilnehmer VALUES (611, 73, 'Herr', 'Günter', 'Franke', 'Hattinger Str.', '31', 'Weitmar', 'D', 44795, 'Bochum', 234, 498694);
INSERT INTO teilnehmer VALUES (612, 260, 'Herr', 'Alexander', 'Brockmeyer', 'Südmährer Str.', '125', NULL, 'D', 73312, 'Geislingen an der Steige', 7331, 2438717);
INSERT INTO teilnehmer VALUES (613, 213, 'Herr', 'Helmut', 'Berger', 'Stolzestr.', '308', 'Wiemelhausen', 'D', 44789, 'Bochum', 234, 4910249);
INSERT INTO teilnehmer VALUES (614, 259, 'Frau', 'Hedwig', 'Beßling', 'Boniverstr.', '190', 'Feldmark', 'D', 45883, 'Gelsenkirchen', 209, 3828472);
INSERT INTO teilnehmer VALUES (615, 119, 'Herr', 'Hans', 'Berg', 'Parkstr.', '310', NULL, 'D', 16792, 'Zehdenick', 3307, 4930497);
INSERT INTO teilnehmer VALUES (616, 107, 'Herr', 'Ulrich', 'Graw', 'Grüner Weg', '19', 'Harpen', 'D', 44791, 'Bochum', 234, 355034);
INSERT INTO teilnehmer VALUES (617, 183, 'Herr', 'Arnd', 'Glöer', 'Glückaufstr.', '22', 'Hamme', 'D', 44793, 'Bochum', 234, 397535);
INSERT INTO teilnehmer VALUES (618, 92, 'Frau', 'Inge', 'Urfell', 'Niederdonker Str.', '1', 'Lörick', 'D', 40547, 'Düsseldorf', 211, 32769);
INSERT INTO teilnehmer VALUES (619, 112, 'Herr', 'Alfred', 'Balta', 'Witzschdorfer Hauptstr.', '2A', NULL, 'D', 9437, 'Witzschdorf', 3725, 7333146);
INSERT INTO teilnehmer VALUES (620, 169, 'Herr', 'Peter', 'Genske', 'Tiefbauweg', '25', 'Dahlhausen', 'D', 44879, 'Bochum', 234, 433579);
INSERT INTO teilnehmer VALUES (621, 262, 'Herr', 'Horst', 'Kremser', 'Ahornstr.', '13', 'Resse', 'D', 45892, 'Gelsenkirchen', 209, 207261);
INSERT INTO teilnehmer VALUES (622, 170, NULL, 'I.', 'Tabak', 'Wittgatt', '2', 'Wittlaer', 'D', 40489, 'Düsseldorf', 211, 40780);
INSERT INTO teilnehmer VALUES (623, 63, 'Herr', 'Mike', 'Sivakaran', 'Ottostr.', '3', 'Bismarck', 'D', 45889, 'Gelsenkirchen', 173, 53136);
INSERT INTO teilnehmer VALUES (624, 153, 'Frau', 'Elisabeth', 'Adam', 'Hintertal', '7a', NULL, 'D', 78148, 'Gütenbach', 7723, 9409335);
INSERT INTO teilnehmer VALUES (625, 9, 'Herr', 'Dieter', 'Efken', 'Lütkendorpweg', '53', 'Harpen', 'D', 44805, 'Bochum', 234, 751619);
INSERT INTO teilnehmer VALUES (626, 66, 'Herr', 'Fritz', 'Adam', 'Luxemburger Str.', '8A', NULL, 'D', 53940, 'Hellenthal, Eifel', 2482, 9731281);
INSERT INTO teilnehmer VALUES (627, 113, 'Herr', 'Hans', 'Jung', 'Robert-Koch-Str.', '15', 'Querenburg', 'D', 44801, 'Bochum', 234, 266007);
INSERT INTO teilnehmer VALUES (628, 28, 'Frau', 'Rita', 'Vatteroth', 'Axstr.', '1', 'Linden', 'D', 44879, 'Bochum', 171, 32094);
INSERT INTO teilnehmer VALUES (629, 207, 'Herr', 'Roland', 'Heutgens', 'Im Hasenbühl', '16', NULL, 'D', 71101, 'Schönaich, Württ', 7031, 287194);
INSERT INTO teilnehmer VALUES (630, 64, 'Frau', 'Anna', 'Cornelius', 'Lückshofstr.', '104', 'Erle', 'D', 45891, 'Gelsenkirchen', 209, 924795);
INSERT INTO teilnehmer VALUES (631, 223, 'Herr', 'Peter', 'Meier', 'Tiemannsweg', '11', 'Erle', 'D', 45891, 'Gelsenkirchen', 209, 136133);
INSERT INTO teilnehmer VALUES (632, 194, 'Frau', 'Kerstin', 'Wagner', 'An der Maarbrücke', '1', 'Hamme', 'D', 44793, 'Bochum', 234, 25568);
INSERT INTO teilnehmer VALUES (633, 269, 'Herr', 'Hermann', 'Fohr', 'Kotthaushang', '33', 'Heidhausen', 'D', 45239, 'Essen, Ruhr', 201, 514771);
INSERT INTO teilnehmer VALUES (634, 38, 'Frau', 'Ingrid', 'Kiehne', 'Otto-Hahn-Str.', '14', 'Wersten', 'D', 40591, 'Düsseldorf', 211, 231595);
INSERT INTO teilnehmer VALUES (635, 240, 'Frau', 'Ruth', 'Garnich', 'Wilhelminenstr.', '26', 'Schalke', 'D', 45881, 'Gelsenkirchen', 209, 468687);
INSERT INTO teilnehmer VALUES (636, 118, 'Frau', 'Helga', 'Zimmer', 'Weseler Str.', NULL, 'Düsseltal', 'D', 40239, 'Düsseldorf', 211, 6648);
INSERT INTO teilnehmer VALUES (637, 168, 'Frau', 'Karin', 'Endraß', 'Teutstr.', '48', 'Altstadt', 'D', 45879, 'Gelsenkirchen', 209, 683390);
INSERT INTO teilnehmer VALUES (638, 8, 'Herr', 'Friedrich', 'Sundermann', 'Grimmstr.', '3', 'Heßler', 'D', 45883, 'Gelsenkirchen', 209, 47502);
INSERT INTO teilnehmer VALUES (639, 276, 'Herr', 'Kurt', 'Dressler', 'Im Kalberkamp', '69', NULL, 'D', 32545, 'Bad Oeynhausen', 5731, 791217);
INSERT INTO teilnehmer VALUES (640, NULL, 'Herr', 'Werner', 'Best', 'Bismarckstr.', '175', NULL, 'D', 45525, 'Hattingen, Ruhr', 2324, 3255076);
INSERT INTO teilnehmer VALUES (641, 241, 'Herr', 'Detlef', 'Best', 'An den Leddigen', '175', NULL, 'D', 14476, 'Fahrland', 33208, 3386441);
INSERT INTO teilnehmer VALUES (642, 35, 'Herr', 'Hans-Dieter', 'Bromberg', 'Im Bockenfeld', '119', 'Hassel', 'D', 45896, 'Gelsenkirchen', 209, 2361931);
INSERT INTO teilnehmer VALUES (643, 67, 'Herr', 'Michael', 'Puschhof', 'Deichstr.', '7', 'Bismarck', 'D', 45889, 'Gelsenkirchen', 209, 73998);
INSERT INTO teilnehmer VALUES (644, 233, 'Herr', 'Hans-Ulrich', 'Baltz', NULL, '152c', NULL, 'D', 4552, 'Hattingen, Ruhr', 2324, 6019595);
INSERT INTO teilnehmer VALUES (645, 3, 'Herr', 'Frank', 'Wiese', 'Anton-Günther-Str.', NULL, NULL, 'D', 26434, 'Wangerland', 171, 13484);
INSERT INTO teilnehmer VALUES (646, 182, 'Frau', 'Helga', 'Götzen', 'Graf-Engelbert-Str.', '19', 'Innenstadt', 'D', 44791, 'Bochum', 234, 371454);
INSERT INTO teilnehmer VALUES (647, 186, 'Frau', 'Beatrix', 'Filges', 'Holtwiesche', '36', 'Buer', 'D', 45894, 'Gelsenkirchen', 209, 582426);
INSERT INTO teilnehmer VALUES (648, 244, 'Herr', 'Erich', 'Gantz', 'Grillostr.', '27', 'Schalke', 'D', 45881, 'Gelsenkirchen', 209, 470777);
INSERT INTO teilnehmer VALUES (649, 201, 'Frau', 'Maria', 'Sühling', 'Alte Landstr.', '3', 'Kaiserswerth', 'D', 40489, 'Düsseldorf', 211, 47842);
INSERT INTO teilnehmer VALUES (650, 211, NULL, '', 'Redel', 'Saarbrücker Str.', '7', NULL, 'D', 66130, 'Saarbrücken', 681, 73816);
INSERT INTO teilnehmer VALUES (651, 127, 'Herr', 'Klaus u. Elke', 'Dost', 'August-Bebel-Platz', '72', 'Wattenscheid', 'D', 44866, 'Bochum', 2327, 811752);
INSERT INTO teilnehmer VALUES (652, 147, 'Herr', 'Martin', 'Plöger', 'Marschallstr.', '7', 'Bismarck', 'D', 45889, 'Gelsenkirchen', 209, 75202);
INSERT INTO teilnehmer VALUES (653, NULL, 'Frau', 'Barbara', 'Glawatz', 'Hofwiese', '23', 'Hofstede', 'D', 44809, 'Bochum', 234, 398231);
INSERT INTO teilnehmer VALUES (654, 189, 'Herr', 'Werner', 'Schroer', 'Auf der Panne', '5', 'Gerthe', 'D', 44805, 'Bochum', 172, 57566);
INSERT INTO teilnehmer VALUES (655, 7, 'Firma', '', 'Seidler', 'Quellenweg', '4', 'Innenstadt', 'D', 44791, 'Bochum', 172, 56253);
INSERT INTO teilnehmer VALUES (656, 179, 'Herr', 'Kurt', 'Menne', 'Deichstr.', '9', 'Bismarck', 'D', 45889, 'Gelsenkirchen', 209, 84831);
INSERT INTO teilnehmer VALUES (657, 226, 'Herr', 'Martin', 'Krah', 'Eschenstr.', '13', 'Wanheimerort', 'D', 47055, 'Duisburg', 203, 208418);
INSERT INTO teilnehmer VALUES (658, 212, 'Herr', 'Karl-Heinz', 'Reder', 'Dresdener Str.', '7', 'Schalke', 'D', 45881, 'Gelsenkirchen', 209, 73802);
INSERT INTO teilnehmer VALUES (659, 222, 'Herr', 'Michail', 'Wurm', 'Rolandstr.', NULL, 'Mitte', 'D', 44145, 'Dortmund', 231, 9989);
INSERT INTO teilnehmer VALUES (660, 19, 'Herr', 'Andre', 'Pilawa', 'Kneebuschstr.', '8', 'Bismarck', 'D', 45889, 'Gelsenkirchen', 209, 76271);
INSERT INTO teilnehmer VALUES (661, 63, NULL, 'A.', 'Best-Line', 'Essener Str.', '151', 'Horst', 'D', 45899, 'Gelsenkirchen', 209, 2840264);
INSERT INTO teilnehmer VALUES (662, 82, 'Herr', 'Andreas', 'Gerding', 'Mühlenweg', '24', NULL, 'D', 52349, 'Düren, Rheinl', 2421, 425963);
INSERT INTO teilnehmer VALUES (663, 91, 'Herr', 'Benjamin', 'Fokkink', 'Lichtenbroicher Weg', '32', 'Lichtenbroich', 'D', 40472, 'Düsseldorf', 211, 514235);
INSERT INTO teilnehmer VALUES (664, 196, 'Frau', 'Doris', 'Doerwald', 'Krachtstr.', '75', 'Bismarck', 'D', 45889, 'Gelsenkirchen', 209, 817932);
INSERT INTO teilnehmer VALUES (665, 214, 'Herr', 'Rolf', 'Barten', 'Im Duggenbusch', '417', 'Buer', 'D', 45894, 'Gelsenkirchen', 209, 5340278);
INSERT INTO teilnehmer VALUES (666, 271, 'Herr', 'Peter', 'Drevermann', 'Wembkenstr.', '66', 'Rotthausen', 'D', 45884, 'Gelsenkirchen', 209, 785778);
INSERT INTO teilnehmer VALUES (667, 123, 'Herr', 'Björn', 'Wieschalka', 'Kiesselbachstr.', NULL, 'Holthausen', 'D', 40589, 'Düsseldorf', 211, 13783);
INSERT INTO teilnehmer VALUES (668, 264, 'Herr', 'Klaus', 'Brech', 'Düttingstr.', '130', 'Horst', 'D', 45899, 'Gelsenkirchen', 209, 2617809);
INSERT INTO teilnehmer VALUES (669, 257, 'Herr', 'Julius', 'Gelsin', 'Lindener Str.', '26', 'Linden', 'D', 44879, 'Bochum', 234, 440020);
INSERT INTO teilnehmer VALUES (670, 32, 'Herr', 'Erich', 'Fischer', 'Metterkampstr.', '35', 'Scholven', 'D', 45896, 'Gelsenkirchen', 209, 552907);
INSERT INTO teilnehmer VALUES (671, 203, 'Herr', 'Andreas', 'Jandt', 'Rousseaustr.', '15', NULL, 'D', 26129, 'Oldenburg, Oldb', 441, 271402);
INSERT INTO teilnehmer VALUES (672, 78, 'Herr', 'Ralf', 'Selig', 'Deichstr.', '4', 'Bismarck', 'D', 45889, 'Gelsenkirchen', 172, 55322);
INSERT INTO teilnehmer VALUES (673, 108, 'Herr', 'Werner', 'Gärtner', 'Kurt-Schumacher-Str.', '26', 'Schalke-Nord', 'D', 45881, 'Gelsenkirchen', 209, 467211);
INSERT INTO teilnehmer VALUES (674, 190, 'Herr', 'Robert', 'Brüning', 'Brinkmannsweg', '117', 'Hassel', 'D', 45896, 'Gelsenkirchen', 209, 2063184);
INSERT INTO teilnehmer VALUES (675, 207, 'Herr', 'Werner', 'Plaumann', 'Parallelstr.', '8', 'Schalke-Nord', 'D', 45881, 'Gelsenkirchen', 209, 75796);
INSERT INTO teilnehmer VALUES (676, 28, 'Frau', 'Heike', 'Claus', 'Gerdes Feld', '105', 'Höntrop', 'D', 44869, 'Bochum', 2327, 971455);
INSERT INTO teilnehmer VALUES (677, 257, 'Herr', 'Lothar', 'Gräbner', 'Braukämperstr.', '19', 'Beckhausen', 'D', 45899, 'Gelsenkirchen', 209, 370245);
INSERT INTO teilnehmer VALUES (678, 211, 'Herr', 'Klaus', 'Gärtner', 'Hans-Böckler-Allee', '26', 'Feldmark', 'D', 45883, 'Gelsenkirchen', 209, 461494);
INSERT INTO teilnehmer VALUES (679, 48, 'Herr', 'Prof. Dr. Hans', 'Dahmer', 'Baumhofstr.', '93', 'Wiemelhausen', 'D', 44799, 'Bochum', 234, 877610);
INSERT INTO teilnehmer VALUES (680, 240, 'Frau', 'Nadine', 'Scheiko', 'Isenbergstr.', '5', 'Niederwenigern', 'D', 45529, 'Hattingen, Ruhr', 170, 65181);
INSERT INTO teilnehmer VALUES (681, 171, 'Herr', 'Holger', 'Zum Nordpol', 'Bittermarkstr.', NULL, 'Bittermark', 'D', 44229, 'Dortmund', 231, 688);
INSERT INTO teilnehmer VALUES (682, 50, 'Herr', 'Dieter', 'Podlesch', 'Evastr.', '7', 'Bismarck', 'D', 45889, 'Gelsenkirchen', 209, 74584);
INSERT INTO teilnehmer VALUES (683, 139, 'Herr', 'Jens', 'Will', 'Paulinenstr.', NULL, 'Schalke', 'D', 45881, 'Gelsenkirchen', 209, 13346);
INSERT INTO teilnehmer VALUES (684, 28, 'Herr', 'Wilfried', 'Gallbeck', 'Kurfürstenstr.', '27', 'Aldenrade', 'D', 47179, 'Duisburg', 203, 471680);
INSERT INTO teilnehmer VALUES (685, NULL, 'Herr', 'Klaus', 'Lieber', 'Schievenstr.', '12', 'Erle', 'D', 45891, 'Gelsenkirchen', 209, 145410);
INSERT INTO teilnehmer VALUES (686, 239, 'Herr', 'Heiner', 'Zipfel', NULL, NULL, NULL, 'D', 40, 'Düsseldorf', 211, 4985);
INSERT INTO teilnehmer VALUES (687, 233, 'Herr', 'Emin', 'Vuk', 'Herner Str.', '1', 'Hofstede', 'D', 44809, 'Bochum', 234, 25629);
INSERT INTO teilnehmer VALUES (688, 140, 'Herr', 'Norbert', 'Bier', 'Strickerstr.', '141', 'Horst', 'D', 45899, 'Gelsenkirchen', 209, 2818405);
INSERT INTO teilnehmer VALUES (689, 169, 'Frau', 'Margret', 'Gantz', 'Vittinghoff-Siedlung', '27', 'Schalke', 'D', 45881, 'Gelsenkirchen', 209, 470849);
INSERT INTO teilnehmer VALUES (690, 130, 'Frau', 'Hildegard', 'Michel', 'Küpershof', '9', 'Bulmke-Hüllen', 'D', 45888, 'Gelsenkirchen', 209, 84263);
INSERT INTO teilnehmer VALUES (691, 232, 'Herr', 'Josef-Peter', 'Echtermeyer', 'Gleiwitzstr.', '54', 'Scharnhorst', 'D', 44328, 'Dortmund', 231, 760883);
INSERT INTO teilnehmer VALUES (692, 140, 'Frau', 'Lidia', 'Salzbrenner', 'Finkenweg', '6', 'Beckhausen', 'D', 45899, 'Gelsenkirchen', 209, 65466);
INSERT INTO teilnehmer VALUES (693, 268, 'Frau', 'Claudia', 'Reza', NULL, '6', NULL, 'D', 44, 'Bochum', 2327, 70678);
INSERT INTO teilnehmer VALUES (694, 24, 'Herr', 'Werner', 'Faltin', 'Kleine Riedbruchstr.', '42', 'Mengede', 'D', 44359, 'Dortmund', 231, 595714);
INSERT INTO teilnehmer VALUES (695, 229, 'Herr', 'Uwe', 'Coton Garcia', 'Rüdersdorfer Str.', '104', NULL, 'D', 15345, 'Kagel', 33434, 923694);
INSERT INTO teilnehmer VALUES (696, 279, 'Frau', 'Gisela', 'Dröse', 'Kistenweg', '59', 'Ückendorf', 'D', 45886, 'Gelsenkirchen', 209, 778432);
INSERT INTO teilnehmer VALUES (697, 25, 'Herr', 'Manfred', 'Fuchs', 'Isabellastr.', '28', 'Weitmar', 'D', 44795, 'Bochum', 234, 491935);
INSERT INTO teilnehmer VALUES (698, 249, NULL, 'G.', 'Balster', 'Springerplatz', '38-40', 'Innenstadt', 'D', 44793, 'Bochum', 234, 7597282);
INSERT INTO teilnehmer VALUES (699, 186, 'Herr', 'Winfried', 'Kerber', 'Reisholzer Bahnstr.', '14', 'Reisholz', 'D', 40599, 'Düsseldorf', 211, 238417);
INSERT INTO teilnehmer VALUES (700, 166, 'Frau', 'Elfriede', 'Frontzek', 'Godekinstr.', '29', 'Wellinghofen', 'D', 44265, 'Dortmund', 231, 492470);
INSERT INTO teilnehmer VALUES (701, 26, 'Herr', 'Thomas', 'Grave', 'Ackerstr.', '19', 'Buer', 'D', 45897, 'Gelsenkirchen', 209, 355334);
INSERT INTO teilnehmer VALUES (702, 37, 'Herr', 'Gunter', 'Besler', NULL, '273', NULL, 'D', 50354, 'Hürth, Rheinl', 2233, 4714724);
INSERT INTO teilnehmer VALUES (703, 85, 'Herr', 'Stefan', 'Goletzko', 'Ramstalhof', '21', NULL, 'D', 79331, 'Teningen', 7641, 387701);
INSERT INTO teilnehmer VALUES (704, 180, 'Herr', 'Christoph', 'Richard', 'Im Poth', '6', 'Niederwenigern', 'D', 45529, 'Hattingen, Ruhr', 2324, 70436);
INSERT INTO teilnehmer VALUES (705, 253, 'Herr', 'Peter', 'Svidlov', 'Von-der-Recke-Str.', '2', 'Altstadt', 'D', 45879, 'Gelsenkirchen', 171, 44681);
INSERT INTO teilnehmer VALUES (706, 239, 'Frau', 'Susanne', 'Drobny', 'Hans-Böckler-Allee', '59', 'Feldmark', 'D', 45883, 'Gelsenkirchen', 209, 780329);
INSERT INTO teilnehmer VALUES (707, 151, 'Herr', 'Anton', 'Figger', 'Cranger Str.', '37', 'Buer', 'D', 45894, 'Gelsenkirchen', 209, 582813);
INSERT INTO teilnehmer VALUES (708, 71, 'Herr', 'Herbert', 'Dillmann', 'Freiligrathstr.', '78', 'Schalke-Nord', 'D', 45881, 'Gelsenkirchen', 209, 851735);
INSERT INTO teilnehmer VALUES (709, 255, 'Herr', 'Armin', 'Gilbert', 'Tönshof', '23', 'Horst', 'D', 45899, 'Gelsenkirchen', 209, 400501);
INSERT INTO teilnehmer VALUES (710, 54, 'Herr', 'Johannes', 'Driller', 'Johanniterstr.', '61', 'Neustadt', 'D', 45879, 'Gelsenkirchen', 209, 781426);
INSERT INTO teilnehmer VALUES (711, 248, 'Herr', 'Daniel', 'Boltendahl', 'August-Bebel-Str.', '134', NULL, 'D', 15324, 'Letschin', 33475, 2739533);
INSERT INTO teilnehmer VALUES (712, 12, 'Herr', 'Horst', 'Dreßler', 'Auf der Reihe', '68', 'Rotthausen', 'D', 45884, 'Gelsenkirchen', 209, 789210);
INSERT INTO teilnehmer VALUES (713, 237, 'Frau', 'Sabine', 'Steinbüchel', 'Stockyweg', '3', 'Altenbochum', 'D', 44803, 'Bochum', 234, 50783);
INSERT INTO teilnehmer VALUES (714, 99, 'Herr', 'Michael', 'Gerland', 'Lahnstr.', '24', 'Grumme', 'D', 44807, 'Bochum', 234, 413484);
INSERT INTO teilnehmer VALUES (715, 142, 'Frau', 'Petra', 'Frieser', 'Aplerbecker Schulstr.', '29', 'Aplerbeck', 'D', 44287, 'Dortmund', 231, 494009);
INSERT INTO teilnehmer VALUES (716, 159, 'Frau', 'Maria', 'Brepohl', 'Lohackerstr.', '127', 'Westenfeld', 'D', 44867, 'Bochum', 2327, 2505216);
INSERT INTO teilnehmer VALUES (717, 97, 'Frau', 'Andrea', 'Grabowski', NULL, '19', NULL, 'D', 458, 'Gelsenkirchen', 209, 370140);
INSERT INTO teilnehmer VALUES (718, 112, 'Frau', 'Klara', 'Kortenhorn', 'Alleestr.', '13', 'Erle', 'D', 45891, 'Gelsenkirchen', 209, 208557);
INSERT INTO teilnehmer VALUES (719, 64, NULL, 'P. M.', 'Festor', 'Düsselthaler Str.', '37', 'Pempelfort', 'D', 40211, 'Düsseldorf', 211, 586640);
INSERT INTO teilnehmer VALUES (720, 133, 'Frau', 'Manuela', 'Korte', 'Hedwigstr.', '13', 'Resse', 'D', 45892, 'Gelsenkirchen', 209, 208721);
INSERT INTO teilnehmer VALUES (721, 87, 'Herr', 'Olaf', 'Zurek', 'Querenburger Höhe', NULL, 'Querenburg', 'D', 44801, 'Bochum', 234, 222);
INSERT INTO teilnehmer VALUES (722, NULL, 'Herr', 'Peter', 'Eckardt', 'Ossenkuhle', '54', 'Günnigfeld', 'D', 44866, 'Bochum', 2327, 757067);
INSERT INTO teilnehmer VALUES (723, 230, 'Herr', 'Wolfgang', 'Domaser', 'Walpurgisstr.', '74', 'Bulmke-Hüllen', 'D', 45888, 'Gelsenkirchen', 209, 816781);
INSERT INTO teilnehmer VALUES (724, 60, NULL, 'G.', 'Driescher', 'Bronnerstr.', '61', 'Bulmke-Hüllen', 'D', 45888, 'Gelsenkirchen', 209, 781800);
INSERT INTO teilnehmer VALUES (725, 124, 'Herr', 'Ulrich', 'Woschek', 'Heideweg', NULL, NULL, 'D', 32839, 'Steinheim, Westf', 171, 10528);
INSERT INTO teilnehmer VALUES (726, 237, 'Herr', 'Gregor', 'Thiem', 'Linzer Str.', '2', 'Buchholz', 'D', 47249, 'Duisburg', 173, 33917);
INSERT INTO teilnehmer VALUES (727, 104, 'Herr', 'Andreas', 'Freerksen', 'Schützenstr.', '30', 'Weitmar', 'D', 44795, 'Bochum', 234, 496620);
INSERT INTO teilnehmer VALUES (728, 221, 'Frau', 'Anna', 'Dreszer', 'Lisztstr.', '68', 'Rotthausen', 'D', 45884, 'Gelsenkirchen', 209, 788706);
INSERT INTO teilnehmer VALUES (729, 190, 'Herr', 'Andreas', 'Zimmermann', 'Hohe Eiche', NULL, 'Langendreer', 'D', 44892, 'Bochum', 234, 6102);
INSERT INTO teilnehmer VALUES (730, 99, 'Frau', 'Maria', 'Flothwedel', 'Bülsestr.', '34', 'Scholven', 'D', 45896, 'Gelsenkirchen', 209, 521953);
INSERT INTO teilnehmer VALUES (731, 12, 'Frau', 'Nicole', 'Wendt', 'Friedrich-Naumann-Str.', NULL, 'Wanheimerort', 'D', 47055, 'Duisburg', 203, 20845);
INSERT INTO teilnehmer VALUES (732, 19, 'Herr', 'Achmed', 'George', 'Pothmannstr.', '25', 'Feldmark', 'D', 45883, 'Gelsenkirchen', 209, 431480);
INSERT INTO teilnehmer VALUES (733, 27, 'Herr', 'Johann', 'Erdelkamp', 'Rebhuhnweg', '47', 'Langendreer', 'D', 44892, 'Bochum', 234, 677232);
INSERT INTO teilnehmer VALUES (734, 16, 'Herr', 'Alf', 'Machemehl', 'Middelicher Str.', '12', 'Resse', 'D', 45892, 'Gelsenkirchen', 209, 141472);
INSERT INTO teilnehmer VALUES (735, 187, 'Frau', 'Margot', 'Eisele', 'Am Heerbusch', '51', 'Werne', 'D', 44894, 'Bochum', 234, 719012);
INSERT INTO teilnehmer VALUES (736, 254, 'Herr', 'Kurt', 'Otten', 'Kirchharpener Str.', '8', 'Gerthe', 'D', 44805, 'Bochum', 234, 77379);
INSERT INTO teilnehmer VALUES (737, 11, 'Herr', 'Wolfgang', 'Christmann', 'Bußmannstr.', '108', 'Hassel', 'D', 45896, 'Gelsenkirchen', 209, 1389753);
INSERT INTO teilnehmer VALUES (738, 72, 'Frau', 'Irmgard', 'Menke', 'Hüller Str.', '9', 'Bulmke-Hüllen', 'D', 45888, 'Gelsenkirchen', 209, 85005);
INSERT INTO teilnehmer VALUES (739, 112, 'Herr', 'Patrick', 'Soika', 'Benzenbergstr.', '3', 'Unterbilk', 'D', 40219, 'Düsseldorf', 211, 52364);
INSERT INTO teilnehmer VALUES (740, 180, 'Herr', 'Eberhard', 'Emmerich', 'Wittekindstr.', '48', 'Altstadt', 'D', 45879, 'Gelsenkirchen', 209, 691285);
INSERT INTO teilnehmer VALUES (741, 225, 'Herr', 'Detlef', 'Taboschat', 'Kupferdreher Markt', '2', 'Kupferdreh', 'D', 45257, 'Essen, Ruhr', 201, 40746);
INSERT INTO teilnehmer VALUES (742, 236, 'Frau', 'Nicole', 'Rickmann', 'Von-Oven-Str.', '6', 'Altstadt', 'D', 45879, 'Gelsenkirchen', 209, 67249);
INSERT INTO teilnehmer VALUES (743, 183, 'Herr', 'Frank', 'Besthorn', 'Nierenhofer Str.', '155', 'Niederbonsfeld', 'D', 45529, 'Hattingen, Ruhr', 2324, 2848387);
INSERT INTO teilnehmer VALUES (744, 102, 'Herr', 'Günter', 'Christ', 'Bertlicher Str.', '109', 'Hassel', 'D', 45896, 'Gelsenkirchen', 209, 1389918);
INSERT INTO teilnehmer VALUES (745, 123, 'Herr', 'Wilfried', 'Buxbaum', 'Don-Bosco-Str.', '112', 'Mitte', 'D', 42549, 'Velbert', 2051, 1486088);
INSERT INTO teilnehmer VALUES (746, 193, 'Frau', 'Aletta', 'Vorderwülbeke', 'Düppelstr.', '1', 'Buer', 'D', 45897, 'Gelsenkirchen', 209, 28370);
INSERT INTO teilnehmer VALUES (747, 106, 'Frau', 'Christel', 'Krüger', 'Karlstr.', '13', 'Erle', 'D', 45891, 'Gelsenkirchen', 209, 205056);
INSERT INTO teilnehmer VALUES (748, 9, 'Herr', 'Wolfgang', 'Föckler', 'Vorstadt Neumarkt', '33', NULL, 'D', 14913, 'Jüterbog', 3372, 516427);
INSERT INTO teilnehmer VALUES (749, 243, 'Herr', 'Paul', 'Glaser', 'Dorstener Str.', '23', 'Hofstede', 'D', 44809, 'Bochum', 234, 399033);
INSERT INTO teilnehmer VALUES (750, 178, 'Frau', 'Sinaida', 'Weidinger', 'Gropiusweg', '1', 'Querenburg', 'D', 44801, 'Bochum', 234, 23118);
INSERT INTO teilnehmer VALUES (751, 61, 'Herr', 'Heinz', 'Szaj', 'Jacobsohnstr.', '2', NULL, 'D', 13086, 'Berlin', 30, 42410);
INSERT INTO teilnehmer VALUES (752, NULL, 'Herr', 'Werner', 'Gengenbacher', 'Fürstinnenstr.', '25', 'Feldmark', 'D', 45883, 'Gelsenkirchen', 209, 433955);
INSERT INTO teilnehmer VALUES (753, 200, NULL, 'G.', 'Weinberg', 'Kölner Str.', NULL, 'Oberbilk', 'D', 40227, 'Düsseldorf', 211, 21902);
INSERT INTO teilnehmer VALUES (754, 136, 'Herr', 'Fred', 'Fichtner', 'Baulandstr.', '37', 'Scholven', 'D', 45896, 'Gelsenkirchen', 209, 583828);
INSERT INTO teilnehmer VALUES (755, 205, 'Frau', 'Liesel', 'Gabbey', 'Kemnader Str.', '28', 'Weitmar', 'D', 44795, 'Bochum', 234, 475041);
INSERT INTO teilnehmer VALUES (756, 62, 'Herr', 'Franz', 'Hallmann', 'Deinsloh', '17', 'Grumme', 'D', 44807, 'Bochum', 234, 328064);
INSERT INTO teilnehmer VALUES (757, 184, NULL, 'K.-H.', 'Gems', 'Lerckenshof', '25', 'Heßler', 'D', 45883, 'Gelsenkirchen', 209, 435236);
INSERT INTO teilnehmer VALUES (758, 92, 'Herr', 'Hans-Joachim', 'Düllmann', 'Oskarstr.', '55', 'Bulmke-Hüllen', 'D', 45888, 'Gelsenkirchen', 209, 770246);
INSERT INTO teilnehmer VALUES (759, 57, 'Herr', 'Rainer', 'Kranz', 'Annastr.', '13', 'Rüttenscheid', 'D', 45130, 'Essen, Ruhr', 201, 207335);
INSERT INTO teilnehmer VALUES (760, 39, 'Herr', 'Ronald', 'Bendkowski', 'Steeler Str.', '334', 'Wattenscheid', 'D', 44866, 'Bochum', 2327, 5084211);
INSERT INTO teilnehmer VALUES (761, 222, NULL, 'U.', 'Cocci', 'Mooswinkel', '105', 'Eppendorf', 'D', 44869, 'Bochum', 2327, 959285);
INSERT INTO teilnehmer VALUES (762, 78, 'Frau', 'Walburga', 'Fürstenberg', 'Riesweg', '28', 'Stadtwald', 'D', 45134, 'Essen, Ruhr', 201, 486625);
INSERT INTO teilnehmer VALUES (763, 128, 'Herr', 'Heinrich', 'Gertler-Wasmer', 'Drosteweg', '23', 'Horst', 'D', 45899, 'Gelsenkirchen', 209, 411181);
INSERT INTO teilnehmer VALUES (764, 166, 'Frau', 'Gisela', 'Baltes', 'Bahnhofstr.', '21A', 'Altstadt', 'D', 45879, 'Gelsenkirchen', 209, 7090897);
INSERT INTO teilnehmer VALUES (765, 198, 'Herr', 'Karl', 'Gleisberg', 'Dorstener Str.', '22', 'Hamme', 'D', 44809, 'Bochum', 234, 398142);
INSERT INTO teilnehmer VALUES (766, 62, 'Herr', 'Karl', 'Bessel', 'Meraner Weg', '226', 'Schalke', 'D', 45881, 'Gelsenkirchen', 209, 4103843);
INSERT INTO teilnehmer VALUES (767, 167, 'Herr', 'Udo', 'Brudny', 'Röttgersweg', '118', 'Hassel', 'D', 45896, 'Gelsenkirchen', 209, 2167951);
INSERT INTO teilnehmer VALUES (768, 13, 'Herr', 'Winfried', 'Richthofer', 'Achternbergstr.', '6', 'Rotthausen', 'D', 45884, 'Gelsenkirchen', 209, 68508);
INSERT INTO teilnehmer VALUES (769, 48, 'Herr', 'Werner', 'Mues', 'Bornstr.', '9', 'Bulmke-Hüllen', 'D', 45888, 'Gelsenkirchen', 209, 82925);
INSERT INTO teilnehmer VALUES (770, 209, 'Frau', 'Anna', 'Dreesen', 'Harzstr.', '71', 'Bergen', 'D', 44807, 'Bochum', 234, 799042);
INSERT INTO teilnehmer VALUES (771, 203, 'Herr', 'Wilhelm', 'Meier', 'Haunerfeldstr.', '10', 'Erle', 'D', 45891, 'Gelsenkirchen', 209, 135876);
INSERT INTO teilnehmer VALUES (772, 175, 'Herr', 'Reinhard', 'Ebke', 'Dutzendriege', '54', 'Kray', 'D', 45309, 'Essen, Ruhr', 201, 764944);
INSERT INTO teilnehmer VALUES (773, 166, 'Frau', 'Irmgard', 'Wensing', 'Ladenspelderstr.', NULL, 'Holsterhausen', 'D', 45147, 'Essen, Ruhr', 201, 18808);
INSERT INTO teilnehmer VALUES (774, 9, 'Herr', 'Aloys', 'Dreyfeldt', 'Schlägelstr.', '62', 'Ückendorf', 'D', 45886, 'Gelsenkirchen', 209, 782633);
INSERT INTO teilnehmer VALUES (775, 59, NULL, 'E.', 'Baltruschat', 'Eichenweg', '191d', NULL, 'D', 45525, 'Hattingen, Ruhr', 2324, 6408315);
INSERT INTO teilnehmer VALUES (776, 13, NULL, 'D.', 'Menne', 'Bismarckstr.', '9', 'Bismarck', 'D', 45889, 'Gelsenkirchen', 209, 84524);
INSERT INTO teilnehmer VALUES (777, 250, 'Frau', 'Heike', 'Färber', 'Ermlandstr.', '42', 'Wiemelhausen', 'D', 44789, 'Bochum', 234, 595575);
INSERT INTO teilnehmer VALUES (778, 2, NULL, 'Cäcilie', 'Förster', 'Märkische Str.', '31', 'Mitte', 'D', 44141, 'Dortmund', 231, 502638);
INSERT INTO teilnehmer VALUES (779, 118, 'Herr', 'Peter', 'Weinforth', 'Schornstr.', NULL, 'Südviertel', 'D', 45128, 'Essen, Ruhr', 201, 21778);
INSERT INTO teilnehmer VALUES (780, 12, 'Herr', 'Georg', 'Fechte', 'Wildstr.', '41', 'Vogelheim', 'D', 45356, 'Essen, Ruhr', 201, 593820);
INSERT INTO teilnehmer VALUES (781, 211, 'Herr', 'Martina', 'Seligmann', 'Schonnebecker Str.', '4', 'Rotthausen', 'D', 45884, 'Gelsenkirchen', 173, 55009);
INSERT INTO teilnehmer VALUES (782, 100, 'Herr', 'Norbert', 'Cimpel', 'Femestr.', '107', 'Hassel', 'D', 45896, 'Gelsenkirchen', 209, 1140310);
INSERT INTO teilnehmer VALUES (783, 108, 'Herr', 'Sven', 'Surmann', 'Schubertstr.', '3', 'Südviertel', 'D', 45128, 'Essen, Ruhr', 171, 45328);
INSERT INTO teilnehmer VALUES (784, 249, 'Frau', 'Gabriele', 'Schleich', 'Peter-Richarz-Str.', '5', 'Eller', 'D', 40229, 'Düsseldorf', 211, 64827);
INSERT INTO teilnehmer VALUES (785, 249, 'Herr', 'Markus', 'Glowatsch', 'Auf dem Dahlacker', '22', 'Riemke', 'D', 44807, 'Bochum', 234, 395821);
INSERT INTO teilnehmer VALUES (786, 92, 'Herr', 'Winfried', 'Drewes', 'Humboldtstr.', '63', 'Ückendorf', 'D', 45886, 'Gelsenkirchen', 209, 783914);
INSERT INTO teilnehmer VALUES (787, 63, 'Herr', 'Henrik', 'Seemann', 'Altenbochumer Str.', '4', 'Altenbochum', 'D', 44803, 'Bochum', 172, 57090);
INSERT INTO teilnehmer VALUES (788, 173, 'Herr', 'Helmut', 'Lipka', 'Forsthauswinkel', '12', 'Erle', 'D', 45891, 'Gelsenkirchen', 209, 144863);
INSERT INTO teilnehmer VALUES (789, 32, NULL, '', 'Kirstein', 'Lübecker Str.', '13', 'Frohnhausen', 'D', 45145, 'Essen, Ruhr', 201, 230202);
INSERT INTO teilnehmer VALUES (790, 52, 'Frau', 'Ilse', 'Förder', 'Klinikstr.', '32', 'Innenstadt', 'D', 44791, 'Bochum', 234, 512522);
INSERT INTO teilnehmer VALUES (791, 174, 'Frau', 'Inge', 'Jaske', 'Zum Schebbruch', '15', 'Querenburg', 'D', 44801, 'Bochum', 234, 270074);
INSERT INTO teilnehmer VALUES (792, 108, 'Frau', 'Jenny', 'Schlochtermeyer', NULL, '5', NULL, 'D', 0, 'Dortmund', 170, 64772);
INSERT INTO teilnehmer VALUES (793, 94, 'Herr', 'August', 'Gusdek', 'Auf der Bochumer Landwehr', '18', 'Grumme', 'D', 44791, 'Bochum', 234, 347504);
INSERT INTO teilnehmer VALUES (794, 19, NULL, 'Donay', 'Zorn', 'Merlinweg', NULL, NULL, 'D', 30629, 'Hannover', 511, 3153);
INSERT INTO teilnehmer VALUES (795, 23, 'Herr', 'Heinz', 'Besser', 'Schalker Str.', '222', 'Schalke', 'D', 45881, 'Gelsenkirchen', 209, 4082856);
INSERT INTO teilnehmer VALUES (796, 69, 'Herr', 'Hans-Dieter', 'Jürgen', 'Kufsteiner Str.', '15', 'Buchholz', 'D', 47249, 'Duisburg', 203, 264951);
INSERT INTO teilnehmer VALUES (797, 93, 'Herr', 'Wolfgang', 'Bethge', 'Freisenbruch', '142', 'Sevinghausen', 'D', 44867, 'Bochum', 2327, 2819329);
INSERT INTO teilnehmer VALUES (798, NULL, 'Herr', 'Helmut', 'Manske', 'Surkampstr.', '11', 'Erle', 'D', 45891, 'Gelsenkirchen', 209, 140406);
INSERT INTO teilnehmer VALUES (799, 52, 'Herr', 'Dirk', 'Foitzik', NULL, '32', NULL, 'D', 0, 'Dortmund', 231, 514277);
INSERT INTO teilnehmer VALUES (800, 226, 'Herr', 'Hans-Joachim', 'Volkmann', 'Tejaweg', '1', 'Huckarde', 'D', 44369, 'Dortmund', 172, 29658);
INSERT INTO teilnehmer VALUES (801, 202, 'Herr', 'Prof. Dr. Niels', 'Janko', 'Vormholzstr.', '15', 'Querenburg', 'D', 44801, 'Bochum', 234, 270975);
INSERT INTO teilnehmer VALUES (802, 244, 'Herr', 'Robert', 'Drewa', 'Im Bühl', '65', 'Ückendorf', 'D', 45886, 'Gelsenkirchen', 209, 785587);
INSERT INTO teilnehmer VALUES (803, 270, 'Herr', 'Wilhelm', 'Halm', 'Horster Str.', '17', 'Buer', 'D', 45897, 'Gelsenkirchen', 209, 325669);
INSERT INTO teilnehmer VALUES (804, 128, 'Herr', 'Werner', 'Hasselbeck', 'Lohmühlenstr.', '17', 'Buer', 'D', 45897, 'Gelsenkirchen', 209, 322890);
INSERT INTO teilnehmer VALUES (805, 260, 'Herr', 'Albert', 'Hennig', 'Flachsstr.', '16', 'Hassel', 'D', 45896, 'Gelsenkirchen', 209, 289780);
INSERT INTO teilnehmer VALUES (806, 192, 'Herr', 'Klaus', 'Fischer', 'Am Spritzenhaus', '35', 'Buer', 'D', 45894, 'Gelsenkirchen', 209, 570323);
INSERT INTO teilnehmer VALUES (807, 73, NULL, 'A.', 'Ackermann-Wantia', 'Bahnhofsallee', '9a', NULL, 'D', 48653, 'Coesfeld', 2546, 9775518);
INSERT INTO teilnehmer VALUES (808, 96, 'Frau', 'Erna', 'Zlobinski', 'Schmidtmannstr.', NULL, 'Feldmark', 'D', 45883, 'Gelsenkirchen', 209, 4049);
INSERT INTO teilnehmer VALUES (809, 215, 'Herr', 'Alfons', 'Rex', 'Meckenhausen C', '6', NULL, 'D', 91161, 'Hilpoltstein, Mittelfr', 9179, 71086);
INSERT INTO teilnehmer VALUES (810, 75, 'Herr', 'Adolf', 'Zurek', NULL, NULL, NULL, 'D', 456, 'Recklinghausen, Westf', 2361, 369);
INSERT INTO teilnehmer VALUES (811, 257, 'Herr', 'Theodor', 'Besser', 'Schalker Str.', '210', 'Schalke', 'D', 45881, 'Gelsenkirchen', 209, 4080421);
INSERT INTO teilnehmer VALUES (812, 82, 'Herr', 'Helmuth', 'Baltasar', 'Günnigfelder Str.', '2a', 'Günnigfeld', 'D', 44866, 'Bochum', 2327, 7331429);
INSERT INTO teilnehmer VALUES (813, NULL, 'Herr', 'Andreas', 'Vorgang', 'Gecksheide', '1', 'Beckhausen', 'D', 45897, 'Gelsenkirchen', 209, 28024);
INSERT INTO teilnehmer VALUES (814, 182, 'Herr', 'Wilhelm', 'Faust', 'Fahrhauerstr.', '41', 'Altenessen-Nord', 'D', 45329, 'Essen, Ruhr', 201, 594522);
INSERT INTO teilnehmer VALUES (815, 248, 'Frau', 'Maria', 'Driemel', 'Siemensstr.', '61', 'Mitte', 'D', 44147, 'Dortmund', 231, 782541);
INSERT INTO teilnehmer VALUES (816, 125, 'Herr', 'Bernhard', 'Decke', 'Josef-Vogt-Str.', '89', NULL, 'D', 76571, 'Gaggenau', 7225, 871798);
INSERT INTO teilnehmer VALUES (817, 97, 'Frau', 'Hildegard', 'Drüke', 'Overwegstr.', '57', 'Altstadt', 'D', 45879, 'Gelsenkirchen', 209, 772244);
INSERT INTO teilnehmer VALUES (818, 224, 'Herr', 'Christian', 'Stiehl', 'Goethestr.', '3', 'Buer', 'D', 45894, 'Gelsenkirchen', 209, 50547);
INSERT INTO teilnehmer VALUES (819, 255, NULL, 'C.', 'Balthasar', 'Mühlenbruchstr.', '205b', 'Neustadt', 'D', 45879, 'Gelsenkirchen', 209, 6958164);
INSERT INTO teilnehmer VALUES (820, 226, 'Frau', 'Klara', 'Beth', 'Burgstr.', '142', 'Horst', 'D', 45899, 'Gelsenkirchen', 209, 2822826);
INSERT INTO teilnehmer VALUES (821, 79, 'Herr', 'Johann', 'Gührs', 'Ackerstr.', '18', 'Buer', 'D', 45897, 'Gelsenkirchen', 209, 351086);
INSERT INTO teilnehmer VALUES (822, 116, 'Herr', 'Peter', 'Kasemann', 'Oberbilker Allee', '14', 'Oberbilk', 'D', 40227, 'Düsseldorf', 211, 260263);
INSERT INTO teilnehmer VALUES (823, 219, 'Herr', 'Helmut', 'Edeler', 'Berghofer Heide', '53', 'Gerthe', 'D', 44805, 'Bochum', 234, 754392);
INSERT INTO teilnehmer VALUES (824, 264, 'Herr', 'Christian', 'Siepert', 'Virchowstr.', '4', 'Hörde', 'D', 44263, 'Dortmund', 231, 53560);
INSERT INTO teilnehmer VALUES (825, 47, 'Herr', 'Wilhelm', 'Hoche', 'Zollstr.', '16', 'Bochold', 'D', 45356, 'Essen, Ruhr', 201, 287020);
INSERT INTO teilnehmer VALUES (826, 160, NULL, 'R.', 'Emde', 'Ottilienaustr.', '49', 'Ückendorf', 'D', 45886, 'Gelsenkirchen', 209, 702121);
INSERT INTO teilnehmer VALUES (827, 197, 'Herr', 'Hans', 'Dietzel', 'Brucknerstr.', '79', 'Winz-Baak', 'D', 45529, 'Hattingen, Ruhr', 2324, 852868);
INSERT INTO teilnehmer VALUES (828, 19, 'Herr', 'Josef H.', 'Beste', 'Coburger Str.', '161', 'Horst', 'D', 45899, 'Gelsenkirchen', 209, 2941134);
INSERT INTO teilnehmer VALUES (829, 60, 'Herr', 'Heinrich', 'Gemballa', 'Stratmannshof', '25', 'Feldmark', 'D', 45883, 'Gelsenkirchen', 209, 437757);
INSERT INTO teilnehmer VALUES (830, 240, 'Herr', 'Lutz', 'Even', 'Wittenbergstr.', '44', 'Langendreer', 'D', 44892, 'Bochum', 234, 630443);
INSERT INTO teilnehmer VALUES (831, 111, 'Herr', 'Axel', 'Deptolla', 'Hertener Str.', '83', 'Resse', 'D', 45892, 'Gelsenkirchen', 209, 862202);
INSERT INTO teilnehmer VALUES (832, 152, NULL, 'H.', 'Driemeyer', 'Weidekamp', '61', 'Ückendorf', 'D', 45886, 'Gelsenkirchen', 209, 782046);
INSERT INTO teilnehmer VALUES (833, 101, 'Herr', 'Günter', 'Martin', 'Cäcilienstr.', '11', 'Resse', 'D', 45892, 'Gelsenkirchen', 209, 137894);
INSERT INTO teilnehmer VALUES (834, 6, 'Herr', 'Heinz', 'Füntmann', 'Otterkuhle', '28', 'Weitmar', 'D', 44795, 'Bochum', 234, 486849);
INSERT INTO teilnehmer VALUES (835, 85, 'Frau', 'Annette', 'Corbach', 'Karlstr.', '104', 'Erle', 'D', 45891, 'Gelsenkirchen', 209, 932891);
INSERT INTO teilnehmer VALUES (836, 107, 'Herr', 'Hanno', 'Seidel', 'Am Bennenbruch', '4', 'Holthausen', 'D', 45527, 'Hattingen, Ruhr', 172, 56462);
INSERT INTO teilnehmer VALUES (837, 34, NULL, 'Jonathan Roger', 'Schäfer', 'Ehrenfeldstr.', '6', 'Wiemelhausen', 'D', 44789, 'Bochum', 175, 65192);
INSERT INTO teilnehmer VALUES (838, 115, 'Herr', 'Friedrich', 'Drobing', 'Hohenzollernstr.', '60', 'Bulmke-Hüllen', 'D', 45888, 'Gelsenkirchen', 209, 780530);
INSERT INTO teilnehmer VALUES (839, 212, 'Frau', 'Lieselotte', 'Balser', 'Kriemhildstr.', '42-56', 'Innenstadt', 'D', 44793, 'Bochum', 234, 7901790);
INSERT INTO teilnehmer VALUES (840, 116, NULL, 'F.', 'Genge', 'Achentalstr.', '25', NULL, 'D', 81671, 'München', 89, 434024);
INSERT INTO teilnehmer VALUES (841, 161, 'Herr', 'Walter', 'Dreßler', NULL, '69', NULL, 'D', 47, 'Duisburg', 2065, 793702);
INSERT INTO teilnehmer VALUES (842, 170, 'Frau', 'Eva', 'Ertmer', 'Wittener Str.', '45', 'Langendreer', 'D', 44892, 'Bochum', 234, 639811);
INSERT INTO teilnehmer VALUES (843, 33, 'Frau', 'Maja', 'Cremers', 'Biermannsweg', '103', 'Wiemelhausen', 'D', 44799, 'Bochum', 234, 903493);
INSERT INTO teilnehmer VALUES (844, NULL, 'Herr', 'Willi', 'Frank', 'Weitmarer Str.', '31', 'Weitmar', 'D', 44795, 'Bochum', 234, 500444);
INSERT INTO teilnehmer VALUES (845, 269, 'Frau', 'Else', 'Baska', 'Pfefferackerstr.', '390', 'Buer', 'D', 45894, 'Gelsenkirchen', 209, 5244784);
INSERT INTO teilnehmer VALUES (846, 140, 'Frau', 'Gabriele', 'Mönchhalfen', 'Fuchseckstr.', '9', NULL, 'D', 73054, 'Eislingen, Fils', 7161, 83299);
INSERT INTO teilnehmer VALUES (847, 114, 'Herr', 'Helmut', 'Gutschow', 'Hohensteiner Str.', '18', 'Buer', 'D', 45897, 'Gelsenkirchen', 209, 337658);
INSERT INTO teilnehmer VALUES (848, 76, 'Herr', 'Kurt', 'Dors', 'Liboriusstr.', '72', 'Schalke', 'D', 45881, 'Gelsenkirchen', 209, 812668);
INSERT INTO teilnehmer VALUES (849, 279, 'Herr', 'Hans-Dieter', 'Czeranski', 'Espenweg', '96', 'Querenburg', 'D', 44801, 'Bochum', 234, 878567);
INSERT INTO teilnehmer VALUES (850, 47, 'Herr', 'Rainer', 'Uerkwitz', 'Ückendorfer Str.', '1', 'Ückendorf', 'D', 45886, 'Gelsenkirchen', 171, 33121);
INSERT INTO teilnehmer VALUES (851, 7, NULL, 'R.', 'Briese', 'Sachsenring', '125', 'Westenfeld', 'D', 44867, 'Bochum', 2327, 2500533);
INSERT INTO teilnehmer VALUES (852, 113, 'Herr', 'Josef', 'Baltes', 'Rützkausen', '22b', 'Mitte', 'D', 42549, 'Velbert', 2051, 7186774);
INSERT INTO teilnehmer VALUES (853, 230, 'Frau', 'Luise', 'Balz jun.', 'Heimat', '522', 'Buer', 'D', 45894, 'Gelsenkirchen', 209, 5370643);
INSERT INTO teilnehmer VALUES (854, 151, 'Herr', 'Alfred H.', 'Utech', NULL, '1', NULL, 'D', 44, 'Bochum', 170, 32261);
INSERT INTO teilnehmer VALUES (855, 30, 'Herr', 'Horst', 'Weiß', 'Mettmanner Str.', NULL, 'Flingern Süd', 'D', 40233, 'Düsseldorf', 211, 21416);
INSERT INTO teilnehmer VALUES (856, 210, NULL, 'M.', 'Grembowietz', 'Schaffrathstr.', '18', 'Beckhausen', 'D', 45897, 'Gelsenkirchen', 209, 352976);
INSERT INTO teilnehmer VALUES (857, 51, 'Frau', 'Barbara', 'Ferber', 'Haberkamps Vöhde', '38', 'Bodelschwingh', 'D', 44357, 'Dortmund', 231, 591186);
INSERT INTO teilnehmer VALUES (858, 35, 'Herr', 'Willi', 'Benstein', 'Ottostr.', '326', 'Wattenscheid', 'D', 44867, 'Bochum', 2327, 4990420);
INSERT INTO teilnehmer VALUES (859, 193, 'Herr', 'Lothar', 'Ackermann', 'Gippes', '9A', NULL, 'D', 34590, 'Wabern, Hess', 5683, 9962849);
INSERT INTO teilnehmer VALUES (860, 167, 'Frau', 'Gesine', 'Sedler', 'Heinickestr.', '5', 'Südviertel', 'D', 45128, 'Essen, Ruhr', 201, 57258);
INSERT INTO teilnehmer VALUES (861, 65, 'Herr', 'Andreas', 'Anello', 'Hinter dem Flecken', '67a', NULL, 'D', 67748, 'Odenbach', 6753, 9083102);
INSERT INTO teilnehmer VALUES (862, 80, 'Herr', 'Jürgen', 'Vaupel', 'Querstr.', '1', 'Mitte', 'D', 44139, 'Dortmund', 171, 31852);
INSERT INTO teilnehmer VALUES (863, 45, 'Frau', 'Monika', 'Fentner', 'Werner Hellweg', '39', 'Laer', 'D', 44803, 'Bochum', 234, 591248);
INSERT INTO teilnehmer VALUES (864, 246, 'Frau', 'Wilma', 'Adam', 'Rosenstr.', '71A', NULL, 'D', 76448, 'Durmersheim', 7245, 9332900);
INSERT INTO teilnehmer VALUES (865, 63, 'Herr', 'Lars', 'Skrotzki-Kozlowski', 'An den Lothen', '3', 'Langendreer', 'D', 44892, 'Bochum', 234, 52776);
INSERT INTO teilnehmer VALUES (866, 56, NULL, 'E.', 'Cenk', 'Annastr.', '111', 'Innenstadt', 'D', 44793, 'Bochum', 234, 1478449);
INSERT INTO teilnehmer VALUES (867, 124, 'Frau', 'Andrea', 'Fahrmeyer', NULL, '43', NULL, 'D', 44, 'Bochum', 2327, 596888);
INSERT INTO teilnehmer VALUES (868, 192, 'Herr', 'Reinhard', 'Drewello', 'Bergkamp', '65', 'Ückendorf', 'D', 45886, 'Gelsenkirchen', 209, 785197);
INSERT INTO teilnehmer VALUES (869, NULL, 'Herr', 'Dietrich', 'Faschina', 'Siegstr.', '41', 'Altstadt', 'D', 47051, 'Duisburg', 203, 595328);
INSERT INTO teilnehmer VALUES (870, 105, 'Herr', 'Günter', 'Esch', 'Vorm Jäger', '45', 'Langendreer', 'D', 44892, 'Bochum', 234, 639613);
INSERT INTO teilnehmer VALUES (871, 184, 'Herr', 'Johann', 'Greiffer', 'Kopleckkamp', '18', 'Wehofen', 'D', 47169, 'Duisburg', 203, 354307);
INSERT INTO teilnehmer VALUES (872, 25, NULL, 'N.', 'Giering', 'Coburger Str.', '23', 'Horst', 'D', 45899, 'Gelsenkirchen', 209, 406748);
INSERT INTO teilnehmer VALUES (873, 217, 'Herr', 'Wolfgang', 'Hojan', 'Engerstr.', '16', 'Flingern Nord', 'D', 40235, 'Düsseldorf', 211, 285238);
INSERT INTO teilnehmer VALUES (874, 138, 'Herr', 'Michael', 'Henning', 'Hestermannstr.', '16', 'Hassel', 'D', 45896, 'Gelsenkirchen', 209, 289519);
INSERT INTO teilnehmer VALUES (875, 44, 'Frau', 'Ingeborg', 'Wienert', 'Kiesselbachstr.', NULL, 'Holthausen', 'D', 40589, 'Düsseldorf', 211, 14495);
INSERT INTO teilnehmer VALUES (876, 245, 'Herr', 'Jörg', 'Zuleger', 'Lange Str.', NULL, 'Resse', 'D', 45892, 'Gelsenkirchen', 209, 1050);
INSERT INTO teilnehmer VALUES (877, 89, 'Herr', 'Michael', 'Siebers', 'Barmer Str.', '4', 'Mitte', 'D', 44137, 'Dortmund', 231, 53612);
INSERT INTO teilnehmer VALUES (878, 91, 'Herr', 'Anton', 'Cirkel', 'Eittinger Str.', '106', NULL, 'D', 85462, 'Eitting, Kr Erding', 8761, 989474);
INSERT INTO teilnehmer VALUES (879, 83, 'Herr', 'Karl', 'Müller', 'Grütershof', '9', 'Bulmke-Hüllen', 'D', 45888, 'Gelsenkirchen', 209, 82864);
INSERT INTO teilnehmer VALUES (880, 35, 'Herr', 'Christian', 'Klein', 'Opladener Str.', '13', 'Wersten', 'D', 40591, 'Düsseldorf', 211, 214563);
INSERT INTO teilnehmer VALUES (881, 12, 'Herr', 'Hans-Harald', 'Adam', 'Rugenbarg', '8A', NULL, 'D', 24558, 'Henstedt-Ulzburg', 4193, 9731434);
INSERT INTO teilnehmer VALUES (882, 24, 'Herr', 'Klaus-Peter', 'Efa', 'Heroldstr.', '53', 'Werne', 'D', 44894, 'Bochum', 234, 753642);
INSERT INTO teilnehmer VALUES (883, 200, NULL, 'Nasser', 'Pletz', 'Kopernikusstr.', '8', 'Bulmke-Hüllen', 'D', 45888, 'Gelsenkirchen', 209, 75707);
INSERT INTO teilnehmer VALUES (884, 191, 'Herr', 'Michael', 'Schoengraf', 'Fürstinnenstr.', '5', 'Feldmark', 'D', 45883, 'Gelsenkirchen', 177, 59394);
INSERT INTO teilnehmer VALUES (885, 130, 'Herr', 'Johannes', 'Fork', 'Sudholzstr.', '32', 'Dahlhausen', 'D', 44879, 'Bochum', 234, 511906);
INSERT INTO teilnehmer VALUES (886, 98, 'Herr', 'Heinz', 'Nolte', 'Kirchharpener Str.', '8', 'Gerthe', 'D', 44805, 'Bochum', 234, 80238);
INSERT INTO teilnehmer VALUES (887, 79, 'Herr', 'Bernhard', 'Hellmich', 'Niederfeldstr.', '17', 'Altendorf', 'D', 45143, 'Essen, Ruhr', 201, 311510);
INSERT INTO teilnehmer VALUES (888, 35, 'Herr', 'Dirk', 'Zubrowski', 'Bahnstr.', NULL, 'Erle', 'D', 45891, 'Gelsenkirchen', 209, 2411);
INSERT INTO teilnehmer VALUES (889, 64, 'Frau', 'Renate', 'Rehkamp', 'Grabenstr.', '7', 'Bulmke-Hüllen', 'D', 45888, 'Gelsenkirchen', 209, 73702);
INSERT INTO teilnehmer VALUES (890, 226, 'Herr', 'Helmut', 'Drockenmüller', 'Herner Str.', '59', 'Ückendorf', 'D', 45886, 'Gelsenkirchen', 209, 780245);
INSERT INTO teilnehmer VALUES (891, 144, 'Herr', 'Manfred', 'Gellert', 'Höhenweg', '26', 'Dahlhausen', 'D', 44879, 'Bochum', 234, 446463);
INSERT INTO teilnehmer VALUES (892, 13, 'Herr', 'James', 'Gottbehüt', 'Bruktererhang', '20', 'Überruhr-Hinsel', 'D', 45277, 'Essen, Ruhr', 201, 375484);
INSERT INTO teilnehmer VALUES (893, NULL, NULL, 'S.', 'Weigelt', NULL, '1', NULL, 'D', 40, 'Düsseldorf', 211, 22705);
INSERT INTO teilnehmer VALUES (894, 168, 'Herr', 'Andreas', 'del Duca', 'Tanneneck', '87', 'Wiemelhausen', 'D', 44799, 'Bochum', 234, 871505);
INSERT INTO teilnehmer VALUES (895, 186, 'Herr', 'Frank', 'Adam', 'Werringser Str.', '73B', NULL, 'D', 58706, 'Menden, Sauerland', 2373, 9380587);
INSERT INTO teilnehmer VALUES (896, 235, 'Herr', 'Georg', 'Kessler', 'Marienburger Str.', '14', 'Hassels', 'D', 40599, 'Düsseldorf', 211, 236367);
INSERT INTO teilnehmer VALUES (897, 239, 'Frau', 'Heike', 'Restle', 'Butjadinger Str.', '7', NULL, 'D', 26954, 'Nordenham', 4731, 71586);
INSERT INTO teilnehmer VALUES (898, 25, 'Frau', 'Nadine', 'Szepanek', 'Lavendelweg', '2', 'Sölderholz', 'D', 44289, 'Dortmund', 231, 41741);
INSERT INTO teilnehmer VALUES (899, 94, 'Frau', 'Manuela', 'Dowidat', 'Virchowstr.', '71', 'Mitte', 'D', 42549, 'Velbert', 2051, 799228);
INSERT INTO teilnehmer VALUES (900, 5, 'Herr', 'Herbert', 'Fink', 'Hattramstr.', '36', 'Karnap', 'D', 45329, 'Essen, Ruhr', 201, 581228);
INSERT INTO teilnehmer VALUES (901, 153, 'Herr', 'Andreas', 'Lanfer', 'Kreuzstr.', '12', 'Resse', 'D', 45892, 'Gelsenkirchen', 209, 203462);
INSERT INTO teilnehmer VALUES (902, 174, 'Herr', 'Friedhelm', 'Brocksch', 'Finkenstr.', '123', 'Welper', 'D', 45527, 'Hattingen, Ruhr', 2324, 2431147);
INSERT INTO teilnehmer VALUES (903, 86, NULL, 'E.', 'Melzer', 'Kemnader Str.', '10', 'Stiepel', 'D', 44797, 'Bochum', 234, 85760);
INSERT INTO teilnehmer VALUES (904, 178, 'Herr', 'Dipl.-Phys. Werner', 'Nonnweiler', 'Am Südblick', '8', 'Gerthe', 'D', 44805, 'Bochum', 234, 77666);
INSERT INTO teilnehmer VALUES (905, 134, 'Herr', 'Gerhard', 'Kerber', 'Hasselsstr.', '14', 'Hassels', 'D', 40599, 'Düsseldorf', 211, 238230);
INSERT INTO teilnehmer VALUES (906, 209, 'Frau', 'Erika', 'Lehmann', 'Baldurstr.', '12', 'Erle', 'D', 45891, 'Gelsenkirchen', 209, 201093);
INSERT INTO teilnehmer VALUES (907, 49, 'Herr', 'Ferdinand', 'Gransow', 'Schöllerskampstr.', '19', NULL, 'D', 45307, 'Essen, Ruhr', 201, 356882);
INSERT INTO teilnehmer VALUES (908, 239, 'Frau', 'Sabine', 'Möller', 'Pommernstr.', '9', 'Bismarck', 'D', 45889, 'Gelsenkirchen', 209, 83864);
INSERT INTO teilnehmer VALUES (909, 195, 'Herr', 'Günter', 'Crosberger', 'Weststr.', '103', 'Erle', 'D', 45891, 'Gelsenkirchen', 209, 903490);
INSERT INTO teilnehmer VALUES (910, 44, 'Frau', 'Edith', 'Balster', 'Hansastr.', '37b', 'Wattenscheid', 'D', 44866, 'Bochum', 2327, 7590872);
INSERT INTO teilnehmer VALUES (911, 46, 'Frau', 'Heike', 'Grebhart', 'Im Eickhof', '19', 'Niederwenigern', 'D', 45529, 'Hattingen, Ruhr', 2324, 355019);
INSERT INTO teilnehmer VALUES (912, 46, 'Herr', 'Heinrich', 'Flach', 'Erlestr.', '35', 'Buer', 'D', 45894, 'Gelsenkirchen', 209, 538784);
INSERT INTO teilnehmer VALUES (913, 23, 'Herr', 'Mark Andre', 'Gesell', 'Wilhelmstr.', '23', 'Erle', 'D', 45891, 'Gelsenkirchen', 209, 410244);
INSERT INTO teilnehmer VALUES (914, 139, 'Herr', 'Ludwig', 'Belke', 'Langenbach', '343', 'Wattenscheid', 'D', 44866, 'Bochum', 2327, 5141904);
INSERT INTO teilnehmer VALUES (915, 15, 'Herr', 'Valerij', 'Sudau', 'Am Langen Seil', '3', 'Wiemelhausen', 'D', 44799, 'Bochum', 234, 48119);
INSERT INTO teilnehmer VALUES (916, 152, 'Herr', 'Klaus', 'Klein', 'Frankfurter Str.', '13', 'Frohnhausen', 'D', 45145, 'Essen, Ruhr', 201, 219655);
INSERT INTO teilnehmer VALUES (917, 67, 'Herr', 'Erich', 'Bordmann', 'Glückaufstr.', '134', 'Hamme', 'D', 44793, 'Bochum', 234, 2715626);
INSERT INTO teilnehmer VALUES (918, 169, 'Herr', 'Helmut', 'Malik', 'Birkenkamp', '11', 'Erle', 'D', 45891, 'Gelsenkirchen', 209, 140896);
INSERT INTO teilnehmer VALUES (919, NULL, 'Herr', 'Heinrich', 'Gonska', 'Weskampstr.', '20', 'Beckhausen', 'D', 45899, 'Gelsenkirchen', 209, 378242);
INSERT INTO teilnehmer VALUES (920, 278, 'Herr', 'Heinz', 'Baltussen', 'Regensburger Str.', '15a', 'Ückendorf', 'D', 45886, 'Gelsenkirchen', 209, 6049005);
INSERT INTO teilnehmer VALUES (921, 94, 'Herr', 'Stephanie', 'Baluda', 'Im Busche', '11a', 'Ückendorf', 'D', 45886, 'Gelsenkirchen', 209, 5654353);
INSERT INTO teilnehmer VALUES (922, 180, 'Herr', 'Eugen', 'Efker', 'Werner Hellweg', '53', 'Werne', 'D', 44894, 'Bochum', 234, 751567);
INSERT INTO teilnehmer VALUES (923, 170, 'Herr', 'Bruno', 'Kandler', 'Spieckermannstr.', '14', 'Fulerum', 'D', 45149, 'Essen, Ruhr', 201, 263284);
INSERT INTO teilnehmer VALUES (924, 197, 'Frau', 'Grete', 'Gosdzick', 'Graf-Engelbert-Str.', '20', 'Innenstadt', 'D', 44791, 'Bochum', 234, 376572);
INSERT INTO teilnehmer VALUES (925, 80, 'Herr', 'Alfred', 'Gerbermann', 'Aldenhofstr.', '25', 'Feldmark', 'D', 45883, 'Gelsenkirchen', 209, 431155);
INSERT INTO teilnehmer VALUES (926, 246, NULL, 'M.', 'Dormann', 'Bismarckstr.', '73', 'Bulmke-Hüllen', 'D', 45888, 'Gelsenkirchen', 209, 814240);
INSERT INTO teilnehmer VALUES (927, 74, 'Herr', 'Hartmut', 'Wieners', NULL, NULL, NULL, 'D', 458, 'Gelsenkirchen', 209, 15061);
INSERT INTO teilnehmer VALUES (928, 185, 'Herr', 'Erich', 'Forkel', 'Axstr.', '32', 'Linden', 'D', 44879, 'Bochum', 234, 510744);
INSERT INTO teilnehmer VALUES (929, 227, 'Herr', 'Paul', 'Fimmers', 'Schillerstr.', '36', 'Buer', 'D', 45894, 'Gelsenkirchen', 209, 581561);
INSERT INTO teilnehmer VALUES (930, 7, 'Herr', 'Michael', 'Gemir', 'In der Farbe', '25', NULL, 'D', 37691, 'Boffzen', 5271, 435369);
INSERT INTO teilnehmer VALUES (931, 265, 'Herr', 'Josef', 'Balt', 'Lindenallee', '2A', 'Bergheim', 'D', 47226, 'Duisburg', 2065, 7388373);
INSERT INTO teilnehmer VALUES (932, 244, 'Herr', 'Heinz-Otto', 'Behnke', 'Immermannstr.', '376', 'Buer', 'D', 45894, 'Gelsenkirchen', 209, 5178330);
INSERT INTO teilnehmer VALUES (933, 130, 'Herr', 'Alessandro', 'Baltzer', 'Wilhelm-Busch-Str.', '12A', 'Neustadt', 'D', 45879, 'Gelsenkirchen', 209, 5839687);
INSERT INTO teilnehmer VALUES (934, 220, 'Herr', 'Klaus', 'Dreszer', 'Weindorfstr.', '67', 'Rotthausen', 'D', 45884, 'Gelsenkirchen', 209, 788701);
INSERT INTO teilnehmer VALUES (935, 208, 'Herr', 'Heinrich', 'Henke', 'Bußmannstr.', '17', 'Hassel', 'D', 45896, 'Gelsenkirchen', 209, 295410);
INSERT INTO teilnehmer VALUES (936, 9, 'Herr', 'Ralf', 'Mehlmann', 'Baldurstr.', '11', 'Erle', 'D', 45891, 'Gelsenkirchen', 209, 137131);
INSERT INTO teilnehmer VALUES (937, 72, NULL, 'H.', 'Baltrusch', 'Otto-Hue-Str.', '1a', NULL, 'D', 45525, 'Hattingen, Ruhr', 2324, 6852671);
INSERT INTO teilnehmer VALUES (938, 140, NULL, 'Cäcilie', 'Münz', 'Hiltroper Landwehr', '8', 'Hiltrop', 'D', 44805, 'Bochum', 234, 82152);
INSERT INTO teilnehmer VALUES (939, 98, 'Herr', 'Siegfried', 'Froese', 'Voßbergring', '29', 'Heisingen', 'D', 45259, 'Essen, Ruhr', 201, 493169);
INSERT INTO teilnehmer VALUES (940, 108, 'Herr', 'Günter', 'Drewel', 'Knappschaftshof', '65', 'Ückendorf', 'D', 45886, 'Gelsenkirchen', 209, 785365);
INSERT INTO teilnehmer VALUES (941, 5, 'Herr', 'Walter', 'Fritzsche', 'Silberhecke', '29', 'Wellinghofen', 'D', 44265, 'Dortmund', 231, 493758);
INSERT INTO teilnehmer VALUES (942, NULL, 'Frau', 'Margot', 'Balster', 'Breddestr.', '34a', 'Wattenscheid', 'D', 44866, 'Bochum', 2327, 7489558);
INSERT INTO teilnehmer VALUES (943, 240, 'Herr', 'Wolfgang', 'Reis', 'Am Ostenberg', '7', NULL, 'D', 32351, 'Stemwede', 5773, 72384);
INSERT INTO teilnehmer VALUES (944, 92, NULL, 'P.', 'Kiefert', NULL, '14', NULL, 'D', 40, 'Düsseldorf', 211, 231711);
INSERT INTO teilnehmer VALUES (945, 228, 'Frau', 'Veronika', 'Roßbegalle', 'Ebertstr.', '6', 'Altstadt', 'D', 45879, 'Gelsenkirchen', 209, 66560);
INSERT INTO teilnehmer VALUES (946, 13, 'Herr', 'Francesco', 'Göttel', 'Hedwigstr.', '20', 'Innenstadt', 'D', 44809, 'Bochum', 234, 374224);
INSERT INTO teilnehmer VALUES (947, 212, 'Herr', 'Karlheinz', 'Drewitz', 'Elisabethstr.', '63', 'Altstadt', 'D', 45879, 'Gelsenkirchen', 209, 783302);
INSERT INTO teilnehmer VALUES (948, 4, NULL, 'B.', 'Drüke', 'Knappschaftsstr.', '57', 'Ückendorf', 'D', 45886, 'Gelsenkirchen', 209, 772176);
INSERT INTO teilnehmer VALUES (949, 254, 'Herr', 'Joachim', 'Selke', 'Ophofstr.', '4', 'Buer', 'D', 45894, 'Gelsenkirchen', 172, 54834);
INSERT INTO teilnehmer VALUES (950, 158, 'Frau', 'Ursula', 'Flotte Ecke', 'Hollacker', '34', 'Buer', 'D', 45894, 'Gelsenkirchen', 209, 521584);
INSERT INTO teilnehmer VALUES (951, 117, 'Herr', 'Manfred', 'Eggarter', 'Rosenbaumweg', '53', 'Harpen', 'D', 44805, 'Bochum', 234, 751554);
INSERT INTO teilnehmer VALUES (952, 76, 'Frau', 'Alma Isabel', 'Ribka', 'Blücherstr.', '6', 'Wattenscheid', 'D', 44866, 'Bochum', 2327, 70566);
INSERT INTO teilnehmer VALUES (953, 80, 'Herr', 'Udo', 'Eggenstein', 'Werner Hellweg', '52', 'Werne', 'D', 44894, 'Bochum', 234, 750203);
INSERT INTO teilnehmer VALUES (954, 78, 'Herr', 'Adolf', 'Goldmann', 'Kolpingstr.', '21', 'Alt-Hamborn', 'D', 47166, 'Duisburg', 203, 390312);
INSERT INTO teilnehmer VALUES (955, 164, 'Frau', 'Karin', 'Feldmann', 'Am Hülsenbusch', '40', 'Wiemelhausen', 'D', 44789, 'Bochum', 234, 592890);
INSERT INTO teilnehmer VALUES (956, 259, 'Herr', 'Thomas', 'Beßler', 'Eulerstr.', '196', 'Feldmark', 'D', 45883, 'Gelsenkirchen', 209, 3848479);
INSERT INTO teilnehmer VALUES (957, 195, 'Frau', 'Heike', 'Galuch', 'Apolloweg', '27', 'Berghofen', 'D', 44269, 'Dortmund', 231, 471510);
INSERT INTO teilnehmer VALUES (958, 187, 'Frau', 'Eva', 'Jansen', NULL, '15', NULL, 'D', 40, 'Düsseldorf', 211, 270975);
INSERT INTO teilnehmer VALUES (959, 115, 'Herr', 'Willi', 'Lennertz-Finger', 'Mandelweg', '12', 'Höntrop', 'D', 44869, 'Bochum', 2327, 200171);
INSERT INTO teilnehmer VALUES (960, 247, 'Herr', 'Michael', 'Liebern', 'Albertus-Magnus-Str.', '12', 'Huckingen', 'D', 47259, 'Duisburg', 203, 145316);
INSERT INTO teilnehmer VALUES (961, 267, 'Herr', 'Hartmuth', 'Falk', 'Johannisstr.', '43', 'Nordviertel', 'D', 45141, 'Essen, Ruhr', 201, 596685);
INSERT INTO teilnehmer VALUES (962, 68, 'Frau', 'Elke', 'Zuber', 'Charlottenstr.', NULL, 'Wiemelhausen', 'D', 44799, 'Bochum', 234, 2967);
INSERT INTO teilnehmer VALUES (963, NULL, 'Herr', 'Dietmar', 'Bauer', 'Castroper Str.', '387', NULL, 'D', 44628, 'Herne, Westf', 2323, 5237868);
INSERT INTO teilnehmer VALUES (964, 200, 'Herr', 'Horst', 'Feicht', 'Kuhlehof', '41', 'Altenbochum', 'D', 44803, 'Bochum', 234, 593765);
INSERT INTO teilnehmer VALUES (965, 187, 'Herr', 'Rolf', 'Gollan', 'Flurstr.', '21', 'Innenstadt', 'D', 44791, 'Bochum', 234, 382991);
INSERT INTO teilnehmer VALUES (966, 181, 'Herr', 'Uwe', 'Faber', 'Niehusmannskamp', '43', 'Altenessen-Süd', 'D', 45326, 'Essen, Ruhr', 201, 615853);
INSERT INTO teilnehmer VALUES (967, 96, 'Herr', 'Heinrich', 'Arendt', 'Im Zaungärtle', '5a', NULL, 'D', 74229, 'Oedheim', 7139, 8390042);
INSERT INTO teilnehmer VALUES (968, 118, 'Frau', 'Simone', 'Voss', 'Ophofstr.', '1', 'Buer', 'D', 45894, 'Gelsenkirchen', 209, 27501);
INSERT INTO teilnehmer VALUES (969, 165, 'Herr', 'Alfons', 'Gudelj', 'Obererle', '18', 'Buer', 'D', 45897, 'Gelsenkirchen', 209, 351146);
INSERT INTO teilnehmer VALUES (970, 20, 'Herr', 'Rudolf', 'Ackermann', 'Rischenangerweg', '9a', NULL, 'D', 37139, 'Adelebsen', 5506, 9775736);
INSERT INTO teilnehmer VALUES (971, 112, 'Frau', 'Else', 'Drobnitza', 'Ückendorfer Str.', '59', 'Ückendorf', 'D', 45886, 'Gelsenkirchen', 209, 780354);
INSERT INTO teilnehmer VALUES (972, 7, 'Herr', 'Albert', 'Padberg', 'Magdeburger Str.', '8', 'Schalke', 'D', 45881, 'Gelsenkirchen', 209, 76430);
INSERT INTO teilnehmer VALUES (973, 136, 'Herr', 'Ferdinand', 'Czaplewski', 'Karl-Arnold-Str.', '97', 'Eppendorf', 'D', 44869, 'Bochum', 2327, 879837);
INSERT INTO teilnehmer VALUES (974, 61, 'Herr', 'Karl', 'Dacal Otero', 'Tiemannsweg', '95', 'Erle', 'D', 45891, 'Gelsenkirchen', 209, 878140);
INSERT INTO teilnehmer VALUES (975, 27, 'Frau', 'Maren', 'Greifenberg', 'Horster Str.', '18', 'Buer', 'D', 45897, 'Gelsenkirchen', 209, 354815);
INSERT INTO teilnehmer VALUES (976, 87, 'Herr', 'Axel', 'Meinhardt', 'Flachsbachstr.', '10', 'Erle', 'D', 45891, 'Gelsenkirchen', 209, 130705);
INSERT INTO teilnehmer VALUES (977, 157, NULL, 'S.', 'Golman', 'Sondernkamp', '21', 'Beckhausen', 'D', 45897, 'Gelsenkirchen', 209, 381244);
INSERT INTO teilnehmer VALUES (978, 275, 'Herr', 'Erhard', 'Armbruster', 'Am Weidengraben', '52c', NULL, 'D', 54296, 'Trier', 651, 8305021);
INSERT INTO teilnehmer VALUES (979, 151, 'Frau', 'Helma', 'Engel', 'Bandelstr.', '48', 'Huttrop', 'D', 45136, 'Essen, Ruhr', 201, 681856);
INSERT INTO teilnehmer VALUES (980, 243, 'Herr', 'Günter', 'Dabelstein', 'Richtstrecke', '95', 'Wiemelhausen', 'D', 44799, 'Bochum', 234, 878433);
INSERT INTO teilnehmer VALUES (981, 138, 'Herr', 'Hans', 'Baltrusch', 'Claubergstr.', '1a', 'Dellviertel', 'D', 47051, 'Duisburg', 203, 6588521);
INSERT INTO teilnehmer VALUES (982, 200, 'Frau', 'Gabriele', 'Cink', 'Polsumer Str.', '106', 'Hassel', 'D', 45896, 'Gelsenkirchen', 209, 990087);
INSERT INTO teilnehmer VALUES (983, 4, NULL, 'H.', 'Gollub', 'Harpenstr.', '21', 'Beckhausen', 'D', 45897, 'Gelsenkirchen', 209, 381505);
INSERT INTO teilnehmer VALUES (984, 264, 'Herr', 'Karlheinz', 'Dewitz', 'Rauendahlstr.', '81', 'Winz-Baak', 'D', 45529, 'Hattingen, Ruhr', 2324, 858376);
INSERT INTO teilnehmer VALUES (985, 119, 'Herr', 'Aribert', 'Domnitsch', 'Theodorstr.', '74', 'Bismarck', 'D', 45889, 'Gelsenkirchen', 209, 815314);
INSERT INTO teilnehmer VALUES (986, 1, 'Herr', 'Roland', 'Floßbach', 'Kirchhellenstr.', '34', 'Scholven', 'D', 45896, 'Gelsenkirchen', 209, 522079);
INSERT INTO teilnehmer VALUES (987, 140, 'Herr', 'Willi', 'Adam', 'Wilhelmshöher Str.', '8a', 'Langenberg', 'D', 42555, 'Velbert', 2052, 9712025);
INSERT INTO teilnehmer VALUES (988, 163, NULL, 'W.', 'Balve', 'Heinrichplatz', '110a', 'Bulmke-Hüllen', 'D', 45888, 'Gelsenkirchen', 209, 5610625);
INSERT INTO teilnehmer VALUES (989, 80, NULL, 'I.', 'Glöckner', 'Morungenweg', '22', 'Freisenbruch', 'D', 45279, 'Essen, Ruhr', 201, 398094);
INSERT INTO teilnehmer VALUES (990, 76, 'Herr', 'Bernfried', 'Drewa', 'Mechtenbergstr.', '65', 'Rotthausen', 'D', 45884, 'Gelsenkirchen', 209, 785701);
INSERT INTO teilnehmer VALUES (991, 18, 'Herr', 'Helmut', 'Gorny', 'Paßmannstr.', '20', 'Beckhausen', 'D', 45899, 'Gelsenkirchen', 209, 378104);
INSERT INTO teilnehmer VALUES (992, 224, 'Herr', 'Mark', 'Dymek', 'Richardstr.', '55', 'Eller', 'D', 40231, 'Düsseldorf', 211, 767897);
INSERT INTO teilnehmer VALUES (993, 54, 'Herr', 'Ralf', 'Weikert', 'Trapmannweg', '1', 'Asseln', 'D', 44319, 'Dortmund', 231, 22240);
INSERT INTO teilnehmer VALUES (994, NULL, 'Herr', 'Rüdiger', 'Drinkmann', 'Hertastr.', '60', 'Bulmke-Hüllen', 'D', 45888, 'Gelsenkirchen', 209, 780998);
INSERT INTO teilnehmer VALUES (995, 247, 'Herr', 'Gerhard', 'Drüker', 'Brackeler Hellweg', '57', 'Brackel', 'D', 44309, 'Dortmund', 231, 772024);
INSERT INTO teilnehmer VALUES (996, 93, NULL, 'Ülker', 'Besser', 'Kurt-Schumacher-Str.', '223', 'Schalke-Nord', 'D', 45881, 'Gelsenkirchen', 209, 4083803);
INSERT INTO teilnehmer VALUES (997, 152, 'Herr', 'Helmut H.', 'Lennardt', 'Am Südpark', '12', 'Höntrop', 'D', 44869, 'Bochum', 2327, 200889);
INSERT INTO teilnehmer VALUES (998, 67, 'Herr', 'Harald', 'Frömgen', 'Overgünne', '29', 'Benninghofen', 'D', 44269, 'Dortmund', 231, 492899);
INSERT INTO teilnehmer VALUES (999, 42, 'Herr', 'Herbert', 'Gora', 'Weskampstr.', '20', 'Beckhausen', 'D', 45899, 'Gelsenkirchen', 209, 378153);
INSERT INTO teilnehmer VALUES (1000, 219, 'Frau', 'Eva', 'Plattner', 'Deichstr.', '8', 'Bismarck', 'D', 45889, 'Gelsenkirchen', 209, 76022);
INSERT INTO teilnehmer VALUES (1001, 58, 'Herr', 'Kurt', 'Fensch', 'Kettelerstr.', '39', 'Altenbochum', 'D', 44803, 'Bochum', 234, 591745);
INSERT INTO teilnehmer VALUES (1002, 174, 'Herr', 'Hans-Gerd', 'Dreszkowski', 'Robert-Schmidt-Str.', '67', 'Rotthausen', 'D', 45884, 'Gelsenkirchen', 209, 788253);
INSERT INTO teilnehmer VALUES (1003, 180, 'Frau', 'Anette', 'Theuerl', 'Essener Str.', '2', 'Horst', 'D', 45899, 'Gelsenkirchen', 209, 35446);
INSERT INTO teilnehmer VALUES (1004, 96, 'Frau', 'Grete', 'Best', 'Welperstr.', '168', NULL, 'D', 45525, 'Hattingen, Ruhr', 2324, 3036848);
INSERT INTO teilnehmer VALUES (1005, 77, 'Frau', 'Monika', 'Zirkenbach', 'Bunzlaustr.', NULL, 'Hörde', 'D', 44263, 'Dortmund', 170, 4786);
INSERT INTO teilnehmer VALUES (1006, 25, 'Frau', 'Monika', 'Friedrich', 'Stensstr.', '30', 'Weitmar', 'D', 44795, 'Bochum', 234, 495263);
INSERT INTO teilnehmer VALUES (1007, 172, 'Herr', 'Wilfried', 'Kirschstein', 'Niersteiner Str.', '14', 'Frohnhausen', 'D', 45145, 'Essen, Ruhr', 201, 231257);
INSERT INTO teilnehmer VALUES (1008, 185, 'Herr', 'Jochen', 'Kauch', 'Kalkweg', '14', 'Wanheimerort', 'D', 47055, 'Duisburg', 203, 258270);
INSERT INTO teilnehmer VALUES (1009, 38, 'Herr', 'Martin', 'Flottemesch', 'Westerholter Str.', '33', 'Buer', 'D', 45894, 'Gelsenkirchen', 209, 521090);
INSERT INTO teilnehmer VALUES (1010, 230, 'Herr', 'Wolfgang', 'Brüning', 'Im Bahnwinkel', '117', 'Hassel', 'D', 45896, 'Gelsenkirchen', 209, 2073109);
INSERT INTO teilnehmer VALUES (1011, 152, 'Herr', 'Harald', 'Rützel', 'Bulmker Str.', '6', 'Bulmke-Hüllen', 'D', 45888, 'Gelsenkirchen', 209, 66061);
INSERT INTO teilnehmer VALUES (1012, 107, 'Herr', 'Fritz', 'Kornatzki', 'Zum Markt', '13', 'Resse', 'D', 45892, 'Gelsenkirchen', 209, 209675);
INSERT INTO teilnehmer VALUES (1013, 225, 'Herr', 'Werner', 'Flamma', 'Nienhofstr.', '35', 'Buer', 'D', 45894, 'Gelsenkirchen', 209, 537884);
INSERT INTO teilnehmer VALUES (1014, NULL, 'Herr', 'Rolf', 'Dreßler', 'Hilgenboomstr.', '68', 'Rotthausen', 'D', 45884, 'Gelsenkirchen', 209, 788893);
INSERT INTO teilnehmer VALUES (1015, 167, 'Herr', 'Michael', 'Rosenthal', 'Husemannstr.', '6', 'Altstadt', 'D', 45879, 'Gelsenkirchen', 209, 66720);
INSERT INTO teilnehmer VALUES (1016, 130, 'Herr', 'Karl-Heinz', 'Hopp', 'Schönebecker Str.', '16', 'Schönebeck', 'D', 45359, 'Essen, Ruhr', 201, 285123);
INSERT INTO teilnehmer VALUES (1017, 57, 'Frau', 'Ingeborg', 'Menne', 'Grillostr.', '9', 'Schalke', 'D', 45881, 'Gelsenkirchen', 209, 84753);
INSERT INTO teilnehmer VALUES (1018, 142, 'Herr', 'Rudi', 'Civak', 'Oberlinder Str.', '106', NULL, 'D', 96524, 'Gefell b Sonneberg, Thür', 36764, 979658);
INSERT INTO teilnehmer VALUES (1019, 97, 'Herr', 'Karlheinz', 'Gosdzinski', 'Remmelskamp', '20', 'Beckhausen', 'D', 45897, 'Gelsenkirchen', 209, 375836);
INSERT INTO teilnehmer VALUES (1020, 144, 'Herr', 'Helmut', 'Exner', 'Dirschauer Str.', '44', 'Wiemelhausen', 'D', 44789, 'Bochum', 234, 626613);
INSERT INTO teilnehmer VALUES (1021, 242, 'Herr', 'Alois', 'Loebe', 'Düsseldorfer Landstr.', '12', 'Huckingen', 'D', 47259, 'Duisburg', 203, 142709);
INSERT INTO teilnehmer VALUES (1022, 274, 'Herr', 'Ralf', 'Graf', 'Braukämperstr.', '19', 'Beckhausen', 'D', 45899, 'Gelsenkirchen', 209, 370074);
INSERT INTO teilnehmer VALUES (1023, 199, 'Frau', 'Claudia', 'Kaveh', 'Steinhausenstr.', '14', 'Holsterhausen', 'D', 45147, 'Essen, Ruhr', 201, 250201);
INSERT INTO teilnehmer VALUES (1024, 194, NULL, 'E.', 'Balthasar', 'Robert-Koch-Str.', '1c', 'Altstadt', 'D', 45879, 'Gelsenkirchen', 209, 6880522);
INSERT INTO teilnehmer VALUES (1025, 119, 'Herr', 'Ingo', 'Schroeder', NULL, '5', NULL, 'D', 44, 'Bochum', 171, 58929);
INSERT INTO teilnehmer VALUES (1026, 181, 'Herr', 'Heinz', 'Pilarski', 'Borgmannshof', '8', 'Bulmke-Hüllen', 'D', 45888, 'Gelsenkirchen', 209, 76341);
INSERT INTO teilnehmer VALUES (1027, 275, 'Herr', 'Frank', 'Ehrenberg', 'Mettmanner Str.', '52', 'Mitte', 'D', 42549, 'Velbert', 2051, 736690);
INSERT INTO teilnehmer VALUES (1028, 52, NULL, 'H.', 'Besser', NULL, '202', NULL, 'D', 458, 'Gelsenkirchen', 209, 3983462);
INSERT INTO teilnehmer VALUES (1029, 91, 'Herr', 'Ralf', 'Fontana', NULL, '32', NULL, 'D', 45, 'Essen, Ruhr', 201, 512568);
INSERT INTO teilnehmer VALUES (1030, 210, 'Herr', 'Roland', 'Reteuna', 'Herdweg', '7', NULL, 'D', 89185, 'Hüttisheim', 7305, 71527);
INSERT INTO teilnehmer VALUES (1031, 177, 'Herr', 'Dieter', 'Degner', 'In der Rohde', '89', 'Eppendorf', 'D', 44869, 'Bochum', 2327, 871637);
INSERT INTO teilnehmer VALUES (1032, 237, 'Herr', 'Rainer', 'Rickenbrock', 'Chaudronstr.', '6', 'Rotthausen', 'D', 45884, 'Gelsenkirchen', 209, 67846);
INSERT INTO teilnehmer VALUES (1033, 206, 'Herr', 'Johannes', 'Brinkforth', 'Bernhardstr.', '125', 'Hochemmerich', 'D', 47226, 'Duisburg', 2065, 2471879);
INSERT INTO teilnehmer VALUES (1034, 26, 'Herr', 'Dr. Eugen', 'Barton', 'Hülser Str.', '405', 'Buer', 'D', 45894, 'Gelsenkirchen', 209, 5326216);
INSERT INTO teilnehmer VALUES (1035, 2, 'Frau', 'Christa', 'Est', 'Unterstr.', '45', 'Langendreer', 'D', 44892, 'Bochum', 234, 638261);
INSERT INTO teilnehmer VALUES (1036, 233, 'Herr', 'Johann', 'Geldermann', 'Stöckstr.', '26', 'Aldenrade', 'D', 47179, 'Duisburg', 203, 450815);
INSERT INTO teilnehmer VALUES (1037, 237, 'Frau', 'Inge', 'Beßling', 'Friedrich-Ebert-Str.', '186', 'Mitte', 'D', 42549, 'Velbert', 2051, 3600555);
INSERT INTO teilnehmer VALUES (1038, 34, 'Herr', 'August', 'Chrzon', 'Tulpenweg', '107', 'Birth', 'D', 42549, 'Velbert', 2051, 1209090);
INSERT INTO teilnehmer VALUES (1039, 175, 'Herr', 'Karl-Heinz', 'Balsmeier', 'Oberstr.', '38a', NULL, 'D', 51149, 'Köln', 2203, 7693942);
INSERT INTO teilnehmer VALUES (1040, 205, 'Frau', 'Brigitte', 'Feldhordt', 'Urftstr.', '40', NULL, 'D', 50996, 'Köln', 221, 593296);
INSERT INTO teilnehmer VALUES (1041, 134, 'Firma', 'M.', 'Gläser', 'Dorstener Str.', '23', 'Hamme', 'D', 44809, 'Bochum', 234, 398460);
INSERT INTO teilnehmer VALUES (1042, 273, 'Herr', 'Martin', 'Abel', 'Waldstr.', '9b', NULL, 'D', 74749, 'Rosenberg, Baden', 6295, 75079936);
INSERT INTO teilnehmer VALUES (1043, 158, NULL, 'H.', 'Fischer', 'Bärenkampstr.', '35', 'Buer', 'D', 45894, 'Gelsenkirchen', 209, 547422);
INSERT INTO teilnehmer VALUES (1044, 50, 'Herr', 'Volker', 'Fröhner', 'Florastr.', '29', 'Weitmar', 'D', 44795, 'Bochum', 234, 492934);
INSERT INTO teilnehmer VALUES (1045, 155, NULL, 'G.', 'Balz', 'Hagenstr.', '934', 'Buer', 'D', 45894, 'Gelsenkirchen', 209, 5454773);
INSERT INTO teilnehmer VALUES (1046, 194, 'Herr', 'Norbert', 'Gerding', 'I. Parallelstr.', '24', NULL, 'D', 44791, 'Bochum', 234, 430135);
INSERT INTO teilnehmer VALUES (1047, 139, NULL, 'K.', 'Tietje', 'Auf dem Haidchen', '1', 'Welper', 'D', 45527, 'Hattingen, Ruhr', 173, 33684);
INSERT INTO teilnehmer VALUES (1048, NULL, 'Herr', 'Josef', 'Glos', 'Wanner Str.', '22', 'Hamme', 'D', 44809, 'Bochum', 234, 396512);
INSERT INTO teilnehmer VALUES (1049, 212, 'Frau', 'Susanne', 'Jaschinski', NULL, '15', NULL, 'D', 45, 'Essen, Ruhr', 201, 270967);
INSERT INTO teilnehmer VALUES (1050, 153, 'Frau', 'Ilse', 'Frechen', 'Generalstr.', '30', 'Weitmar', 'D', 44795, 'Bochum', 234, 497146);
INSERT INTO teilnehmer VALUES (1051, 160, 'Herr', 'Jürgen', 'Goldhagen', 'Neidenburger Str.', '21', 'Riemke', 'D', 44807, 'Bochum', 234, 390511);
INSERT INTO teilnehmer VALUES (1052, 228, 'Herr', 'Alfred', 'Graser', 'Kurze Reihe', '19', 'Körne', 'D', 44143, 'Dortmund', 231, 355967);
INSERT INTO teilnehmer VALUES (1053, 237, 'Herr', 'Jan', 'Balve', 'Schlägelstr.', '109b', 'Ückendorf', 'D', 45886, 'Gelsenkirchen', 209, 5602854);
INSERT INTO teilnehmer VALUES (1054, 193, 'Herr', 'Romolo', 'Wiengarn', 'Hinter den Höfen', NULL, 'Holthausen', 'D', 40589, 'Düsseldorf', 211, 13932);
INSERT INTO teilnehmer VALUES (1055, 41, 'Herr', 'Walter', 'Naserke', 'Am Knick', '8', 'Gerthe', 'D', 44805, 'Bochum', 234, 82129);
INSERT INTO teilnehmer VALUES (1056, 279, 'Herr', 'Klaus', 'Emrich', 'Haidekamp', '48', 'Ückendorf', 'D', 45886, 'Gelsenkirchen', 209, 686139);
INSERT INTO teilnehmer VALUES (1057, 26, NULL, 'Hikmet', 'Höveler', 'Stahlhauser Str.', '16', 'Innenstadt', 'D', 44793, 'Bochum', 234, 277269);
INSERT INTO teilnehmer VALUES (1058, 250, 'Frau', 'Edith', 'Meisborn', 'Haarholzer Str.', '10', 'Stiepel', 'D', 44797, 'Bochum', 234, 89441);
INSERT INTO teilnehmer VALUES (1059, 168, 'Frau', 'Elisabeth', 'Droste', 'Bulmker Str.', '58', 'Bulmke-Hüllen', 'D', 45888, 'Gelsenkirchen', 209, 772926);
INSERT INTO teilnehmer VALUES (1060, 79, 'Herr', 'Egon', 'Balz', 'Nollenpad', '537', 'Buer', 'D', 45894, 'Gelsenkirchen', 209, 5423762);
INSERT INTO teilnehmer VALUES (1061, 129, 'Herr', 'Hans-Georg', 'Gick', 'Wolfstr.', '23', 'Horst', 'D', 45899, 'Gelsenkirchen', 209, 409106);
INSERT INTO teilnehmer VALUES (1062, 121, 'Herr', 'Markus', 'Sendel', 'Ehrenfeldstr.', '4', 'Wiemelhausen', 'D', 44789, 'Bochum', 172, 54082);
INSERT INTO teilnehmer VALUES (1063, 67, 'Frau', 'Christel', 'Göbel', 'Beisingstr.', '22', 'Riemke', 'D', 44807, 'Bochum', 234, 394867);
INSERT INTO teilnehmer VALUES (1064, 69, 'Herr', 'Jörg-Peter', 'Balser', 'Hammer Str.', '3a', 'Wattenscheid', 'D', 44866, 'Bochum', 2327, 7822511);
INSERT INTO teilnehmer VALUES (1065, 273, 'Herr', 'Bernd', 'Besser', 'Overwegstr.', '200', 'Schalke', 'D', 45881, 'Gelsenkirchen', 209, 3849503);
INSERT INTO teilnehmer VALUES (1066, 71, NULL, 'Heinz-Günter', 'Elsenbruch', 'Auf der Kiekbast', '50', 'Werne', 'D', 44894, 'Bochum', 234, 704614);
INSERT INTO teilnehmer VALUES (1067, 279, 'Frau', 'Olga', 'Maaßhoff', 'Cranger Str.', '12', 'Erle', 'D', 45891, 'Gelsenkirchen', 209, 142413);
INSERT INTO teilnehmer VALUES (1068, 276, 'Herr', 'Alfons', 'Acosta Garcia', 'Ortsring', '943a', NULL, 'D', 36329, 'Romrod', 6636, 9773744);
INSERT INTO teilnehmer VALUES (1069, 131, 'Herr', 'Heinrich', 'Frodermann', 'Römerstr.', '29', 'Derendorf', 'D', 40476, 'Düsseldorf', 211, 493296);
INSERT INTO teilnehmer VALUES (1070, 243, 'Herr', 'Dieter', 'Menke', 'Ehmsenhof', '9', 'Bismarck', 'D', 45889, 'Gelsenkirchen', 209, 84989);
INSERT INTO teilnehmer VALUES (1071, 84, 'Herr', 'Florian', 'Broska', 'Schönbuchstr.', '119', NULL, 'D', 72135, 'Dettenhausen, Württ', 7157, 2335942);
INSERT INTO teilnehmer VALUES (1072, NULL, NULL, 'B.', 'Balter', 'Peterstr.', '24A', 'Neustadt', 'D', 45879, 'Gelsenkirchen', 209, 7221170);
INSERT INTO teilnehmer VALUES (1073, 192, NULL, 'Serijan', 'Schäfer', 'Schirmerstr.', '6', 'Pempelfort', 'D', 40211, 'Düsseldorf', 179, 65213);
INSERT INTO teilnehmer VALUES (1074, 183, 'Herr', 'Jürgen', 'Zimolong', 'Am Ümminger Hang', NULL, 'Langendreer', 'D', 44892, 'Bochum', 234, 5353);
INSERT INTO teilnehmer VALUES (1075, 228, 'Herr', 'Rolf', 'Mandt', 'Raiffeisenstr.', '11', 'Huckingen', 'D', 47259, 'Duisburg', 203, 140713);
INSERT INTO teilnehmer VALUES (1076, 104, 'Frau', 'Maria', 'Filipe', 'Wandelsweg', '36', 'Buer', 'D', 45894, 'Gelsenkirchen', 209, 582386);
INSERT INTO teilnehmer VALUES (1077, 37, 'Herr', 'Heinz', 'Doelle', 'Magdalenenstr.', '75', 'Bismarck', 'D', 45889, 'Gelsenkirchen', 209, 819703);
INSERT INTO teilnehmer VALUES (1078, 64, 'Frau', 'Agnes', 'Gödecke', 'Dammstr.', '22', 'Freisenbruch', 'D', 45279, 'Essen, Ruhr', 201, 394702);
INSERT INTO teilnehmer VALUES (1079, 84, 'Herr', 'Lothar', 'Fox', 'Weitmarer Str.', '31', 'Weitmar', 'D', 44795, 'Bochum', 234, 500908);
INSERT INTO teilnehmer VALUES (1080, 11, 'Herr', 'Peter', 'Janetzki', 'Lütgendortmunder Hellweg', '15', 'Lütgendortmund', 'D', 44388, 'Dortmund', 231, 271374);
INSERT INTO teilnehmer VALUES (1081, 110, 'Herr', 'Christian', 'Zimmermann', 'Hilgenboomstr.', NULL, 'Rotthausen', 'D', 45884, 'Gelsenkirchen', 209, 6264);
INSERT INTO teilnehmer VALUES (1082, 159, 'Herr', 'Rudi', 'Ganzer', 'Herzogstr.', '27', 'Schalke', 'D', 45881, 'Gelsenkirchen', 209, 470644);
INSERT INTO teilnehmer VALUES (1083, 123, NULL, 'Semen', 'Ploch', 'Gabelskamp', '7', 'Bulmke-Hüllen', 'D', 45888, 'Gelsenkirchen', 209, 75339);
INSERT INTO teilnehmer VALUES (1084, 258, 'Frau', 'Erika', 'Meißner', NULL, '10', NULL, 'D', 44, 'Bochum', 234, 88998);
INSERT INTO teilnehmer VALUES (1085, 65, 'Frau', 'Wilma', 'Fischer', 'Paulstr.', '35', 'Wiemelhausen', 'D', 44803, 'Bochum', 234, 570950);
INSERT INTO teilnehmer VALUES (1086, 28, 'Herr', 'Rajmund', 'Semistan', 'Zillertalstr.', '4', 'Riemke', 'D', 44807, 'Bochum', 172, 54746);
INSERT INTO teilnehmer VALUES (1087, 75, 'Herr', 'Dieter', 'Deming', 'Mandelweg', '85', 'Höntrop', 'D', 44869, 'Bochum', 2327, 870201);
INSERT INTO teilnehmer VALUES (1088, 171, 'Frau', 'Marianne', 'Baltasar', NULL, '2A', NULL, 'D', 4552, 'Hattingen, Ruhr', 2324, 7310861);
INSERT INTO teilnehmer VALUES (1089, 87, 'Herr', 'Stephan', 'Mendes', 'Tilsiter Str.', '10', 'Erle', 'D', 45891, 'Gelsenkirchen', 209, 85709);
INSERT INTO teilnehmer VALUES (1090, 136, 'Herr', 'Christian', 'Frieg', 'Dürerstr.', '30', 'Weitmar', 'D', 44795, 'Bochum', 234, 495153);
INSERT INTO teilnehmer VALUES (1091, 101, 'Frau', 'Sofia', 'Gercek', 'Moorkampstr.', '25', 'Heßler', 'D', 45883, 'Gelsenkirchen', 209, 431032);
INSERT INTO teilnehmer VALUES (1092, 110, 'Frau', 'Iris', 'Nolting', 'Bergener Str.', '8', 'Bergen', 'D', 44807, 'Bochum', 234, 78261);
INSERT INTO teilnehmer VALUES (1093, 232, 'Herr', 'Rudolf A.', 'Meese', 'Heistr.', '11', 'Erle', 'D', 45891, 'Gelsenkirchen', 209, 137148);
INSERT INTO teilnehmer VALUES (1094, 92, 'Herr', 'Michael', 'Balz', 'Bulmker Str.', '102A', 'Bulmke-Hüllen', 'D', 45888, 'Gelsenkirchen', 209, 5513535);
INSERT INTO teilnehmer VALUES (1095, 273, 'Frau', 'Ulrike', 'Armgart', 'Braukloh', '50A', 'Rotthausen', 'D', 45884, 'Gelsenkirchen', 209, 8181878);
INSERT INTO teilnehmer VALUES (1096, 278, 'Frau', 'Birgit', 'Fröhlich', 'Florastr.', '29', 'Weitmar', 'D', 44795, 'Bochum', 234, 493133);
INSERT INTO teilnehmer VALUES (1097, 215, 'Herr', 'Ralf', 'Takami', 'Rheinallee', '2', NULL, 'D', 53173, 'Bonn', 179, 36240);
INSERT INTO teilnehmer VALUES (1098, 254, 'Herr', 'Dieter', 'Menne', 'Bickernstr.', '9', 'Bismarck', 'D', 45889, 'Gelsenkirchen', 209, 84436);
INSERT INTO teilnehmer VALUES (1099, 104, 'Herr', 'Ernst', 'Fiebich', 'Krautstr.', '37', 'Neudorf-Süd', 'D', 47057, 'Duisburg', 203, 583394);
INSERT INTO teilnehmer VALUES (1100, NULL, 'Herr', 'Walter', 'Goschau', 'Herner Str.', '20', 'Hamme', 'D', 44809, 'Bochum', 234, 377300);
INSERT INTO teilnehmer VALUES (1101, 231, 'Herr', 'Max', 'Kornadt', 'Brenscheder Str.', '13', 'Wiemelhausen', 'D', 44799, 'Bochum', 234, 210457);
INSERT INTO teilnehmer VALUES (1102, 261, 'Herr', 'Lothar', 'Krah', 'Düsseldorfer Str.', '13', 'Wanheimerort', 'D', 47055, 'Duisburg', 203, 207958);
INSERT INTO teilnehmer VALUES (1103, 131, NULL, 'Heinz-Jörg', 'Sehr', NULL, '4', NULL, 'D', 44, 'Bochum', 173, 56959);
INSERT INTO teilnehmer VALUES (1104, 257, 'Herr', 'Albert', 'Floß', 'Helene-Weber-Weg', '34', 'Buer', 'D', 45894, 'Gelsenkirchen', 209, 522345);
INSERT INTO teilnehmer VALUES (1105, 128, 'Herr', 'Georg', 'Müller', 'Holzdamm', '9', NULL, 'D', 28279, 'Bremen', 421, 82500);
INSERT INTO teilnehmer VALUES (1106, 232, 'Frau', 'Sieglinde', 'Grabosch', 'Theodor-Otte-Str.', '19', 'Beckhausen', 'D', 45897, 'Gelsenkirchen', 209, 370201);
INSERT INTO teilnehmer VALUES (1107, 274, 'Herr', 'Klaus-D.', 'Kauth', 'Hagener Str.', '14', 'Kirchhörde', 'D', 44229, 'Dortmund', 231, 250905);
INSERT INTO teilnehmer VALUES (1108, 213, 'Herr', 'Tobias', 'Ricken', 'Mechtenbergstr.', '6', 'Rotthausen', 'D', 45884, 'Gelsenkirchen', 209, 68189);
INSERT INTO teilnehmer VALUES (1109, 216, 'Herr', 'Andre', 'Brügger', NULL, '118', NULL, 'D', 458, 'Gelsenkirchen', 209, 2127544);
INSERT INTO teilnehmer VALUES (1110, 216, 'Herr', 'Jürgen', 'Fernicola', 'Suntumer Str.', '38', 'Laer', 'D', 44803, 'Bochum', 234, 590330);
INSERT INTO teilnehmer VALUES (1111, 55, 'Frau', 'Helene', 'Kämpfer', 'Hustadtring', '14', 'Querenburg', 'D', 44801, 'Bochum', 234, 264278);
INSERT INTO teilnehmer VALUES (1112, 63, 'Herr', 'Wolfgang', 'Besner', 'Lilienthalstr.', '267', 'Feldmark', 'D', 45883, 'Gelsenkirchen', 209, 4629227);
INSERT INTO teilnehmer VALUES (1113, 96, 'Herr', 'Bruno', 'Baltzer', 'Lärchenweg', '11d', NULL, 'D', 45525, 'Hattingen, Ruhr', 2324, 5801129);
INSERT INTO teilnehmer VALUES (1114, 105, 'Herr', 'Hans', 'Feder', 'Lindengraben', '41', 'Altenbochum', 'D', 44803, 'Bochum', 234, 593813);
INSERT INTO teilnehmer VALUES (1115, 74, 'Frau', 'Margret', 'Brockstädt', 'Richard-Dehmel-Str.', '122', 'Welper', 'D', 45527, 'Hattingen, Ruhr', 2324, 2423333);
INSERT INTO teilnehmer VALUES (1116, 152, 'Frau', 'Erika', 'Beskow', 'Jugendherbergstr.', '301', 'Niederwenigern', 'D', 45529, 'Hattingen, Ruhr', 2324, 4782125);
INSERT INTO teilnehmer VALUES (1117, 115, 'Herr', 'Friedrich', 'Garbas', 'Kurfürstenstr.', '27', 'Feldmark', 'D', 45883, 'Gelsenkirchen', 209, 470442);
INSERT INTO teilnehmer VALUES (1118, 254, 'Frau', 'Nina', 'Uselli', 'Sportstr.', '1', 'Lörick', 'D', 40547, 'Düsseldorf', 211, 32759);
INSERT INTO teilnehmer VALUES (1119, 212, NULL, 'S.', 'Seifer', NULL, '4', NULL, 'D', 458, 'Gelsenkirchen', 172, 55358);
INSERT INTO teilnehmer VALUES (1120, 152, 'Frau', 'Elisabeth', 'Drevermann', 'Schemannstr.', '66', 'Rotthausen', 'D', 45884, 'Gelsenkirchen', 209, 787401);
INSERT INTO teilnehmer VALUES (1121, 72, 'Herr', 'Jacobus', 'Fitzek', 'Ophofstr.', '35', 'Buer', 'D', 45894, 'Gelsenkirchen', 209, 540849);
INSERT INTO teilnehmer VALUES (1122, 102, 'Herr', 'Joachim', 'Karcher', 'Semmeringstr.', '14', 'Buchholz', 'D', 47249, 'Duisburg', 203, 262748);
INSERT INTO teilnehmer VALUES (1123, 182, 'Herr', 'Thomas', 'Szymanski', 'Op de Bredde', '2', 'Bismarck', 'D', 45889, 'Gelsenkirchen', 171, 41012);
INSERT INTO teilnehmer VALUES (1124, 208, 'Herr', 'Engelbert', 'Finster', 'Steinkuhlstr.', '36', 'Wiemelhausen', 'D', 44799, 'Bochum', 234, 578078);
INSERT INTO teilnehmer VALUES (1125, 141, 'Herr', 'René', 'Amore', 'Neue Heimat', '6A', NULL, 'D', 95191, 'Leupoldsgrün', 9292, 9131319);
INSERT INTO teilnehmer VALUES (1126, NULL, 'Herr', 'Gerhard', 'Janke', 'Millöckerstr.', '15', NULL, 'D', 70195, 'Stuttgart', 711, 270984);
INSERT INTO teilnehmer VALUES (1127, 83, 'Frau', 'Anna', 'Angler', 'Bichlstr.', '632a', NULL, 'D', 83334, 'Inzell', 8665, 8907472);
INSERT INTO teilnehmer VALUES (1128, 267, 'Herr', 'Fritz', 'Eweleit', 'Gelsenkirchener Str.', '44', 'Katernberg', 'D', 45327, 'Essen, Ruhr', 201, 630319);
INSERT INTO teilnehmer VALUES (1129, 254, 'Herr', 'Günter', 'Mateblowski', 'Surkampstr.', '11', 'Erle', 'D', 45891, 'Gelsenkirchen', 209, 137602);
INSERT INTO teilnehmer VALUES (1130, 143, 'Herr', 'Hans', 'Fortmann', 'Mylendonkstr.', '31', 'Mittelmeiderich', 'D', 47138, 'Duisburg', 203, 501869);
INSERT INTO teilnehmer VALUES (1131, 104, 'Frau', 'Dorothea', 'Balz', 'Goldbergstr.', '568', 'Buer', 'D', 45894, 'Gelsenkirchen', 209, 5441637);
INSERT INTO teilnehmer VALUES (1132, 23, 'Frau', 'Erika', 'Wurzinger', 'Am Grümerbaum', NULL, 'Hiltrop', 'D', 44805, 'Bochum', 234, 8239);
INSERT INTO teilnehmer VALUES (1133, 17, 'Herr', 'Horst', 'Gärtner', 'Muckstr.', '26', 'Dahlhausen', 'D', 44879, 'Bochum', 234, 465295);
INSERT INTO teilnehmer VALUES (1134, 142, 'Herr', 'Ludwig', 'Gillmann', 'In der Provitze', '23', 'Hofstede', 'D', 44809, 'Bochum', 234, 399789);
INSERT INTO teilnehmer VALUES (1135, 220, 'Herr', 'Egon', 'Gerdemann', 'Akazienstr.', '25', 'Wehofen', 'D', 47179, 'Duisburg', 203, 430853);
INSERT INTO teilnehmer VALUES (1136, 8, NULL, 'A.', 'Lenschen', 'An der Gräfte', '12', 'Erle', 'D', 45891, 'Gelsenkirchen', 209, 145612);
INSERT INTO teilnehmer VALUES (1137, 224, 'Herr', 'Manfred', 'Glomb', 'Sechs-Brüder-Str.', '22', 'Hordel', 'D', 44793, 'Bochum', 234, 397534);
INSERT INTO teilnehmer VALUES (1138, 30, 'Herr', 'Artur', 'Delzer', 'Brinkmannstr.', '86', 'Wiemelhausen', 'D', 44799, 'Bochum', 234, 870267);
INSERT INTO teilnehmer VALUES (1139, 144, 'Herr', 'Dieter', 'Frey', 'Von-der-Mark-Str.', '30', 'Mittelmeiderich', 'D', 47137, 'Duisburg', 203, 495585);
INSERT INTO teilnehmer VALUES (1140, 251, 'Herr', 'Edward', 'Fischer', 'Wasserstr.', '36', 'Altenbochum', 'D', 44803, 'Bochum', 234, 571881);
INSERT INTO teilnehmer VALUES (1141, 109, 'Frau', 'Marion', 'Meister', 'Ortrudstr.', '10', 'Resse', 'D', 45892, 'Gelsenkirchen', 209, 88111);
INSERT INTO teilnehmer VALUES (1142, 248, 'Herr', 'Alexander', 'Eicher', 'Arcostr.', '51', 'Neuasseln', 'D', 44309, 'Dortmund', 231, 727940);
INSERT INTO teilnehmer VALUES (1143, 212, 'Herr', 'Wolfgang', 'Ebke', 'Rübenkamp', '54', 'Wickede', 'D', 44319, 'Dortmund', 231, 764377);
INSERT INTO teilnehmer VALUES (1144, 66, 'Herr', 'Hans', 'Fiesseler', 'Metterkampstr.', '37', 'Scholven', 'D', 45896, 'Gelsenkirchen', 209, 582836);
INSERT INTO teilnehmer VALUES (1145, 61, 'Herr', 'Lothar', 'Beste Ware Ansprechparter: Fra', 'Alte Siedlung', '161', NULL, 'D', 37154, 'Northeim', 5551, 2913390);
INSERT INTO teilnehmer VALUES (1146, 214, 'Herr', 'Herbert', 'Planert', 'Grütershof', '8', 'Bulmke-Hüllen', 'D', 45888, 'Gelsenkirchen', 209, 76027);
INSERT INTO teilnehmer VALUES (1147, 210, 'Herr', 'Heinz-Dieter', 'Baltus', 'Wanner Str.', '16b', 'Bulmke-Hüllen', 'D', 45888, 'Gelsenkirchen', 209, 6049373);
INSERT INTO teilnehmer VALUES (1148, 54, 'Herr', 'Friedrich', 'Malczewski', 'Ilsegasse', '12', 'Erle', 'D', 45891, 'Gelsenkirchen', 209, 140964);
INSERT INTO teilnehmer VALUES (1149, 115, 'Herr', 'Stefan', 'Dudek', 'Auf dem Graskamp', '55', 'Bulmke-Hüllen', 'D', 45888, 'Gelsenkirchen', 209, 770390);
INSERT INTO teilnehmer VALUES (1150, 5, 'Herr', 'Alfons', 'Hörter', 'Nibelungenstr.', '16', 'Innenstadt', 'D', 44793, 'Bochum', 234, 283592);
INSERT INTO teilnehmer VALUES (1151, 204, 'Herr', 'Herbert', 'Drube', 'Holtkamp', '58', 'Ückendorf', 'D', 45886, 'Gelsenkirchen', 209, 772303);
INSERT INTO teilnehmer VALUES (1152, 134, 'Herr', 'Dietmar', 'Swientek', 'Heiligenseestr.', '2', NULL, 'D', 13503, 'Berlin', 30, 44415);
INSERT INTO teilnehmer VALUES (1153, NULL, 'Herr', 'Herbert', 'Fiedler', 'Wenemarstr.', '37', 'Bodelschwingh', 'D', 44357, 'Dortmund', 231, 582950);
INSERT INTO teilnehmer VALUES (1154, 270, 'Herr', 'Norbert', 'Klaczynski', 'Zum Walkmüller', '13', 'Großenbaum', 'D', 47269, 'Duisburg', 203, 230094);
INSERT INTO teilnehmer VALUES (1155, 21, 'Frau', 'Maria', 'Elvers', 'Osterfeldstr.', '49', 'Ückendorf', 'D', 45886, 'Gelsenkirchen', 209, 702966);
INSERT INTO teilnehmer VALUES (1156, 81, 'Herr', 'Harry', 'Besse', 'Hafenstr.', '261', 'Schalke-Nord', 'D', 45881, 'Gelsenkirchen', 209, 4314545);
INSERT INTO teilnehmer VALUES (1157, 189, 'Frau', 'Petra', 'Flügge', 'Honigmannstr.', '33', 'Scholven', 'D', 45896, 'Gelsenkirchen', 209, 520135);
INSERT INTO teilnehmer VALUES (1158, 94, 'Herr', 'Randolph', 'Meier', 'Iltisweg', '10', 'Resser-Mark', 'D', 45892, 'Gelsenkirchen', 209, 136129);
INSERT INTO teilnehmer VALUES (1159, 26, 'Herr', 'Eberhard', 'Dremschak', 'Old Wattsche', '70', 'Wattenscheid', 'D', 44866, 'Bochum', 2327, 797604);
INSERT INTO teilnehmer VALUES (1160, 204, NULL, 'Khaled', 'Richter', 'Schonnebecker Str.', '6', 'Rotthausen', 'D', 45884, 'Gelsenkirchen', 209, 68639);
INSERT INTO teilnehmer VALUES (1161, 14, 'Herr', 'Helmut', 'Drößiger', 'Auf dem Graskamp', '58', 'Bulmke-Hüllen', 'D', 45888, 'Gelsenkirchen', 209, 778326);
INSERT INTO teilnehmer VALUES (1162, 112, 'Herr', 'Wilhelmine', 'Engelhard', 'Unter den Eichen', '47', 'Gerresheim', 'D', 40625, 'Düsseldorf', 211, 681368);
INSERT INTO teilnehmer VALUES (1163, 269, 'Herr', 'Helmut', 'Gerdes', 'Wichernstr.', '24', 'Innenstadt', 'D', 44791, 'Bochum', 234, 430625);
INSERT INTO teilnehmer VALUES (1164, 61, 'Herr', 'Albert', 'Hörnschemeyer', 'Annastr.', '16', 'Innenstadt', 'D', 44793, 'Bochum', 234, 283898);
INSERT INTO teilnehmer VALUES (1165, 96, 'Herr', 'Wilhelm', 'Betge', 'Rothemannstr.', '148', 'Horst', 'D', 45899, 'Gelsenkirchen', 209, 2829732);
INSERT INTO teilnehmer VALUES (1166, 139, 'Herr', 'Fritz', 'Lippe', 'Surkampstr.', '12', 'Erle', 'D', 45891, 'Gelsenkirchen', 209, 144784);
INSERT INTO teilnehmer VALUES (1167, 152, 'Frau', 'Brigitte', 'Bester', 'Alter Zoll', '161', 'Höntrop', 'D', 44867, 'Bochum', 2327, 2862084);
INSERT INTO teilnehmer VALUES (1168, 218, 'Herr', 'Michael', 'Herweg', 'Eppmannsweg', '16', 'Hassel', 'D', 45896, 'Gelsenkirchen', 209, 288001);
INSERT INTO teilnehmer VALUES (1169, 151, 'Herr', 'Günter', 'Friele', 'Westendorfstr.', '30', 'Aplerbeck', 'D', 44287, 'Dortmund', 231, 494566);
INSERT INTO teilnehmer VALUES (1170, 38, 'Frau', 'Hannelore', 'Vorholt', 'Talberger Str.', '1', NULL, 'D', 12359, 'Berlin', 30, 28008);
INSERT INTO teilnehmer VALUES (1171, 172, 'Herr', 'Reinhardt', 'Garnier', 'Grillostr.', '26', 'Schalke', 'D', 45881, 'Gelsenkirchen', 209, 467775);
INSERT INTO teilnehmer VALUES (1172, 31, 'Herr', 'Wolfgang', 'Müller', 'Werfelweg', '9', NULL, 'D', 70437, 'Stuttgart', 711, 82330);
INSERT INTO teilnehmer VALUES (1173, 274, 'Herr', 'Franz', 'Cyron', 'Heistr.', '98', 'Erle', 'D', 45891, 'Gelsenkirchen', 209, 879874);
INSERT INTO teilnehmer VALUES (1174, 109, 'Frau', 'Ilse', 'Balser', 'Heuversstr.', '40a', 'Innenstadt', 'D', 44793, 'Bochum', 234, 7901171);
INSERT INTO teilnehmer VALUES (1175, 37, NULL, 'H.-J.', 'Tahmass', NULL, '2', NULL, 'D', 44, 'Bochum', 179, 37497);
INSERT INTO teilnehmer VALUES (1176, 115, 'Herr', 'Andreas', 'Finis', 'Am Hülsenbusch', '36', 'Wiemelhausen', 'D', 44789, 'Bochum', 234, 581408);
INSERT INTO teilnehmer VALUES (1177, 173, 'Herr', 'Albert', 'Grabert', 'Sutumerfeldstr.', '19', 'Beckhausen', 'D', 45899, 'Gelsenkirchen', 209, 370836);
INSERT INTO teilnehmer VALUES (1178, 97, 'Herr', 'Horst', 'Hochheim', 'Wanheimer Str.', '16', 'Hochfeld', 'D', 47053, 'Duisburg', 203, 285621);
INSERT INTO teilnehmer VALUES (1179, 197, 'Herr', 'Hans-Dieter', 'Heimeshoff', 'Hegerothsweg', '17', 'Beckhausen', 'D', 45897, 'Gelsenkirchen', 209, 320273);
INSERT INTO teilnehmer VALUES (1180, 23, NULL, 'E.', 'Pilgrim', 'Münchener Str.', '8', 'Schalke', 'D', 45881, 'Gelsenkirchen', 209, 76036);
INSERT INTO teilnehmer VALUES (1181, 71, 'Frau', 'Irene', 'Brandt', 'Alter Zoll', '131', 'Höntrop', 'D', 44867, 'Bochum', 2327, 2635326);
INSERT INTO teilnehmer VALUES (1182, NULL, 'Herr', 'Wilhelm', 'Klaassen', 'Königsberger Str.', '13', 'Frohnhausen', 'D', 45145, 'Essen, Ruhr', 201, 230149);
INSERT INTO teilnehmer VALUES (1183, 50, 'Herr', 'Torsten', 'Maxton', 'Ringstr.', '11', 'Altstadt', 'D', 45879, 'Gelsenkirchen', 209, 137149);
INSERT INTO teilnehmer VALUES (1184, 16, NULL, 'D.', 'Gerkens', 'Bewerungestr.', '24', 'Steele', 'D', 45276, 'Essen, Ruhr', 201, 413599);
INSERT INTO teilnehmer VALUES (1185, 241, NULL, 'K.', 'Gädigk', NULL, '28', NULL, 'D', 44, 'Bochum', 234, 474083);
INSERT INTO teilnehmer VALUES (1186, 98, 'Herr', 'Georg', 'Redies', 'Liboriusstr.', '7', 'Schalke', 'D', 45881, 'Gelsenkirchen', 209, 73738);
INSERT INTO teilnehmer VALUES (1187, 119, 'Herr', 'Karl-Heinz', 'Zimmermann', 'Am Gröppersweg', NULL, 'Langendreer', 'D', 44894, 'Bochum', 234, 5574);
INSERT INTO teilnehmer VALUES (1188, 202, 'Herr', 'Ernst-Joachim', 'Clever', 'Pappelweg', '105', 'Eppendorf', 'D', 44869, 'Bochum', 2327, 969449);
INSERT INTO teilnehmer VALUES (1189, 27, 'Herr', 'Heinz-Peter', 'Kandel', 'Gropiusweg', '14', 'Querenburg', 'D', 44801, 'Bochum', 234, 263796);
INSERT INTO teilnehmer VALUES (1190, 222, 'Herr', 'Klaus-Peter', 'Freitag', 'Bärendorfer Str.', '30', 'Weitmar', 'D', 44795, 'Bochum', 234, 496246);
INSERT INTO teilnehmer VALUES (1191, 237, 'Herr', 'Karl-Heinz', 'Damaske', 'Winkelmannshof', '93', 'Erle', 'D', 45891, 'Gelsenkirchen', 209, 877010);
INSERT INTO teilnehmer VALUES (1192, 46, 'Frau', 'Uschi', 'Zuhorn', NULL, NULL, NULL, 'D', 458, 'Gelsenkirchen', 209, 1401);
INSERT INTO teilnehmer VALUES (1193, 247, 'Herr', 'Peter', 'Adam', 'Hombergsegge', '7a', 'Niederwenigern', 'D', 45529, 'Hattingen, Ruhr', 2324, 9388655);
INSERT INTO teilnehmer VALUES (1194, 133, 'Herr', 'Dieter', 'Funk', 'Hattinger Str.', '28', 'Weitmar', 'D', 44795, 'Bochum', 234, 490396);
INSERT INTO teilnehmer VALUES (1195, 71, 'Frau', 'Maria', 'Bestek', 'Kufsteiner Str.', '161', 'Horst', 'D', 45899, 'Gelsenkirchen', 209, 2904860);
INSERT INTO teilnehmer VALUES (1196, 68, 'Herr', 'Wilhelm', 'Escher', 'Bonifatiusstr.', '45', 'Langendreer', 'D', 44892, 'Bochum', 234, 638326);
INSERT INTO teilnehmer VALUES (1197, 123, 'Herr', 'Walter', 'Hagen', 'Flutgrabenweg', '17', 'Buer', 'D', 45897, 'Gelsenkirchen', 209, 331337);
INSERT INTO teilnehmer VALUES (1198, 202, 'Herr', 'Franz', 'Bunde', 'Neurottstr.', '115', NULL, 'D', 68775, 'Ketsch, Rhein', 6202, 1706937);
INSERT INTO teilnehmer VALUES (1199, 138, 'Herr', 'Hartwig', 'Meier', 'Gräftenhof', '10', 'Erle', 'D', 45891, 'Gelsenkirchen', 209, 135761);
INSERT INTO teilnehmer VALUES (1200, 243, 'Herr', 'Frank', 'Dreßler', 'Rotthauser Str.', '68', 'Rotthausen', 'D', 45884, 'Gelsenkirchen', 209, 789825);
INSERT INTO teilnehmer VALUES (1201, 236, 'Herr', 'Heinz', 'Fern', 'Gneisenaustr.', '38', 'Neudorf-Nord', 'D', 47057, 'Duisburg', 203, 591047);
INSERT INTO teilnehmer VALUES (1202, 131, NULL, 'F.', 'Dressler', 'Wiehagen', '68', 'Rotthausen', 'D', 45884, 'Gelsenkirchen', 209, 789689);
INSERT INTO teilnehmer VALUES (1203, 85, NULL, 'G.', 'Meiritz', 'Westerdorfstr.', '10', 'Altenessen-Süd', 'D', 45326, 'Essen, Ruhr', 201, 92079);
INSERT INTO teilnehmer VALUES (1204, 73, NULL, 'W.', 'Führ', 'Hattinger Str.', '28', 'Linden', 'D', 44879, 'Bochum', 234, 491773);
INSERT INTO teilnehmer VALUES (1205, 56, 'Herr', 'Fritz', 'Föth', 'Weitmarer Str.', '31', 'Weitmar', 'D', 44795, 'Bochum', 234, 501185);
INSERT INTO teilnehmer VALUES (1206, 134, 'Frau', 'Inge', 'Fuchs', 'Am Sonnenberg', '28', 'Linden', 'D', 44879, 'Bochum', 234, 491877);
INSERT INTO teilnehmer VALUES (1207, 140, 'Herr', 'Alois', 'Dora', 'In der Delle', '73', 'Winz-Baak', 'D', 45529, 'Hattingen, Ruhr', 2324, 814338);
INSERT INTO teilnehmer VALUES (1208, 124, NULL, 'M.', 'Weigand', 'Wittener Str.', '1', 'Innenstadt', 'D', 44789, 'Bochum', 234, 22755);
INSERT INTO teilnehmer VALUES (1209, 168, 'Herr', 'Ralf', 'Bauer', 'Bülsestr.', '382', 'Scholven', 'D', 45896, 'Gelsenkirchen', 209, 5229640);
INSERT INTO teilnehmer VALUES (1210, 162, 'Frau', 'Bettina', 'Pörschke', 'Erdbrüggenstr.', '7', 'Bismarck', 'D', 45889, 'Gelsenkirchen', 209, 74321);
INSERT INTO teilnehmer VALUES (1211, 175, 'Herr', 'Karl-Heinz', 'Gierth', 'Grabbestr.', '23', 'Horst', 'D', 45899, 'Gelsenkirchen', 209, 403835);
INSERT INTO teilnehmer VALUES (1212, 198, 'Herr', 'Peter', 'Bock', 'Ekhofstr.', '139', 'Beckhausen', 'D', 45897, 'Gelsenkirchen', 209, 2799116);
INSERT INTO teilnehmer VALUES (1213, 249, 'Herr', 'Wolfgang', 'Kreutz', 'Oberbilker Allee', '13', 'Oberbilk', 'D', 40227, 'Düsseldorf', 211, 206569);
INSERT INTO teilnehmer VALUES (1214, 161, 'Herr', 'Karl-Heinz', 'Beck', 'Bannizastr.', '381', 'Buer', 'D', 45894, 'Gelsenkirchen', 209, 5186576);
INSERT INTO teilnehmer VALUES (1215, 265, 'Frau', 'Vera', 'Besser', 'Laarmannshof', '199', 'Feldmark', 'D', 45883, 'Gelsenkirchen', 209, 3849276);
INSERT INTO teilnehmer VALUES (1216, NULL, 'Herr', 'Reinhold', 'Bete Deutschland GmbH', 'Markenstr.', '149', 'Horst', 'D', 45899, 'Gelsenkirchen', 209, 2832172);
INSERT INTO teilnehmer VALUES (1217, 127, 'Herr', 'Ralph', 'Votschel', 'Delbrückstr.', '1', NULL, 'D', 12051, 'Berlin', 30, 25726);
INSERT INTO teilnehmer VALUES (1218, NULL, 'Frau', 'Edith', 'Dressler', 'Redtenbacherstr.', '69', 'Mitte', 'D', 44139, 'Dortmund', 231, 791196);
INSERT INTO teilnehmer VALUES (1219, 6, 'Herr', 'Werner', 'Georg', 'Axstr.', '25', 'Linden', 'D', 44879, 'Bochum', 234, 431558);
INSERT INTO teilnehmer VALUES (1220, 129, 'Frau', 'Walburga', 'Besirevic', 'Rosenstr.', '305', 'Sölde', 'D', 44289, 'Dortmund', 231, 4790796);
INSERT INTO teilnehmer VALUES (1221, 108, 'Herr', 'Arno', 'Bartsch', 'Heimatring', '404', NULL, 'D', 96450, 'Coburg', 9561, 5311752);
INSERT INTO teilnehmer VALUES (1222, 162, 'Herr', 'Manfred', 'Balthasar', 'Mettmanner Str.', '20a', 'Mitte', 'D', 42549, 'Velbert', 2051, 6994613);
INSERT INTO teilnehmer VALUES (1223, 273, 'Frau', 'Margret', 'Drevermann', 'Bromberger Str.', '66', 'Rotthausen', 'D', 45884, 'Gelsenkirchen', 209, 785800);
INSERT INTO teilnehmer VALUES (1224, 49, 'Herr', 'Rainer', 'Fazlic', 'Graitengraben', '41', 'Altenessen-Süd', 'D', 45326, 'Essen, Ruhr', 201, 593910);
INSERT INTO teilnehmer VALUES (1225, 139, 'Frau', 'Birgit', 'Franke', 'Tewaagstr.', '31', 'Mitte', 'D', 44141, 'Dortmund', 231, 498966);
INSERT INTO teilnehmer VALUES (1226, 3, 'Herr', 'Ertan', 'Hennies', 'Polsumer Str.', '16', 'Hassel', 'D', 45896, 'Gelsenkirchen', 209, 291240);
INSERT INTO teilnehmer VALUES (1227, NULL, 'Herr', 'Gerhard u. Erich', 'Ertmann', 'Siebenplaneten', '46', 'Langendreer', 'D', 44892, 'Bochum', 234, 639894);
INSERT INTO teilnehmer VALUES (1228, 277, 'Frau', 'Erika', 'Dahle', 'Knappenstr.', '95', 'Wiemelhausen', 'D', 44799, 'Bochum', 234, 877845);
INSERT INTO teilnehmer VALUES (1229, 162, 'Herr', 'Andreas', 'Fährmann', 'Langes Hof', '43', 'Wattenscheid', 'D', 44866, 'Bochum', 2327, 597109);
INSERT INTO teilnehmer VALUES (1230, 89, 'Herr', 'Ludwig', 'Eckert', 'Heinrich-Gustav-Str.', '53', 'Werne', 'D', 44894, 'Bochum', 234, 756528);
INSERT INTO teilnehmer VALUES (1231, 276, 'Frau', 'Elke', 'Syren', 'Miltenberger Weg', '2', NULL, 'D', 13189, 'Berlin', 30, 42834);
INSERT INTO teilnehmer VALUES (1232, 266, 'Frau', 'Vanessa', 'Weidel', 'Blitzstr.', '1', 'Dellwig', 'D', 45357, 'Essen, Ruhr', 201, 23488);
INSERT INTO teilnehmer VALUES (1233, 148, 'Frau', 'Petra', 'Zander', 'Gerther Str.', NULL, 'Gerthe', 'D', 44805, 'Bochum', 234, 7748);
INSERT INTO teilnehmer VALUES (1234, 143, NULL, '', 'Senger', 'Maximilian-Kolbe-Str.', '4', 'Innenstadt', 'D', 44793, 'Bochum', 172, 53886);
INSERT INTO teilnehmer VALUES (1235, 254, 'Herr', 'Andrzej', 'Supernok', 'Liboriusstr.', '3', 'Schalke', 'D', 45881, 'Gelsenkirchen', 209, 47123);
INSERT INTO teilnehmer VALUES (1236, 99, 'Herr', 'Helmut', 'Adam', 'Nahestr.', '86a', 'Kettwig', 'D', 45219, 'Essen, Ruhr', 2054, 9584690);
INSERT INTO teilnehmer VALUES (1237, 230, 'Herr', 'Michael', 'Glotz', 'Kopernikusstr.', '22', NULL, 'D', 65193, 'Wiesbaden', 611, 395964);
INSERT INTO teilnehmer VALUES (1238, 136, 'Herr', 'Günter', 'Hövel', 'Kortumstr.', '16', 'Innenstadt', 'D', 44787, 'Bochum', 234, 280345);
INSERT INTO teilnehmer VALUES (1239, 44, 'Herr', 'Dr. med. Klaus-Diete', 'Naß', 'Grummer Str.', '8', NULL, 'D', 44809, 'Bochum', 234, 82103);
INSERT INTO teilnehmer VALUES (1240, 41, 'Frau', 'Luciano', 'Baltz', 'Sellhorststr.', '146c', 'Altstadt', 'D', 45879, 'Gelsenkirchen', 209, 5980400);
INSERT INTO teilnehmer VALUES (1241, 55, 'Herr', 'Johannes', 'Douma', 'Brunostr.', '71', 'Bismarck', 'D', 45889, 'Gelsenkirchen', 209, 799677);
INSERT INTO teilnehmer VALUES (1242, 31, 'Herr', 'Dirk', 'Wengler', 'Potsdamer Str.', NULL, 'Hassels', 'D', 40599, 'Düsseldorf', 211, 20205);
INSERT INTO teilnehmer VALUES (1243, 195, 'Herr', 'Helmut', 'Paczenski', 'Margaretenstr.', '8', 'Bulmke-Hüllen', 'D', 45888, 'Gelsenkirchen', 209, 76635);
INSERT INTO teilnehmer VALUES (1244, 24, 'Frau', 'Irmgard', 'Ferdin', 'Gneisenaustr.', '38', 'Neudorf-Süd', 'D', 47057, 'Duisburg', 203, 591147);
INSERT INTO teilnehmer VALUES (1245, 168, 'Herr', 'Udo', 'Schlösser', 'Weststr.', '5', 'Erle', 'D', 45891, 'Gelsenkirchen', 170, 63632);
INSERT INTO teilnehmer VALUES (1246, 169, 'Frau', 'Magrit', 'Legrand', 'Auf dem Rücken', '12', 'Höntrop', 'D', 44869, 'Bochum', 2327, 201143);
INSERT INTO teilnehmer VALUES (1247, 142, 'Frau', 'Susanne', 'Balt', 'Märkische Str.', '2a', 'Wattenscheid', 'D', 44866, 'Bochum', 2327, 7391961);
INSERT INTO teilnehmer VALUES (1248, 263, NULL, 'Admir', 'Arndt', 'Präsidentstr.', '49g', 'Innenstadt', 'D', 44787, 'Bochum', 234, 8084252);
INSERT INTO teilnehmer VALUES (1249, 95, 'Herr', 'Walter', 'Heinke', 'Hermann-Duncker-Str.', '17', NULL, 'D', 6886, 'Lutherstadt Wittenberg', 3491, 313529);
INSERT INTO teilnehmer VALUES (1250, 68, 'Herr', 'Michael', 'Dörwald', 'Scherberger Str.', '72', NULL, 'D', 52146, 'Würselen', 2405, 812171);
INSERT INTO teilnehmer VALUES (1251, 4, 'Frau', 'Adelheid', 'Filbrandt', 'Feldhauser Str.', '36', 'Scholven', 'D', 45896, 'Gelsenkirchen', 209, 582565);
INSERT INTO teilnehmer VALUES (1252, NULL, 'Frau', 'Margret', 'Gant', 'Gewerkenstr.', '27', 'Schalke', 'D', 45881, 'Gelsenkirchen', 209, 470990);
INSERT INTO teilnehmer VALUES (1253, 115, 'Herr', 'Dietmar', 'Marchewka', 'Bruchwiesenweg', '11', 'Erle', 'D', 45891, 'Gelsenkirchen', 209, 139410);
INSERT INTO teilnehmer VALUES (1254, 97, 'Herr', 'Ahmet', 'Skrzeba', 'Egidestr.', '3', 'Langendreer', 'D', 44892, 'Bochum', 234, 52430);
INSERT INTO teilnehmer VALUES (1255, 41, 'Herr', 'Herbert', 'Steinbiß', 'Leverkuser Str.', '3', 'Wersten', 'D', 40591, 'Düsseldorf', 170, 51266);
INSERT INTO teilnehmer VALUES (1256, 105, 'Herr', 'Helmut', 'Falkowski', 'Hubertusstr.', '42', 'Wiemelhausen', 'D', 44789, 'Bochum', 234, 596220);
INSERT INTO teilnehmer VALUES (1257, 210, 'Frau', 'Lucia', 'Henk', 'Spindelstr.', '17', 'Hassel', 'D', 45896, 'Gelsenkirchen', 209, 295927);
INSERT INTO teilnehmer VALUES (1258, 234, 'Herr', 'Frank', 'Rosslan', 'Ückendorfer Str.', '6', 'Ückendorf', 'D', 45886, 'Gelsenkirchen', 209, 66498);
INSERT INTO teilnehmer VALUES (1259, 110, NULL, 'Hans-Jürgen', 'Dahlbeck', 'Langacker', '95', 'Höntrop', 'D', 44869, 'Bochum', 2327, 877888);
INSERT INTO teilnehmer VALUES (1260, 117, 'Herr', 'Wilhelm', 'Meißner', 'Düsterstr.', '10', 'Stiepel', 'D', 44797, 'Bochum', 234, 88507);
INSERT INTO teilnehmer VALUES (1261, 229, 'Frau', 'Irmgard', 'Asbeck', 'Johannesstr.', '46b', 'Wattenscheid', 'D', 44866, 'Bochum', 2327, 7948728);
INSERT INTO teilnehmer VALUES (1262, 46, 'Herr', 'Manfred', 'Deininger', 'Nesselrodeweg', '88', 'Erle', 'D', 45891, 'Gelsenkirchen', 209, 871569);
INSERT INTO teilnehmer VALUES (1263, 176, 'Herr', 'Christian', 'Müller', 'Konrad-Adenauer-Str.', '9', 'Neviges', 'D', 42553, 'Velbert', 2053, 82417);
INSERT INTO teilnehmer VALUES (1264, 23, 'Herr', 'Reinhard', 'Eschenbach', 'Bremsstr.', '45', 'Lanstrop', 'D', 44329, 'Dortmund', 231, 639538);
INSERT INTO teilnehmer VALUES (1265, 78, 'Herr', 'Heinrich', 'Adam', 'Domplatz', '6F', 'Niederwenigern', 'D', 45529, 'Hattingen, Ruhr', 2324, 9314325);
INSERT INTO teilnehmer VALUES (1266, 209, 'Herr', 'Dietmar', 'Deutschendorf', 'Robert-Bosch-Str.', '81', NULL, 'D', 42489, 'Wülfrath', 2058, 861260);
INSERT INTO teilnehmer VALUES (1267, 45, 'Frau', 'Nicole', 'Kiel', NULL, '14', NULL, 'D', 45, 'Essen, Ruhr', 201, 231587);
INSERT INTO teilnehmer VALUES (1268, 155, 'Herr', 'Heinz', 'Adam GmbH, Udo', 'Zum Park', '6a', NULL, 'D', 32130, 'Enger, Westf', 5224, 9230726);
INSERT INTO teilnehmer VALUES (1269, 250, 'Herr', 'Gregor', 'Besse', 'Feldmarkstr.', '261', 'Feldmark', 'D', 45883, 'Gelsenkirchen', 209, 4541922);
INSERT INTO teilnehmer VALUES (1270, 254, 'Herr', 'Heinz', 'Elmer', 'Iserlohner Str.', '50', 'Langendreer', 'D', 44894, 'Bochum', 234, 715555);
INSERT INTO teilnehmer VALUES (1271, 111, 'Herr', 'Horst', 'Voß', 'Timmerbrinksweg', '1', 'Hassel', 'D', 45896, 'Gelsenkirchen', 209, 26869);
INSERT INTO teilnehmer VALUES (1272, 86, 'Herr', 'Udo', 'Erler', 'Alte Bahnhofstr.', '46', 'Langendreer', 'D', 44892, 'Bochum', 234, 661751);
INSERT INTO teilnehmer VALUES (1273, 163, 'Frau', 'Brigitte', 'Falk', 'Isenbrockstr.', '42', 'Westenfeld', 'D', 44867, 'Bochum', 2327, 596395);
INSERT INTO teilnehmer VALUES (1274, 229, NULL, 'B.', 'Ewers', NULL, '44', NULL, 'D', 44, 'Bochum', 234, 630255);
INSERT INTO teilnehmer VALUES (1275, 243, 'Herr', 'Manfred', 'Besl', 'Lothsfeldstr.', '285', 'Friemersheim', 'D', 47229, 'Duisburg', 2065, 4750060);
INSERT INTO teilnehmer VALUES (1276, 16, 'Herr', 'Erich', 'Senft', 'Bongardstr.', '4', 'Innenstadt', 'D', 44787, 'Bochum', 172, 53935);
INSERT INTO teilnehmer VALUES (1277, 141, 'Herr', 'Heinz', 'Dykta', 'Rütgerstr.', '55', 'Eller', 'D', 40229, 'Düsseldorf', 211, 768889);
INSERT INTO teilnehmer VALUES (1278, NULL, 'Frau', 'Gertrud', 'Gransow', 'Schaffrathstr.', '19', 'Beckhausen', 'D', 45897, 'Gelsenkirchen', 209, 358006);
INSERT INTO teilnehmer VALUES (1279, 89, 'Herr', 'Günter', 'Finger', 'Linnefantstr.', '36', 'Buer', 'D', 45894, 'Gelsenkirchen', 209, 581491);
INSERT INTO teilnehmer VALUES (1280, 173, 'Herr', 'Georg', 'Plöger', 'Hölderlinstr.', '7', 'Bismarck', 'D', 45889, 'Gelsenkirchen', 209, 75238);
INSERT INTO teilnehmer VALUES (1281, 221, 'Herr', 'Herbert', 'Baltzer', 'Auf dem Graskamp', '11c', 'Bulmke-Hüllen', 'D', 45888, 'Gelsenkirchen', 209, 5801061);
INSERT INTO teilnehmer VALUES (1282, 17, 'Frau', 'Ute', 'Dorra', 'Werdener Str.', '73', 'Mitte', 'D', 42551, 'Velbert', 2051, 813085);
INSERT INTO teilnehmer VALUES (1283, 104, 'Frau', 'Gertrud', 'Meißner', 'Haarholzer Str.', '10', 'Stiepel', 'D', 44797, 'Bochum', 234, 88886);
INSERT INTO teilnehmer VALUES (1284, 41, 'Frau', 'Ulrike', 'Gelbhaar', 'Kurt-Schumacher-Str.', '26', 'Schalke', 'D', 45881, 'Gelsenkirchen', 209, 451354);
INSERT INTO teilnehmer VALUES (1285, 72, 'Herr', 'Alfred', 'Drewniok', 'Wanner Str.', '63', 'Bulmke-Hüllen', 'D', 45888, 'Gelsenkirchen', 209, 782939);
INSERT INTO teilnehmer VALUES (1286, 228, 'Herr', 'Stefan', 'Seibt', 'Ortelsburger Str.', '4', 'Buer', 'D', 45897, 'Gelsenkirchen', 172, 56559);
INSERT INTO teilnehmer VALUES (1287, 15, 'Herr', 'Knut', 'Giebe', 'Fürstenbergstr.', '23', 'Horst', 'D', 45899, 'Gelsenkirchen', 209, 408652);
INSERT INTO teilnehmer VALUES (1288, 64, 'Herr', 'Werner', 'Foit', 'Schumannstr.', '33', 'Rumeln-Kaldenhausen', 'D', 47239, 'Duisburg', 2151, 514547);
INSERT INTO teilnehmer VALUES (1289, 178, 'Frau', 'Erika', 'Enderle', 'Chemnitzer Str.', '48', 'Vennhausen', 'D', 40627, 'Düsseldorf', 211, 683840);
INSERT INTO teilnehmer VALUES (1290, 249, NULL, 'E.', 'Ehrhardt', 'Friedrichstr.', '51', 'Mitte', 'D', 42551, 'Velbert', 2051, 735910);
INSERT INTO teilnehmer VALUES (1291, 151, NULL, 'Th.', 'Dignaß', 'Hespertal', '79', 'Mitte', 'D', 42551, 'Velbert', 2051, 852769);
INSERT INTO teilnehmer VALUES (1292, 90, 'Herr', 'Alexander', 'Besser', 'Theodor-Storm-Str.', '202', NULL, 'D', 33378, 'Rheda-Wiedenbrück', 5242, 4060075);
INSERT INTO teilnehmer VALUES (1293, 233, 'Herr', 'Wilhelm', 'Doering', 'Gabelskamp', '75', 'Bulmke-Hüllen', 'D', 45888, 'Gelsenkirchen', 209, 818899);
INSERT INTO teilnehmer VALUES (1294, 236, 'Herr', 'Werner', 'Löbert', 'Buchenstr.', '12', 'Resse', 'D', 45892, 'Gelsenkirchen', 209, 143183);
INSERT INTO teilnehmer VALUES (1295, 129, 'Frau', 'Hilde', 'Dosedal', 'Paracelsusstr.', '72', 'Mitte', 'D', 42549, 'Velbert', 2051, 812115);
INSERT INTO teilnehmer VALUES (1296, 203, 'Herr', 'Peter', 'Adali', 'An der Hudau', '8a', NULL, 'D', 24576, 'Bad Bramstedt', 4192, 9731485);
INSERT INTO teilnehmer VALUES (1297, 267, 'Herr', 'Siegfried', 'Henschek', 'Velsenstr.', '16', 'Buer', 'D', 45894, 'Gelsenkirchen', 209, 288604);
INSERT INTO teilnehmer VALUES (1298, 240, 'Herr', 'Werner', 'Kicinski', 'Scheideweg', '14', 'Wersten', 'D', 40591, 'Düsseldorf', 211, 232596);
INSERT INTO teilnehmer VALUES (1299, 279, 'Herr', 'Hans-Joachim', 'Hübbertz', 'Vereinsstr.', '16', 'Hamme', 'D', 44793, 'Bochum', 234, 274345);
INSERT INTO teilnehmer VALUES (1300, 231, 'Herr', 'Alfred', 'Dames', 'Grenzstr.', '93', 'Eppendorf', 'D', 44869, 'Bochum', 2327, 876848);
INSERT INTO teilnehmer VALUES (1301, 126, 'Herr', 'Meinhold', 'Pielok', 'Krachtstr.', '8', 'Bismarck', 'D', 45889, 'Gelsenkirchen', 209, 76416);
INSERT INTO teilnehmer VALUES (1302, 1, 'Herr', 'Dietrich', 'Koll', 'Burscheider Str.', '13', 'Wersten', 'D', 40591, 'Düsseldorf', 211, 211677);
INSERT INTO teilnehmer VALUES (1303, 119, 'Herr', 'Josef', 'Fels', 'Holteistr.', '39', 'Neudorf-Nord', 'D', 47057, 'Duisburg', 203, 592618);
INSERT INTO teilnehmer VALUES (1304, NULL, 'Herr', 'Florian', 'Bergmann', 'Droste-Hülshoff-Str.', '305', 'Buer', 'D', 45894, 'Gelsenkirchen', 209, 4880106);
INSERT INTO teilnehmer VALUES (1305, 32, 'Herr', 'Stefanie', 'Uerling', 'Schmalhorststr.', '1', 'Horst', 'D', 45899, 'Gelsenkirchen', 173, 32862);
INSERT INTO teilnehmer VALUES (1306, 179, 'Herr', 'Volker', 'Fernholz', 'Sägeberg', '38', NULL, 'D', 25548, 'Rosdorf, Holstein', 4822, 590677);
INSERT INTO teilnehmer VALUES (1307, 184, 'Herr', 'Hubert', 'Zopp', 'Paßmannstr.', NULL, 'Beckhausen', 'D', 45899, 'Gelsenkirchen', 209, 3290);
INSERT INTO teilnehmer VALUES (1308, 77, 'Herr', 'Dino', 'Fork', 'Hattinger Str.', '32', 'Linden', 'D', 44879, 'Bochum', 234, 511155);
INSERT INTO teilnehmer VALUES (1309, 135, 'Frau', 'Sabine', 'Nieder', 'Castroper Hellweg', '8', 'Gerthe', 'D', 44805, 'Bochum', 234, 82071);
INSERT INTO teilnehmer VALUES (1310, 83, 'Herr', 'Bennet', 'Felske', 'Goyer Busch', '39', 'Altenbochum', 'D', 44803, 'Bochum', 234, 591945);
INSERT INTO teilnehmer VALUES (1311, NULL, 'Herr', 'Willy', 'Feuersaenger', 'Scheideweg', '37', 'Scholven', 'D', 45896, 'Gelsenkirchen', 209, 585748);
INSERT INTO teilnehmer VALUES (1312, 15, 'Herr', 'Helmut', 'Föh', 'Am Kapellenufer', '33', 'Sölde', 'D', 44289, 'Dortmund', 231, 516227);
INSERT INTO teilnehmer VALUES (1313, 58, 'Herr', 'Karl', 'Dressel', 'Bochumer Str.', '69', 'Wattenscheid', 'D', 44866, 'Bochum', 2327, 795583);
INSERT INTO teilnehmer VALUES (1314, 180, 'Frau', 'Elke', 'Kloß', 'Grünkottenstr.', '13', 'Großenbaum', 'D', 47269, 'Duisburg', 203, 214006);
INSERT INTO teilnehmer VALUES (1315, 175, NULL, 'Yves', 'Punkt', 'Ziegelgasse', '7', NULL, 'D', 64395, 'Brensbach', 6161, 74125);
INSERT INTO teilnehmer VALUES (1316, 136, 'Frau', 'Maria', 'Balte', 'Mettmanner Str.', '252a', 'Mitte', 'D', 42551, 'Velbert', 2051, 7260559);
INSERT INTO teilnehmer VALUES (1317, 233, 'Frau', 'Marian', 'Kolk', 'Werstener Dorfstr.', '13', 'Wersten', 'D', 40591, 'Düsseldorf', 211, 212588);
INSERT INTO teilnehmer VALUES (1318, 27, 'Herr', 'Michael', 'Schröder', 'Im Spaten', '5', 'Ückendorf', 'D', 45886, 'Gelsenkirchen', 173, 59072);
INSERT INTO teilnehmer VALUES (1319, 212, 'Frau', 'Anna', 'Baltruweit', 'Wanner Str.', '17b', 'Bulmke-Hüllen', 'D', 45888, 'Gelsenkirchen', 209, 6256300);
INSERT INTO teilnehmer VALUES (1320, 69, NULL, 'Stonica', 'Ehmke', 'Viehofer Platz', '52', 'Stadtkern', 'D', 45127, 'Essen, Ruhr', 201, 737783);
INSERT INTO teilnehmer VALUES (1321, 30, 'Frau', 'Magdalene', 'Mantel', 'Lärchenstr.', '11', 'Resse', 'D', 45892, 'Gelsenkirchen', 209, 139506);
INSERT INTO teilnehmer VALUES (1322, 12, 'Herr', 'Olaf', 'Gmyrek', 'In der Voßbank', '22', 'Hofstede', 'D', 44809, 'Bochum', 234, 395176);
INSERT INTO teilnehmer VALUES (1323, 60, NULL, 'E.', 'Zöllig', NULL, NULL, NULL, 'D', 44, 'Bochum', 234, 3421);
INSERT INTO teilnehmer VALUES (1324, 243, 'Frau', 'Ingeburg', 'Fröhlich', 'Lennéstr.', '29', NULL, 'D', 40477, 'Düsseldorf', 211, 493133);
INSERT INTO teilnehmer VALUES (1325, NULL, 'Frau', 'Irmgard', 'Gerdes', 'Josephinenstr.', '24', 'Grumme', 'D', 44791, 'Bochum', 234, 430253);
INSERT INTO teilnehmer VALUES (1326, 80, 'Herr', 'Paul', 'Meinker', 'Grazer Str.', '10', 'Buchholz', 'D', 47249, 'Duisburg', 203, 101739);
INSERT INTO teilnehmer VALUES (1327, 191, 'Herr', 'Horst', 'Dotter', 'Josefinenstr.', '71', 'Schalke-Nord', 'D', 45881, 'Gelsenkirchen', 209, 803199);
INSERT INTO teilnehmer VALUES (1328, 99, 'Herr', 'Josef', 'Dell', 'Markstr.', '86', 'Wiemelhausen', 'D', 44801, 'Bochum', 234, 870915);
INSERT INTO teilnehmer VALUES (1329, 82, 'Herr', 'Georg', 'Balster', 'Am Roderkamp', '36C', NULL, 'D', 54298, 'Igel', 6501, 7491440);
INSERT INTO teilnehmer VALUES (1330, 13, 'Frau', 'Gisela', 'Rüttgers', 'Ringstr.', '6', 'Altstadt', 'D', 45879, 'Gelsenkirchen', 209, 66382);
INSERT INTO teilnehmer VALUES (1331, 77, 'Herr', 'Ulrich', 'Möller', 'Alfred-Zingler-Str.', '9', 'Schalke-Nord', 'D', 45881, 'Gelsenkirchen', 209, 84016);
INSERT INTO teilnehmer VALUES (1332, 121, 'Herr', 'Helmut', 'Beßling', 'Bechsteinstr.', '189', 'Heßler', 'D', 45883, 'Gelsenkirchen', 209, 3809312);
INSERT INTO teilnehmer VALUES (1333, NULL, 'Frau', 'Helene', 'Flack', 'Romanusstr.', '35', 'Buer', 'D', 45894, 'Gelsenkirchen', 209, 538534);
INSERT INTO teilnehmer VALUES (1334, 42, 'Herr', 'Michael', 'Best Print Offset Thon', 'Karlsbader Str.', '166', NULL, 'D', 36039, 'Fulda', 661, 2970659);
INSERT INTO teilnehmer VALUES (1335, 262, 'Herr', 'Edmund', 'Baltruschat', 'Kirchstr.', '188c', 'Altstadt', 'D', 45879, 'Gelsenkirchen', 209, 6405504);
INSERT INTO teilnehmer VALUES (1336, 119, 'Herr', 'Heinz', 'Melech', 'Kronprinzenstr.', '10', 'Erle', 'D', 45891, 'Gelsenkirchen', 209, 85770);
INSERT INTO teilnehmer VALUES (1337, 79, 'Herr', 'Adolf', 'Czarnetzki', 'Südrand', '96', 'Eppendorf', 'D', 44869, 'Bochum', 2327, 879217);
INSERT INTO teilnehmer VALUES (1338, 48, 'Frau', 'Katharina', 'Bolte', 'Devensstr.', '134', 'Horst', 'D', 45899, 'Gelsenkirchen', 209, 2741845);
INSERT INTO teilnehmer VALUES (1339, 30, 'Frau', 'Simone', 'Drevermann', 'Memeler Str.', '67', 'Rotthausen', 'D', 45884, 'Gelsenkirchen', 209, 787931);
INSERT INTO teilnehmer VALUES (1340, 208, NULL, 'E.', 'Fütterer', 'Goldfinkstr.', '28', 'Stadtwald', 'D', 45134, 'Essen, Ruhr', 201, 476359);
INSERT INTO teilnehmer VALUES (1341, 79, NULL, 'R.-H.', 'Evertz', 'Graffring', '44', NULL, 'D', 44795, 'Bochum', 234, 630334);
INSERT INTO teilnehmer VALUES (1342, 130, 'Herr', 'Friedhelm', 'Deufel', NULL, '81', NULL, 'D', 44, 'Bochum', 2327, 861297);
INSERT INTO teilnehmer VALUES (1343, 201, 'Herr', 'Josefine', 'Fankhauser', 'Haderslebener Str.', '42', 'Innenstadt', 'D', 44789, 'Bochum', 234, 595654);
INSERT INTO teilnehmer VALUES (1344, 207, 'Herr', 'Günter', 'Drewes', 'Krahwinkel', '63', 'Ückendorf', 'D', 45886, 'Gelsenkirchen', 209, 784083);
INSERT INTO teilnehmer VALUES (1345, 177, 'Frau', 'Berta', 'Flöttmann', 'Nollenpad', '33', 'Buer', 'D', 45894, 'Gelsenkirchen', 209, 520576);
INSERT INTO teilnehmer VALUES (1346, 142, 'Herr', 'Erich', 'Bessel GmbH', 'Kurt-Schumacher-Str.', '224', 'Schalke', 'D', 45881, 'Gelsenkirchen', 209, 4095551);
INSERT INTO teilnehmer VALUES (1347, 5, NULL, 'Shinichi', 'Voigt', 'Peter-Roos-Str.', '1', 'Niederkassel', 'D', 40547, 'Düsseldorf', 211, 29924);
INSERT INTO teilnehmer VALUES (1348, 131, 'Frau', 'Ilse', 'Brosch', 'Düsseldorfer Str.', '119', 'Dellviertel', 'D', 47053, 'Duisburg', 203, 2354895);
INSERT INTO teilnehmer VALUES (1349, 52, 'Herr', 'Rainer', 'Dauer', 'Biermannsweg', '91', 'Wiemelhausen', 'D', 44799, 'Bochum', 234, 874718);
INSERT INTO teilnehmer VALUES (1350, 138, 'Frau', 'Nicole', 'Gent', NULL, '25', NULL, 'D', 458, 'Gelsenkirchen', 209, 432068);
INSERT INTO teilnehmer VALUES (1351, 92, NULL, 'J.', 'Denneborg', 'Hesternstr.', '84', 'Eppendorf', 'D', 44869, 'Bochum', 2327, 864308);
INSERT INTO teilnehmer VALUES (1352, 118, 'Herr', 'Franz', 'Kämper', 'Molbergstr.', '14', 'Wanheim-Angerhausen', 'D', 47249, 'Duisburg', 203, 264409);
INSERT INTO teilnehmer VALUES (1353, 220, 'Frau', 'Nadine', 'Schnieders', NULL, '5', NULL, 'D', 44, 'Bochum', 175, 61158);
INSERT INTO teilnehmer VALUES (1354, 104, 'Frau', 'Berta', 'Fischer', 'Westerholter Str.', '35', 'Buer', 'D', 45894, 'Gelsenkirchen', 209, 541746);
INSERT INTO teilnehmer VALUES (1355, 108, 'Herr', 'Reiner', 'Fidut', NULL, '37', NULL, 'D', 40, 'Düsseldorf', 211, 583419);
INSERT INTO teilnehmer VALUES (1356, 201, 'Herr', 'Michael', 'Wenzel', NULL, NULL, NULL, 'D', 40, 'Düsseldorf', 211, 18263);
INSERT INTO teilnehmer VALUES (1357, 110, 'Herr', 'Wolfgang', 'Gase', 'Kurt-Schumacher-Str.', '26', 'Schalke', 'D', 45881, 'Gelsenkirchen', 209, 460978);
INSERT INTO teilnehmer VALUES (1358, 32, 'Frau', 'Ursel', 'Best', 'In der Hönnebecke', '179', 'Höntrop', 'D', 44869, 'Bochum', 2327, 3462536);
INSERT INTO teilnehmer VALUES (1359, NULL, 'Frau', 'Brigitte', 'Gluth', 'Pantaleonstr.', '22', 'Riemke', 'D', 44807, 'Bochum', 234, 395752);
INSERT INTO teilnehmer VALUES (1360, 187, 'Herr', 'Thomas', 'Meis', 'Schongauerstr.', '10', 'Holsterhausen', 'D', 45147, 'Essen, Ruhr', 201, 89444);
INSERT INTO teilnehmer VALUES (1361, 114, 'Herr', 'Günter', 'Menges', 'Liboriusstr.', '10', 'Schalke', 'D', 45881, 'Gelsenkirchen', 209, 85263);
INSERT INTO teilnehmer VALUES (1362, 35, 'Frau', 'Anni', 'Fethi', 'Nordring', '37', 'Buer', 'D', 45894, 'Gelsenkirchen', 209, 585978);
INSERT INTO teilnehmer VALUES (1363, 124, 'Herr', 'Karl-Heinz', 'Emerich', 'Robert-Koch-Str.', '49', 'Altstadt', 'D', 45879, 'Gelsenkirchen', 209, 695699);
INSERT INTO teilnehmer VALUES (1364, 210, 'Herr', 'Jürgen', 'Gäde', 'Im Ostholz', '28', 'Linden', 'D', 44879, 'Bochum', 234, 474153);
INSERT INTO teilnehmer VALUES (1365, 193, 'Herr', 'Ralf', 'Kessler', 'Schönleinstr.', '14', 'Rüttenscheid', 'D', 45131, 'Essen, Ruhr', 201, 236717);
INSERT INTO teilnehmer VALUES (1366, 227, 'Frau', 'Dörte', 'Formann', 'Krahnenburgstr.', '32', 'Lichtenbroich', 'D', 40472, 'Düsseldorf', 211, 504374);
INSERT INTO teilnehmer VALUES (1367, 87, 'Frau', 'Frieda', 'Zipper', 'Glockengarten', NULL, 'Altenbochum', 'D', 44803, 'Bochum', 234, 4890);
INSERT INTO teilnehmer VALUES (1368, 150, 'Herr', 'Heinz', 'Flöthe', 'An den Flachskuhlen', '34', 'Buer', 'D', 45894, 'Gelsenkirchen', 209, 521960);
INSERT INTO teilnehmer VALUES (1369, 252, 'Herr', 'Andreas', 'Rexhäuser', 'Alfred-Messel-Weg', '6', NULL, 'D', 64287, 'Darmstadt', 6151, 70890);
INSERT INTO teilnehmer VALUES (1370, 105, 'Herr', 'Gerhard', 'Falkowski', 'Alsenstr.', '42', 'Innenstadt', 'D', 44789, 'Bochum', 234, 595873);
INSERT INTO teilnehmer VALUES (1371, 114, NULL, 'Jose-Daniel', 'Gengenbacher', 'Kanzlerstr.', '25', 'Heßler', 'D', 45883, 'Gelsenkirchen', 209, 433707);
INSERT INTO teilnehmer VALUES (1372, 252, 'Herr', 'Josef', 'Geske', 'Laurentiusstr.', '23', 'Horst', 'D', 45899, 'Gelsenkirchen', 209, 410160);
INSERT INTO teilnehmer VALUES (1373, 257, 'Herr', 'Gerhard', 'Müller', 'Zum Gremberger Wäldchen', '9', NULL, 'D', 51105, 'Köln', 221, 82497);
INSERT INTO teilnehmer VALUES (1374, 235, 'Herr', 'Gustav', 'Drews', 'Mühlenbruchstr.', '62', 'Neustadt', 'D', 45879, 'Gelsenkirchen', 209, 782864);
INSERT INTO teilnehmer VALUES (1375, 64, 'Herr', 'Günter', 'Feldhausen', 'Mettestr.', '40', 'Altenbochum', 'D', 44803, 'Bochum', 234, 593373);
INSERT INTO teilnehmer VALUES (1376, 148, NULL, '', 'Erb', 'Maischützenstr.', '47', 'Harpen', 'D', 44805, 'Bochum', 234, 680219);
INSERT INTO teilnehmer VALUES (1377, 92, 'Frau', 'Martha', 'Depta', 'Görtzhof', '83', 'Erle', 'D', 45891, 'Gelsenkirchen', 209, 862439);
INSERT INTO teilnehmer VALUES (1378, 72, 'Frau', 'Sonja', 'Ricken', 'Saarbrücker Str.', '6', 'Rotthausen', 'D', 45884, 'Gelsenkirchen', 209, 68133);
INSERT INTO teilnehmer VALUES (1379, 229, 'Herr', 'Udo', 'Best Print Offset Thon', 'Lohackerstr.', '164', 'Westenfeld', 'D', 44867, 'Bochum', 2327, 2970299);
INSERT INTO teilnehmer VALUES (1380, 75, 'Herr', 'Horst', 'Dießner', 'Neue Ringstr.', '79', 'Holzen', 'D', 44267, 'Dortmund', 2304, 854270);
INSERT INTO teilnehmer VALUES (1381, 55, 'Herr', 'Gerhard', 'Best-Hahnke', 'Hochfelder Str.', '158', 'Hochemmerich', 'D', 47226, 'Duisburg', 2065, 2852518);
INSERT INTO teilnehmer VALUES (1382, 234, 'Herr', 'Ulrich', 'Drewek', 'Johanniterstr.', '65', 'Neustadt', 'D', 45879, 'Gelsenkirchen', 209, 785408);
INSERT INTO teilnehmer VALUES (1383, 61, 'Herr', 'Guido', 'Thiel', 'Berliner Str.', '2', 'Westenfeld', 'D', 44867, 'Bochum', 179, 34170);
INSERT INTO teilnehmer VALUES (1384, 245, 'Herr', 'Werner', 'Grewe', 'Auf der Bochumer Landwehr', '18', 'Grumme', 'D', 44791, 'Bochum', 234, 351688);
INSERT INTO teilnehmer VALUES (1385, 26, 'Frau', 'Dora', 'Fiedler', 'Lessenstr.', '37', 'Westerfilde', 'D', 44357, 'Dortmund', 231, 583097);
INSERT INTO teilnehmer VALUES (1386, 90, 'Herr', 'Aribert', 'Dondrup', 'Theodorstr.', '74', 'Bismarck', 'D', 45889, 'Gelsenkirchen', 209, 814898);
INSERT INTO teilnehmer VALUES (1387, 200, 'Frau', 'Gabriele', 'Mekelburg', 'Am Fettingkotten', '10', 'Erle', 'D', 45891, 'Gelsenkirchen', 209, 86428);
INSERT INTO teilnehmer VALUES (1388, 151, 'Herr', 'Klaus', 'Flottau', 'Scheideweg', '34', 'Scholven', 'D', 45896, 'Gelsenkirchen', 209, 521631);
INSERT INTO teilnehmer VALUES (1389, 148, 'Herr', 'Prof. Dr. Klaus', 'Fink', 'Schadowstr.', '36', 'Querenburg', 'D', 44801, 'Bochum', 234, 580737);
INSERT INTO teilnehmer VALUES (1390, 267, 'Herr', 'Wilhelm', 'Gashi', 'Stiftstr.', '26', 'Feldmark', 'D', 45883, 'Gelsenkirchen', 209, 460945);
INSERT INTO teilnehmer VALUES (1391, 178, NULL, 'H.-G.', 'Eckai', NULL, '54', NULL, 'D', 44, 'Bochum', 234, 757886);
INSERT INTO teilnehmer VALUES (1392, 42, 'Herr', 'Boris', 'Vorberg', 'Finkenweg', '1', 'Beckhausen', 'D', 45899, 'Gelsenkirchen', 209, 29066);
INSERT INTO teilnehmer VALUES (1393, NULL, 'Herr', 'August', 'Kornath', 'Selbsthilfeweg', '13', 'Wiemelhausen', 'D', 44799, 'Bochum', 234, 209880);
INSERT INTO teilnehmer VALUES (1394, 59, 'Herr', 'Willi', 'Eckert', 'Gleiwitzstr.', '53', 'Scharnhorst', 'D', 44328, 'Dortmund', 231, 754805);
INSERT INTO teilnehmer VALUES (1395, 1, 'Herr', 'Reinhold', 'Gesatzki', 'Devensstr.', '23', 'Horst', 'D', 45899, 'Gelsenkirchen', 209, 410516);
INSERT INTO teilnehmer VALUES (1396, 157, 'Herr', 'Jochen', 'Kaudelka', 'Haubachstr.', '14', 'Kirchhörde', 'D', 44229, 'Dortmund', 231, 257748);
INSERT INTO teilnehmer VALUES (1397, 83, 'Herr', 'Peter', 'Feustel', 'Brinkgartenstr.', '37', 'Buer', 'D', 45894, 'Gelsenkirchen', 209, 585490);
INSERT INTO teilnehmer VALUES (1398, 252, 'Frau', 'Anna', 'Glöer', 'Dammstr.', '22', 'Freisenbruch', 'D', 45279, 'Essen, Ruhr', 201, 397795);
INSERT INTO teilnehmer VALUES (1399, 104, 'Herr', 'Markus', 'Ziska', 'Lindener Str.', NULL, 'Linden', 'D', 44879, 'Bochum', 234, 4493);
INSERT INTO teilnehmer VALUES (1400, 30, 'Herr', 'Josef', 'Franzen', 'Am Bremkamp', '31', 'Weitmar', 'D', 44795, 'Bochum', 234, 497483);
INSERT INTO teilnehmer VALUES (1401, 256, NULL, 'Michelino', 'Rethers', 'Hagenschießstr.', '7', NULL, 'D', 71299, 'Wimsheim', 7044, 71191);
INSERT INTO teilnehmer VALUES (1402, 176, 'Frau', 'Anja', 'Fabian', 'Eintrachtstr.', '43', 'Wattenscheid', 'D', 44866, 'Bochum', 2327, 598666);
INSERT INTO teilnehmer VALUES (1403, 223, 'Herr', 'Helmut', 'Malzahn', 'Marktstr.', '11', 'Erle', 'D', 45891, 'Gelsenkirchen', 209, 140844);
INSERT INTO teilnehmer VALUES (1404, 274, 'Herr', 'Werner', 'Kortas', 'Karlstr.', '13', 'Erle', 'D', 45891, 'Gelsenkirchen', 209, 209285);
INSERT INTO teilnehmer VALUES (1405, 248, NULL, 'Lenery', 'von Cieminski', 'Juliusstr.', '1', 'Innenstadt', 'D', 44787, 'Bochum', 172, 29432);
INSERT INTO teilnehmer VALUES (1406, 15, 'Herr', 'Leonhard', 'Fortkamp', 'Hörder Bruch', '31', 'Hörde', 'D', 44263, 'Dortmund', 231, 502249);
INSERT INTO teilnehmer VALUES (1407, 24, 'Herr', 'Wolfgang', 'Kremski', 'Schönleinstr.', '13', 'Rüttenscheid', 'D', 45131, 'Essen, Ruhr', 201, 207252);
INSERT INTO teilnehmer VALUES (1408, 74, 'Frau', 'Christa', 'Dix', 'Brauhof', '76', 'Wattenscheid', 'D', 44866, 'Bochum', 2327, 832434);
INSERT INTO teilnehmer VALUES (1409, 11, 'Frau', 'Marion', 'Reisach', 'Hügelstr.', '7', 'Neviges', 'D', 42553, 'Velbert', 2053, 71609);
INSERT INTO teilnehmer VALUES (1410, 97, 'Herr', 'Hans', 'Kreutz', 'Darler Heide', '13', 'Erle', 'D', 45891, 'Gelsenkirchen', 209, 206537);
INSERT INTO teilnehmer VALUES (1411, 128, 'Herr', 'Johanna', 'Domnick', 'Deichstr.', '74', 'Bismarck', 'D', 45889, 'Gelsenkirchen', 209, 815994);
INSERT INTO teilnehmer VALUES (1412, 160, 'Frau', 'Gisela', 'Choroba', 'Oberfeldinger Str.', '111', 'Hassel', 'D', 45896, 'Gelsenkirchen', 209, 1475564);
INSERT INTO teilnehmer VALUES (1413, NULL, 'Herr', 'Klaus', 'Dauschek', 'Lange Schulstr.', '90', NULL, 'D', 31073, 'Grünenplan, Flecken Delligsen', 5187, 873432);
INSERT INTO teilnehmer VALUES (1414, 8, 'Herr', 'Helmut', 'Arndt', 'Dammbleiche', '49a', NULL, 'D', 26135, 'Oldenburg, Oldb', 441, 8008687);
INSERT INTO teilnehmer VALUES (1415, 49, 'Herr', 'Friedrich', 'Schlömer', 'Im Heicken', '5', 'Wiemelhausen', 'D', 44789, 'Bochum', 172, 64239);
INSERT INTO teilnehmer VALUES (1416, 212, 'Frau', 'Claudia', 'Nötzold', 'Castroper Hellweg', '8', 'Gerthe', 'D', 44805, 'Bochum', 234, 77659);
INSERT INTO teilnehmer VALUES (1417, 227, 'Frau', 'Brigitte', 'Emde', 'Heilermannstr.', '49', 'Südostviertel', 'D', 45138, 'Essen, Ruhr', 201, 701625);
INSERT INTO teilnehmer VALUES (1418, 158, 'Frau', 'Elsa', 'Förster', 'Sankt-Georg-Str.', '32', NULL, 'D', 44263, 'Dortmund', 231, 503400);
INSERT INTO teilnehmer VALUES (1419, 90, 'Frau', 'Marie', 'Drewer', 'Ückendorfer Str.', '64', 'Ückendorf', 'D', 45886, 'Gelsenkirchen', 209, 784678);
INSERT INTO teilnehmer VALUES (1420, 258, 'Frau', 'Edith', 'Gerhard', 'Lerchenweg', '24', 'Grumme', 'D', 44807, 'Bochum', 234, 421726);
INSERT INTO teilnehmer VALUES (1421, 268, 'Frau', 'Marion', 'Porz', 'Plutostr.', '7', 'Bulmke-Hüllen', 'D', 45888, 'Gelsenkirchen', 209, 74280);
INSERT INTO teilnehmer VALUES (1422, 4, 'Herr', 'Stefan', 'Isermann', 'Richardstr.', '16', 'Hamme', 'D', 44809, 'Bochum', 234, 274195);
INSERT INTO teilnehmer VALUES (1423, 19, 'Frau', 'Waltraud', 'Güttler', 'Schüngelbergstr.', '18', 'Buer', 'D', 45897, 'Gelsenkirchen', 209, 335862);
INSERT INTO teilnehmer VALUES (1424, 106, NULL, 'C.', 'Fust', 'Sundernholz', '28', 'Stadtwald', 'D', 45134, 'Essen, Ruhr', 201, 482265);
INSERT INTO teilnehmer VALUES (1425, 77, 'Herr', 'Rudolf', 'Nonn', 'Dietrich-Benking-Str.', '8', 'Hiltrop', 'D', 44805, 'Bochum', 234, 77736);
INSERT INTO teilnehmer VALUES (1426, 239, 'Herr', 'Thomas', 'Finke', 'Steinkuhlstr.', '36', 'Wiemelhausen', 'D', 44799, 'Bochum', 234, 579885);
INSERT INTO teilnehmer VALUES (1427, 55, 'Herr', 'Erich', 'Hausberg', 'Beckeradsdelle', '17', 'Buer', 'D', 45897, 'Gelsenkirchen', 209, 320769);
INSERT INTO teilnehmer VALUES (1428, 148, NULL, '', 'Krahe', 'Brenscheder Str.', '13', 'Wiemelhausen', 'D', 44799, 'Bochum', 234, 207886);
INSERT INTO teilnehmer VALUES (1429, 15, 'Herr', 'Thomas', 'Staudt', 'Am Schäperskotten', '3', 'Erle', 'D', 45891, 'Gelsenkirchen', 177, 51679);
INSERT INTO teilnehmer VALUES (1430, 91, 'Frau', 'Elfriede', 'Gantenberg', 'Dr.-C.-Otto-Str.', '27', 'Dahlhausen', 'D', 44879, 'Bochum', 234, 470922);
INSERT INTO teilnehmer VALUES (1431, 21, 'Frau', 'Monika', 'Wiemeier', 'Surkampstr.', NULL, 'Erle', 'D', 45891, 'Gelsenkirchen', 209, 15533);
INSERT INTO teilnehmer VALUES (1432, 150, 'Frau', 'Hildegard', 'Dressler', 'Elisabethstr.', '69', 'Wattenscheid', 'D', 44866, 'Bochum', 2327, 795161);
INSERT INTO teilnehmer VALUES (1433, 13, 'Herr', 'Klaus', 'Hempel', 'Wiebringhausstr.', '17', 'Hassel', 'D', 45896, 'Gelsenkirchen', 209, 295946);
INSERT INTO teilnehmer VALUES (1434, 170, 'Herr', 'Wilhelm', 'Müller', 'Steigwiesen', '9', NULL, 'D', 90475, 'Nürnberg, Mittelfr', 911, 82546);
INSERT INTO teilnehmer VALUES (1435, 41, 'Frau', 'Margarete', 'Gabel', 'Karl-Friedrich-Str.', '28', 'Weitmar', 'D', 44795, 'Bochum', 234, 475017);
INSERT INTO teilnehmer VALUES (1436, NULL, 'Herr', 'Michael', 'Schmidt', NULL, '5', NULL, 'D', 40, 'Düsseldorf', 177, 62258);
INSERT INTO teilnehmer VALUES (1437, 116, NULL, 'R.', 'Zimmer', 'Paulsborner Str.', NULL, NULL, 'D', 10709, 'Berlin', 30, 6839);
INSERT INTO teilnehmer VALUES (1438, 184, 'Frau', 'Erika', 'Garus', NULL, '26', NULL, 'D', 44, 'Bochum', 234, 461494);
INSERT INTO teilnehmer VALUES (1439, 168, 'Herr', 'Gerhard', 'Bessert', 'Hoffmannstr.', '197', 'Heßler', 'D', 45883, 'Gelsenkirchen', 209, 3848615);
INSERT INTO teilnehmer VALUES (1440, 42, 'Frau', 'Katerine', 'Gertz', 'Hildegardstr.', '23', 'Hamme', 'D', 44809, 'Bochum', 234, 410634);
INSERT INTO teilnehmer VALUES (1441, 44, 'Herr', 'Carsten', 'Werske', 'Schellstr.', NULL, 'Stadtwald', 'D', 45134, 'Essen, Ruhr', 171, 17321);
INSERT INTO teilnehmer VALUES (1442, 157, 'Herr', 'Martin', 'Schloemer', 'Wanner Str.', '5', 'Bulmke-Hüllen', 'D', 45888, 'Gelsenkirchen', 177, 64724);
INSERT INTO teilnehmer VALUES (1443, 223, 'Herr', 'Franz', 'Winter', 'Tattenbachstr.', NULL, NULL, 'D', 86179, 'Augsburg, Bay', 821, 12908);
INSERT INTO teilnehmer VALUES (1444, 82, NULL, 'E.', 'Cupok', 'Wirknerstr.', '102', 'Erle', 'D', 45891, 'Gelsenkirchen', 209, 897779);
INSERT INTO teilnehmer VALUES (1445, 166, 'Frau', 'Maria', 'Otterbein', 'Ravenbusch', '8', 'Bulmke-Hüllen', 'D', 45888, 'Gelsenkirchen', 209, 76957);
INSERT INTO teilnehmer VALUES (1446, 269, 'Herr', 'Kurt', 'Manik', 'Heistr.', '11', 'Erle', 'D', 45891, 'Gelsenkirchen', 209, 140677);
INSERT INTO teilnehmer VALUES (1447, 47, 'Herr', 'Raimund', 'Gerding', 'Castroper Str.', '24', 'Innenstadt', 'D', 44791, 'Bochum', 234, 429120);
INSERT INTO teilnehmer VALUES (1448, NULL, NULL, 'P.', 'Duch', NULL, '56', NULL, 'D', 458, 'Gelsenkirchen', 209, 770624);
INSERT INTO teilnehmer VALUES (1449, 270, 'Herr', 'Heinz', 'Dudziak', 'Schevenstr.', '55', 'Neustadt', 'D', 45879, 'Gelsenkirchen', 209, 770383);

--
-- Tabelle Dozent
--------------------------------------------------
DROP TABLE dozent;
CREATE TABLE dozent
("D_NR" NUMBER(4) NOT NULL, 
 "D_ANREDE" VARCHAR2(5),
 "D_VORNAME" VARCHAR2(20), 
 "D_NACHNAME" VARCHAR2(30),
 "D_STRASSE" VARCHAR2(40), 
 "D_HAUSNR" VARCHAR2(5),
 "D_STADTTEIL" VARCHAR2(30), 
 "D_LAND" VARCHAR2(2),
 "D_PLZ" NUMBER(5),
 "D_STADT" VARCHAR2(30),
 "D_VORWAHL" NUMBER(10),
 "D_TELNR" NUMBER(10),
  PRIMARY KEY("D_NR"))  
  TABLESPACE "STUDENTEN";
--------------------------------------------------
-- Daten Tabelle DOzent
--
INSERT INTO dozent VALUES (1, 'Frau', 'Birte', 'Sonnenschein', 'Charlottenhofstr.', '29', 'Kettwig', 'D', 45219, 'Essen, Ruhr', 2054, 203610);
INSERT INTO dozent VALUES (2, 'Frau', 'Susanne', 'Rollstein', 'Elsenpaß', '26', 'Lowick', 'D', 46395, 'Bocholt', 2871, 335970);
INSERT INTO dozent VALUES (3, 'Herr', 'Martin', 'Dünn', 'Deichstr.', '23', NULL, 'D', 46414, 'Rhede, Westf', 2872, 491473);
INSERT INTO dozent VALUES (4, 'Herr', 'Holger', 'Schnellschuss', 'Alte Ellinghauser Str.', '23', 'Lindenhorst', 'D', 44339, 'Dortmund', 231, 492637);
INSERT INTO dozent VALUES (5, 'Herr', 'Stefan', 'Erdbau', 'Herkener Str.', '22', NULL, 'D', 46419, 'Isselburg', 2874, 501970);
INSERT INTO dozent VALUES (6, 'Herr', 'Ralf', 'Hostell', 'Rotthauser Str.', '20', 'Rotthausen', 'D', 45884, 'Gelsenkirchen', 209, 2333);
INSERT INTO dozent VALUES (7, 'Herr', 'Lars', 'Klapp', 'Lohbergstr.', '5', 'Innenstadt', 'D', 44789, 'Bochum', 234, 9593);
INSERT INTO dozent VALUES (8, 'Frau', 'Anja', 'Doppelt', 'Ratiborer Str.', '6', 'Weitmar', 'D', 44795, 'Bochum', 234, 20509);
INSERT INTO dozent VALUES (9, 'Herr', 'Reinhard', 'Bergluft', 'Dr.-C.-Otto-Str.', '13', 'Dahlhausen', 'D', 44879, 'Bochum', 234, 21534);
INSERT INTO dozent VALUES (10, 'Herr', 'Marco', 'Scheffchen', 'Alter Zoll', '14', 'Höntrop', 'D', 44867, 'Bochum', 2327, 851873);
INSERT INTO dozent VALUES (11, 'Frau', 'Marcus', 'Bodensee', 'Rappaportstr.', '206', NULL, 'D', 45768, 'Marl, Westf', 2365, 3191628);
INSERT INTO dozent VALUES (12, 'Herr', 'Dirk', 'Still', 'Brückstr.', '2a', 'Innenstadt', 'D', 44787, 'Bochum', 234, 3387881);
INSERT INTO dozent VALUES (13, 'Herr', 'Markus', 'Bärchen', 'Woorteweg', '37a', NULL, 'D', 46354, 'Südlohn', 2862, 4629325);
INSERT INTO dozent VALUES (14, 'Herr', 'Nils', 'Latz', 'Spanenkamp', '137', 'Stuckenbusch', 'D', 45659, 'Recklinghausen, Westf', 2361, 9501153);
INSERT INTO dozent VALUES (15, 'Frau', 'Kristina', 'Gelddreh', 'Humboldtring', '88', 'Heißen-Fulerum', 'D', 45472, 'Mülheim an der Ruhr', 208, 29326);
INSERT INTO dozent VALUES (16, 'Herr', 'Markus', 'Feder', 'Castroper Str.', '85', 'Börnig', 'D', 44628, 'Herne, Westf', 2323, 53490);
INSERT INTO dozent VALUES (17, 'Herr', 'Thomas', 'Gold', 'Dinslakener Landstr.', '81', NULL, 'D', 46483, 'Wesel a Rhein', 281, 62515);
INSERT INTO dozent VALUES (18, 'Herr', 'Mischa', 'Fingerflink', 'Heggerstr.', '56', NULL, 'D', 45525, 'Hattingen, Ruhr', 2324, 80488);
INSERT INTO dozent VALUES (19, 'Herr', 'Christian', 'Ordinarius', 'Marktstr.', '45', 'Altstadt-Süd', 'D', 46045, 'Oberhausen, Rheinl', 208, 139568);
INSERT INTO dozent VALUES (20, 'Herr', 'Anton', 'Ebenhof', 'Leipziger Str.', '32', NULL, 'D', 42579, 'Heiligenhaus b Velbert', 2056, 181513);

-- Tabelle Themenverteilung
DROP TABLE themenverteilung;
CREATE TABLE themenverteilung
("TH_NR" NUMBER(4) NOT NULL,
 "D_NR" NUMBER(4) NOT NULL,
 "K_NR" NUMBER(7) NOT NULL, 
 "TH_TAGESSATZ" NUMBER(6, 2) NOT NULL,
 PRIMARY KEY("TH_NR"), 
 FOREIGN KEY("D_NR") 
  REFERENCES dozent("D_NR"),
 FOREIGN KEY("K_NR") 
  REFERENCES kurs("K_NR"))  
 TABLESPACE "STUDENTEN";

-- Daten Tabelle Themenverteilung

INSERT INTO themenverteilung VALUES (1, 6, 1010004, 350.00);
INSERT INTO themenverteilung VALUES (2, 18, 1010004, 360.00);
INSERT INTO themenverteilung VALUES (3, 7, 1010005, 400.00);
INSERT INTO themenverteilung VALUES (4, 2, 1010006, 350.00);
INSERT INTO themenverteilung VALUES (5, 18, 1010006, 370.00);
INSERT INTO themenverteilung VALUES (6, 13, 1010007, 350.00);
INSERT INTO themenverteilung VALUES (7, 13, 1010008, 350.00);
INSERT INTO themenverteilung VALUES (8, 7, 1010009, 400.00);
INSERT INTO themenverteilung VALUES (9, 13, 1010010, 350.00);
INSERT INTO themenverteilung VALUES (10, 13, 1010011, 350.00);
INSERT INTO themenverteilung VALUES (11, 7, 1010074, 350.00);
INSERT INTO themenverteilung VALUES (12, 10, 1010077, 420.00);
INSERT INTO themenverteilung VALUES (13, 10, 1010078, 520.00);
INSERT INTO themenverteilung VALUES (14, 2, 1010079, 400.00);
INSERT INTO themenverteilung VALUES (15, 2, 1010084, 400.00);
INSERT INTO themenverteilung VALUES (16, 4, 1015024, 500.00);
INSERT INTO themenverteilung VALUES (17, 3, 1015025, 400.00);
INSERT INTO themenverteilung VALUES (18, 17, 1015025, 570.00);
INSERT INTO themenverteilung VALUES (19, 20, 1015025, 560.00);
INSERT INTO themenverteilung VALUES (20, 8, 1015026, 450.00);
INSERT INTO themenverteilung VALUES (21, 17, 1015026, 500.00);
INSERT INTO themenverteilung VALUES (22, 5, 1015027, 500.00);
INSERT INTO themenverteilung VALUES (23, 20, 1015027, 510.00);
INSERT INTO themenverteilung VALUES (24, 5, 1015028, 500.00);
INSERT INTO themenverteilung VALUES (25, 20, 1015028, 510.00);
INSERT INTO themenverteilung VALUES (26, 5, 1015029, 500.00);
INSERT INTO themenverteilung VALUES (27, 20, 1015029, 510.00);
INSERT INTO themenverteilung VALUES (28, 15, 1015030, 450.00);
INSERT INTO themenverteilung VALUES (29, 3, 1015031, 550.00);
INSERT INTO themenverteilung VALUES (30, 17, 1015031, 570.00);
INSERT INTO themenverteilung VALUES (31, 20, 1015031, 550.00);
INSERT INTO themenverteilung VALUES (32, 5, 1015032, 500.00);
INSERT INTO themenverteilung VALUES (33, 20, 1015032, 510.00);
INSERT INTO themenverteilung VALUES (34, 5, 1015033, 500.00);
INSERT INTO themenverteilung VALUES (35, 20, 1015033, 510.00);
INSERT INTO themenverteilung VALUES (36, 3, 1015034, 550.00);
INSERT INTO themenverteilung VALUES (37, 17, 1015034, 570.00);
INSERT INTO themenverteilung VALUES (38, 20, 1015034, 550.00);
INSERT INTO themenverteilung VALUES (39, 9, 1015035, 560.00);
INSERT INTO themenverteilung VALUES (40, 3, 1015036, 550.00);
INSERT INTO themenverteilung VALUES (41, 17, 1015036, 570.00);
INSERT INTO themenverteilung VALUES (42, 20, 1015036, 560.00);
INSERT INTO themenverteilung VALUES (43, 8, 1015037, 450.00);
INSERT INTO themenverteilung VALUES (44, 17, 1015037, 500.00);
INSERT INTO themenverteilung VALUES (45, 3, 1015038, 550.00);
INSERT INTO themenverteilung VALUES (46, 17, 1015038, 570.00);
INSERT INTO themenverteilung VALUES (47, 20, 1015038, 560.00);
INSERT INTO themenverteilung VALUES (48, 2, 1015040, 500.00);
INSERT INTO themenverteilung VALUES (49, 18, 1015040, 510.00);
INSERT INTO themenverteilung VALUES (50, 4, 1015041, 500.00);
INSERT INTO themenverteilung VALUES (51, 2, 1015042, 500.00);
INSERT INTO themenverteilung VALUES (52, 18, 1015042, 510.00);
INSERT INTO themenverteilung VALUES (53, 4, 1015043, 500.00);
INSERT INTO themenverteilung VALUES (54, 17, 1015043, 520.00);
INSERT INTO themenverteilung VALUES (55, 4, 1015044, 500.00);
INSERT INTO themenverteilung VALUES (56, 17, 1015044, 520.00);
INSERT INTO themenverteilung VALUES (57, 1, 1015064, 450.00);
INSERT INTO themenverteilung VALUES (58, 19, 1015064, 490.00);
INSERT INTO themenverteilung VALUES (59, 19, 1015064, 470.00);
INSERT INTO themenverteilung VALUES (60, 1, 1015065, 450.00);
INSERT INTO themenverteilung VALUES (61, 19, 1015065, 490.00);
INSERT INTO themenverteilung VALUES (62, 1, 1015066, 450.00);
INSERT INTO themenverteilung VALUES (63, 19, 1015066, 490.00);
INSERT INTO themenverteilung VALUES (64, 3, 1015067, 550.00);
INSERT INTO themenverteilung VALUES (65, 17, 1015067, 570.00);
INSERT INTO themenverteilung VALUES (66, 20, 1015067, 560.00);
INSERT INTO themenverteilung VALUES (67, 4, 1015068, 500.00);
INSERT INTO themenverteilung VALUES (68, 17, 1015068, 520.00);
INSERT INTO themenverteilung VALUES (69, 6, 1020052, 300.00);
INSERT INTO themenverteilung VALUES (70, 18, 1020052, 400.00);
INSERT INTO themenverteilung VALUES (71, 6, 1020052, 350.00);
INSERT INTO themenverteilung VALUES (72, 3, 1020052, 380.00);
INSERT INTO themenverteilung VALUES (73, 4, 1020052, 390.00);
INSERT INTO themenverteilung VALUES (74, 6, 1020053, 350.00);
INSERT INTO themenverteilung VALUES (75, 18, 1020053, 380.00);
INSERT INTO themenverteilung VALUES (76, 6, 1020054, 350.00);
INSERT INTO themenverteilung VALUES (77, 6, 1020055, 400.00);
INSERT INTO themenverteilung VALUES (78, 18, 1020055, 380.00);
INSERT INTO themenverteilung VALUES (79, 6, 1020056, 350.00);
INSERT INTO themenverteilung VALUES (80, 6, 1020057, 350.00);
INSERT INTO themenverteilung VALUES (81, 3, 1020058, 350.00);
INSERT INTO themenverteilung VALUES (82, 17, 1020058, 400.00);
INSERT INTO themenverteilung VALUES (83, 20, 1020058, 380.00);
INSERT INTO themenverteilung VALUES (84, 6, 1020059, 350.00);
INSERT INTO themenverteilung VALUES (85, 18, 1020059, 380.00);
INSERT INTO themenverteilung VALUES (86, 1, 1025012, 350.00);
INSERT INTO themenverteilung VALUES (87, 19, 1025012, 360.00);
INSERT INTO themenverteilung VALUES (88, 1, 1025013, 300.00);
INSERT INTO themenverteilung VALUES (89, 19, 1025013, 320.00);
INSERT INTO themenverteilung VALUES (90, 1, 1025014, 300.00);
INSERT INTO themenverteilung VALUES (91, 19, 1025014, 300.00);
INSERT INTO themenverteilung VALUES (92, 1, 1025015, 350.00);
INSERT INTO themenverteilung VALUES (93, 19, 1025015, 340.00);
INSERT INTO themenverteilung VALUES (94, 1, 1025017, 400.00);
INSERT INTO themenverteilung VALUES (95, 19, 1025017, 420.00);
INSERT INTO themenverteilung VALUES (96, 16, 1025017, 430.00);
INSERT INTO themenverteilung VALUES (97, 1, 1025018, 400.00);
INSERT INTO themenverteilung VALUES (98, 19, 1025018, 420.00);
INSERT INTO themenverteilung VALUES (99, 16, 1025018, 430.00);
INSERT INTO themenverteilung VALUES (100, 1, 1025019, 400.00);
INSERT INTO themenverteilung VALUES (101, 19, 1025019, 420.00);
INSERT INTO themenverteilung VALUES (102, 16, 1025019, 430.00);
INSERT INTO themenverteilung VALUES (103, 1, 1025020, 300.00);
INSERT INTO themenverteilung VALUES (104, 19, 1025020, 320.00);
INSERT INTO themenverteilung VALUES (105, 14, 1025021, 450.00);
INSERT INTO themenverteilung VALUES (106, 13, 1025022, 350.00);
INSERT INTO themenverteilung VALUES (107, 3, 1025039, 500.00);
INSERT INTO themenverteilung VALUES (108, 16, 1025039, 550.00);
INSERT INTO themenverteilung VALUES (109, 20, 1025039, 560.00);
INSERT INTO themenverteilung VALUES (110, 5, 1025039, 510.00);
INSERT INTO themenverteilung VALUES (111, 4, 1025039, 490.00);
INSERT INTO themenverteilung VALUES (112, 8, 1025039, 500.00);
INSERT INTO themenverteilung VALUES (113, 1, 1025039, 480.00);
INSERT INTO themenverteilung VALUES (114, 12, 1025047, 480.00);
INSERT INTO themenverteilung VALUES (115, 12, 1025048, 480.00);
INSERT INTO themenverteilung VALUES (116, 16, 1025048, 490.00);
INSERT INTO themenverteilung VALUES (117, 3, 1025051, 550.00);
INSERT INTO themenverteilung VALUES (118, 16, 1025051, 540.00);
INSERT INTO themenverteilung VALUES (119, 20, 1025051, 560.00);
INSERT INTO themenverteilung VALUES (120, 3, 1025061, 550.00);
INSERT INTO themenverteilung VALUES (121, 16, 1025061, 540.00);
INSERT INTO themenverteilung VALUES (122, 20, 1025061, 560.00);
INSERT INTO themenverteilung VALUES (123, 1, 1025062, 400.00);
INSERT INTO themenverteilung VALUES (124, 19, 1025062, 430.00);
INSERT INTO themenverteilung VALUES (125, 3, 1025063, 550.00);
INSERT INTO themenverteilung VALUES (126, 16, 1025063, 540.00);
INSERT INTO themenverteilung VALUES (127, 20, 1025063, 560.00);
INSERT INTO themenverteilung VALUES (128, 3, 1025071, 550.00);
INSERT INTO themenverteilung VALUES (129, 16, 1025071, 540.00);
INSERT INTO themenverteilung VALUES (130, 20, 1025071, 560.00);
INSERT INTO themenverteilung VALUES (131, 3, 1025072, 550.00);
INSERT INTO themenverteilung VALUES (132, 16, 1025072, 540.00);
INSERT INTO themenverteilung VALUES (133, 20, 1025072, 560.00);
INSERT INTO themenverteilung VALUES (134, 3, 1025073, 550.00);
INSERT INTO themenverteilung VALUES (135, 16, 1025073, 540.00);
INSERT INTO themenverteilung VALUES (136, 20, 1025073, 560.00);
INSERT INTO themenverteilung VALUES (137, 13, 1025075, 350.00);
INSERT INTO themenverteilung VALUES (138, 19, 1025075, 360.00);
INSERT INTO themenverteilung VALUES (139, 13, 1025080, 350.00);
INSERT INTO themenverteilung VALUES (140, 1, 1025081, 350.00);
INSERT INTO themenverteilung VALUES (141, 19, 1025081, 320.00);
INSERT INTO themenverteilung VALUES (142, 1, 1025082, 350.00);
INSERT INTO themenverteilung VALUES (143, 19, 1025082, 320.00);
INSERT INTO themenverteilung VALUES (144, 1, 1025083, 350.00);
INSERT INTO themenverteilung VALUES (145, 19, 1025083, 320.00);
INSERT INTO themenverteilung VALUES (146, 12, 1030045, 500.00);
INSERT INTO themenverteilung VALUES (147, 4, 1030048, 450.00);
INSERT INTO themenverteilung VALUES (148, 16, 1030048, 540.00);
INSERT INTO themenverteilung VALUES (149, 12, 1030049, 500.00);
INSERT INTO themenverteilung VALUES (150, 11, 1030050, 500.00);
INSERT INTO themenverteilung VALUES (151, 3, 1030073, 550.00);
INSERT INTO themenverteilung VALUES (152, 17, 1030073, 570.00);
INSERT INTO themenverteilung VALUES (153, 20, 1030073, 560.00);
INSERT INTO themenverteilung VALUES (154, 1, 1040016, 400.00);
INSERT INTO themenverteilung VALUES (155, 19, 1040016, 340.00);
INSERT INTO themenverteilung VALUES (156, 1, 1040023, 350.00);
INSERT INTO themenverteilung VALUES (157, 19, 1040023, 370.00);
INSERT INTO themenverteilung VALUES (158, 1, 1040060, 400.00);
INSERT INTO themenverteilung VALUES (159, 19, 1040060, 410.00);
INSERT INTO themenverteilung VALUES (160, 1, 1040069, 400.00);
INSERT INTO themenverteilung VALUES (161, 19, 1040069, 450.00);
INSERT INTO themenverteilung VALUES (162, 16, 1040069, 430.00);
INSERT INTO themenverteilung VALUES (163, 1, 1040070, 400.00);
INSERT INTO themenverteilung VALUES (164, 19, 1040070, 350.00);
INSERT INTO themenverteilung VALUES (165, 1, 1040076, 450.00);
INSERT INTO themenverteilung VALUES (166, 19, 1040076, 450.00);

-- Tabelle Buchung
DROP TABLE buchung;
CREATE TABLE buchung (
 "B_NR" NUMBER( 6 ) NOT NULL ,
 "TN_NR" NUMBER( 4 ) ,
 "T_NR" NUMBER( 4 ) ,
 "B_DATUM" DATE,
 "B_TZAHL" NUMBER(1),
 "B_PREIS" NUMBER( 10, 2 ) ,
 "B_NRANMELDER" NUMBER( 5 ) ,
 "B_STORNODATUM" DATE,
 "B_STORNOGEBUEHR" NUMBER(10,2),
  PRIMARY KEY ( "B_NR" ),
  FOREIGN KEY("TN_NR") 
  REFERENCES teilnehmer("TN_NR"),
  FOREIGN KEY("T_NR") 
  REFERENCES termin("T_NR"))
 TABLESPACE "STUDENTEN";

-----------------